2026-04-14 13:33:32 +0000  Initial pipeline context: <IDEDistributionProcessingPipelineContext: 0x7992ab000; archive(resolved)="<IDEArchive: 0x7bf3ea300>", distributionTask(resolved)="2", distributionDestination(resolved)="1", distributionMethod(resolved)="<IDEDistributionMethodiOSAdHoc: 0x7bb7adf10>", team(resolved)="<IDEProvisioningDisambiguatableBasicTeam: 0x7ae179780; teamID='GXW5YSU35M', teamName='iVoox Global Podcasting Service SL', teamType='Company', username='carlos@digio.es', isFreeProvisioningTeam='0'>">
	Chain (15, self inclusive):
	<IDEDistributionProcessingPipelineContext: 0x7992ab000; archive = "<IDEArchive: 0x7bf3ea300>", distributionMethod="<IDEDistributionMethodiOSAdHoc: 0x7bb7adf10>", team="<IDEProvisioningDisambiguatableBasicTeam: 0x7ae179780; teamID='GXW5YSU35M', teamName='iVoox Global Podcasting Service SL', teamType='Company', username='carlos@digio.es', isFreeProvisioningTeam='0'>">
	<IDEDistributionProcessingPipelineContext: 0x79da11b00; archive = "<IDEArchive: 0x7bf3ea300>", distributionMethod="<IDEDistributionMethodiOSAdHoc: 0x7bb7adf10>", team="<IDEProvisioningDisambiguatableBasicTeam: 0x7ae179780; teamID='GXW5YSU35M', teamName='iVoox Global Podcasting Service SL', teamType='Company', username='carlos@digio.es', isFreeProvisioningTeam='0'>">
	<IDEDistributionContext: 0x7c6461680; archive = "<IDEArchive: 0x7bf3ea300>", distributionMethod="<IDEDistributionMethodiOSAdHoc: 0x7bb7adf10>", team="<IDEProvisioningDisambiguatableBasicTeam: 0x7ae179780; teamID='GXW5YSU35M', teamName='iVoox Global Podcasting Service SL', teamType='Company', username='carlos@digio.es', isFreeProvisioningTeam='0'>">
	<IDEDistributionContext: 0x7c48c4000; archive = "<IDEArchive: 0x7bf3ea300>", distributionMethod="<IDEDistributionMethodiOSAdHoc: 0x7bb7adf10>", team="<IDEProvisioningDisambiguatableBasicTeam: 0x7ae179780; teamID='GXW5YSU35M', teamName='iVoox Global Podcasting Service SL', teamType='Company', username='carlos@digio.es', isFreeProvisioningTeam='0'>">
	<IDEDistributionContext: 0x7c48c5900; archive = "<IDEArchive: 0x7bf3ea300>", distributionMethod="<IDEDistributionMethodiOSAdHoc: 0x7bb7adf10>", team="<IDEProvisioningDisambiguatableBasicTeam: 0x7ae179780; teamID='GXW5YSU35M', teamName='iVoox Global Podcasting Service SL', teamType='Company', username='carlos@digio.es', isFreeProvisioningTeam='0'>">
	<IDEDistributionContext: 0x7bf456300; archive = "<IDEArchive: 0x7bf3ea300>", distributionMethod="<IDEDistributionMethodiOSAdHoc: 0x7bb7adf10>", team="<IDEProvisioningDisambiguatableBasicTeam: 0x7ae179780; teamID='GXW5YSU35M', teamName='iVoox Global Podcasting Service SL', teamType='Company', username='carlos@digio.es', isFreeProvisioningTeam='0'>">
	<IDEDistributionContext: 0x7c4e81400; archive = "<IDEArchive: 0x7bf3ea300>", distributionMethod="<IDEDistributionMethodiOSAdHoc: 0x7bb7adf10>", team="<IDEProvisioningDisambiguatableBasicTeam: 0x7ae179780; teamID='GXW5YSU35M', teamName='iVoox Global Podcasting Service SL', teamType='Company', username='carlos@digio.es', isFreeProvisioningTeam='0'>">
	<IDEDistributionContext: 0x7c4e81180; archive = "<IDEArchive: 0x7bf3ea300>", distributionMethod="<IDEDistributionMethodiOSAdHoc: 0x7bb7adf10>", team="<IDEProvisioningDisambiguatableBasicTeam: 0x7ae179780; teamID='GXW5YSU35M', teamName='iVoox Global Podcasting Service SL', teamType='Company', username='carlos@digio.es', isFreeProvisioningTeam='0'>">
	<IDEDistributionContext: 0x7c4e80c80; archive = "<IDEArchive: 0x7bf3ea300>", distributionMethod="<IDEDistributionMethodiOSAdHoc: 0x7bb7adf10>", team="<IDEProvisioningDisambiguatableBasicTeam: 0x7ae179780; teamID='GXW5YSU35M', teamName='iVoox Global Podcasting Service SL', teamType='Company', username='carlos@digio.es', isFreeProvisioningTeam='0'>">
	<IDEDistributionContext: 0x7c4e80a00; archive = "<IDEArchive: 0x7bf3ea300>", distributionMethod="<IDEDistributionMethodiOSAdHoc: 0x7bb7adf10>", team="(null)">
	<IDEDistributionContext: 0x7c4e80780; archive = "<IDEArchive: 0x7bf3ea300>", distributionMethod="<IDEDistributionMethodiOSAdHoc: 0x7bb7adf10>", team="(null)">
	<IDEDistributionContext: 0x7c4e80500; archive = "<IDEArchive: 0x7bf3ea300>", distributionMethod="<IDEDistributionMethodiOSAdHoc: 0x7bb7adf10>", team="(null)">
	<IDEDistributionContext: 0x7c48c4280; archive = "<IDEArchive: 0x7bf3ea300>", distributionMethod="<IDEDistributionMethodiOSAdHoc: 0x7bb7adf10>", team="(null)">
	<IDEDistributionContext: 0x7c41af480; archive = "<IDEArchive: 0x7bf3ea300>", distributionMethod="(null)", team="(null)">
	<IDEDistributionContext: 0x7c41af700; archive = "<IDEArchive: 0x7bf3ea300>", distributionMethod="(null)", team="(null)">
</IDEDistributionProcessingPipelineContext: 0x7992ab000>
2026-04-14 13:33:32 +0000  Processing step: IDEDistributionCreateDestRootStep
2026-04-14 13:33:32 +0000  Processing step: IDEDistributionCopyItemStep
2026-04-14 13:33:32 +0000  Running /usr/bin/ditto '-V' '/Users/clseva/Library/Developer/Xcode/Archives/2026-04-14/iVooxApp 14-04-2026, 15.25.xcarchive/Products/Applications/ivooxNew.app' '/var/folders/8p/5rgt27mj0jdb7dcpxdl3t5p80000gn/T/XcodeDistPipeline.~~~jGsUBi/Root/Payload/ivooxNew.app'
2026-04-14 13:33:32 +0000  >>> Copying /Users/clseva/Library/Developer/Xcode/Archives/2026-04-14/iVooxApp 14-04-2026, 15.25.xcarchive/Products/Applications/ivooxNew.app 
2026-04-14 13:33:32 +0000  copying file ./LoginPassRecoveryActionsView.nib ... 
2026-04-14 13:33:32 +0000  3633 bytes for ./LoginPassRecoveryActionsView.nib
2026-04-14 13:33:32 +0000  copying file ./de.lproj/IVMainConfig.plist ... 
2026-04-14 13:33:32 +0000  1504 bytes for ./de.lproj/IVMainConfig.plist
2026-04-14 13:33:32 +0000  copying file ./de.lproj/Localizable.strings ... 
2026-04-14 13:33:32 +0000  224036 bytes for ./de.lproj/Localizable.strings
2026-04-14 13:33:32 +0000  copying file ./de.lproj/InfoPlist.strings ... 
2026-04-14 13:33:32 +0000  138 bytes for ./de.lproj/InfoPlist.strings
2026-04-14 13:33:32 +0000  copying file ./de.lproj/Localizable.stringsdict ... 
2026-04-14 13:33:32 +0000  1056 bytes for ./de.lproj/Localizable.stringsdict
copying file ./de.lproj/LocalizablePlurals.strings ... 
2474 bytes for ./de.lproj/LocalizablePlurals.strings
2026-04-14 13:33:32 +0000  copying file ./de.lproj/ReleaseNotes.plist ... 
2026-04-14 13:33:32 +0000  168 bytes for ./de.lproj/ReleaseNotes.plist
2026-04-14 13:33:32 +0000  copying file ./LoginPassRecoveryConfirmActionsView.nib ... 
2026-04-14 13:33:32 +0000  4372 bytes for ./LoginPassRecoveryConfirmActionsView.nib
copying file ./DeleteAccountView.nib ... 
3132 bytes for ./DeleteAccountView.nib
2026-04-14 13:33:32 +0000  copying file ./_CodeSignature/CodeResources ... 
2026-04-14 13:33:32 +0000  314098 bytes for ./_CodeSignature/CodeResources
2026-04-14 13:33:32 +0000  copying file ./DPCView.nib ... 
2026-04-14 13:33:32 +0000  1215 bytes for ./DPCView.nib
2026-04-14 13:33:32 +0000  copying file ./CMRelatedProgramsLoaderView.nib ... 
2026-04-14 13:33:32 +0000  2338 bytes for ./CMRelatedProgramsLoaderView.nib
2026-04-14 13:33:32 +0000  copying file ./DynamicUserHeaderReusableView.nib ... 
2026-04-14 13:33:32 +0000  4224 bytes for ./DynamicUserHeaderReusableView.nib
2026-04-14 13:33:32 +0000  copying file ./DynamicHomeView.nib ... 
2026-04-14 13:33:32 +0000  3246 bytes for ./DynamicHomeView.nib
2026-04-14 13:33:32 +0000  copying file ./LNESearchEmptyView.nib ... 
2026-04-14 13:33:32 +0000  3955 bytes for ./LNESearchEmptyView.nib
2026-04-14 13:33:32 +0000  copying file ./ProgramSearchEmptyView.nib ... 
2026-04-14 13:33:32 +0000  3959 bytes for ./ProgramSearchEmptyView.nib
2026-04-14 13:33:32 +0000  copying file ./LNESearchView.nib ... 
2026-04-14 13:33:32 +0000  3756 bytes for ./LNESearchView.nib
2026-04-14 13:33:32 +0000  copying file ./DynamicCommonButtonCell.nib ... 
2026-04-14 13:33:32 +0000  4198 bytes for ./DynamicCommonButtonCell.nib
2026-04-14 13:33:32 +0000  copying file ./player_loading.json ... 
2026-04-14 13:33:32 +0000  1851 bytes for ./player_loading.json
2026-04-14 13:33:32 +0000  copying file ./IVRemoteSectionTitleCell.nib ... 
2026-04-14 13:33:32 +0000  3853 bytes for ./IVRemoteSectionTitleCell.nib
2026-04-14 13:33:32 +0000  copying file ./PlayerAudioQueueView.nib ... 
2026-04-14 13:33:32 +0000  1912 bytes for ./PlayerAudioQueueView.nib
2026-04-14 13:33:32 +0000  copying file ./EpisodeInitialContextView.nib ... 
2026-04-14 13:33:32 +0000  6623 bytes for ./EpisodeInitialContextView.nib
2026-04-14 13:33:32 +0000  copying file ./LibraryAddSubscriptionSearchView.nib ... 
2026-04-14 13:33:32 +0000  2768 bytes for ./LibraryAddSubscriptionSearchView.nib
2026-04-14 13:33:32 +0000  copying file ./ExploreSearchHeaderView.nib ... 
2026-04-14 13:33:32 +0000  4580 bytes for ./ExploreSearchHeaderView.nib
2026-04-14 13:33:32 +0000  copying file ./DynamicGallerySkeletonCell.nib ... 
2026-04-14 13:33:32 +0000  2227 bytes for ./DynamicGallerySkeletonCell.nib
2026-04-14 13:33:32 +0000  copying file ./DynamicCarouselSkeletonCell.nib ... 
2026-04-14 13:33:32 +0000  3352 bytes for ./DynamicCarouselSkeletonCell.nib
2026-04-14 13:33:32 +0000  copying file ./RejectConsentPurchaseView.nib ... 
2026-04-14 13:33:32 +0000  3996 bytes for ./RejectConsentPurchaseView.nib
2026-04-14 13:33:32 +0000  copying file ./BottomSheetViewPlaceholderCell.nib ... 
2026-04-14 13:33:32 +0000  5364 bytes for ./BottomSheetViewPlaceholderCell.nib
2026-04-14 13:33:32 +0000  copying file ./launchScreen.json ... 
2026-04-14 13:33:32 +0000  17164 bytes for ./launchScreen.json
2026-04-14 13:33:32 +0000  copying file ./NoDataWithButtonView.nib ... 
5764 bytes for ./NoDataWithButtonView.nib
2026-04-14 13:33:32 +0000  copying file ./RadioSuggestedView.nib ... 
2026-04-14 13:33:32 +0000  3164 bytes for ./RadioSuggestedView.nib
2026-04-14 13:33:32 +0000  copying file ./ivooxNew ... 
2026-04-14 13:33:32 +0000  37861888 bytes for ./ivooxNew
2026-04-14 13:33:32 +0000  copying file ./MagazineView.nib ... 
2026-04-14 13:33:32 +0000  3158 bytes for ./MagazineView.nib
2026-04-14 13:33:32 +0000  copying file ./SplashScreenView.nib ... 
2026-04-14 13:33:32 +0000  7147 bytes for ./SplashScreenView.nib
copying file ./LoginSignInView.nib ... 
2026-04-14 13:33:32 +0000  3988 bytes for ./LoginSignInView.nib
copying file ./PodmarkSuccessView.nib ... 
2026-04-14 13:33:32 +0000  2698 bytes for ./PodmarkSuccessView.nib
2026-04-14 13:33:32 +0000  copying file ./ExploreiVooxPlusHeaderViewComponent.nib ... 
2026-04-14 13:33:32 +0000  2495 bytes for ./ExploreiVooxPlusHeaderViewComponent.nib
2026-04-14 13:33:32 +0000  copying file ./LoginPassRecoveryTitleView.nib ... 
2026-04-14 13:33:32 +0000  3940 bytes for ./LoginPassRecoveryTitleView.nib
2026-04-14 13:33:32 +0000  copying file ./ProgramPostFanSupportCell.nib ... 
2026-04-14 13:33:32 +0000  8453 bytes for ./ProgramPostFanSupportCell.nib
2026-04-14 13:33:32 +0000  copying file ./LMPlainCell.nib ... 
2026-04-14 13:33:32 +0000  4222 bytes for ./LMPlainCell.nib
2026-04-14 13:33:32 +0000  copying file ./IVSectionTitleCell.nib ... 
2026-04-14 13:33:32 +0000  3973 bytes for ./IVSectionTitleCell.nib
2026-04-14 13:33:32 +0000  copying file ./PurchasePremiumSuccessView.nib ... 
2026-04-14 13:33:32 +0000  7834 bytes for ./PurchasePremiumSuccessView.nib
2026-04-14 13:33:32 +0000  copying file ./en.lproj/IVMainConfig.plist ... 
2026-04-14 13:33:32 +0000  1504 bytes for ./en.lproj/IVMainConfig.plist
2026-04-14 13:33:32 +0000  copying file ./en.lproj/Localizable.strings ... 
2026-04-14 13:33:32 +0000  167855 bytes for ./en.lproj/Localizable.strings
copying file ./en.lproj/InfoPlist.strings ... 
2026-04-14 13:33:32 +0000  136 bytes for ./en.lproj/InfoPlist.strings
2026-04-14 13:33:32 +0000  copying file ./en.lproj/Localizable.stringsdict ... 
2026-04-14 13:33:32 +0000  835 bytes for ./en.lproj/Localizable.stringsdict
2026-04-14 13:33:32 +0000  copying file ./en.lproj/LocalizablePlurals.strings ... 
2318 bytes for ./en.lproj/LocalizablePlurals.strings
copying file ./en.lproj/ReleaseNotes.plist ... 
2026-04-14 13:33:32 +0000  168 bytes for ./en.lproj/ReleaseNotes.plist
2026-04-14 13:33:32 +0000  copying file ./AdvantagesCarouselView.nib ... 
2026-04-14 13:33:32 +0000  4678 bytes for ./AdvantagesCarouselView.nib
2026-04-14 13:33:32 +0000  copying file ./SettingsMainCell.nib ... 
2026-04-14 13:33:32 +0000  4142 bytes for ./SettingsMainCell.nib
2026-04-14 13:33:32 +0000  copying file ./HomeTodayFeaturedView.nib ... 
2026-04-14 13:33:32 +0000  3118 bytes for ./HomeTodayFeaturedView.nib
2026-04-14 13:33:32 +0000  copying file ./ContextMenuRadioView.nib ... 
2026-04-14 13:33:32 +0000  4886 bytes for ./ContextMenuRadioView.nib
copying file ./HomeUserHeaderView.nib ... 
2026-04-14 13:33:32 +0000  4213 bytes for ./HomeUserHeaderView.nib
2026-04-14 13:33:32 +0000  copying file ./LibrarySearchView.nib ... 
2026-04-14 13:33:32 +0000  2756 bytes for ./LibrarySearchView.nib
2026-04-14 13:33:32 +0000  copying file ./FiltersSectionHeaderView.nib ... 
2026-04-14 13:33:32 +0000  3169 bytes for ./FiltersSectionHeaderView.nib
2026-04-14 13:33:32 +0000  copying file ./PlanComparisionCell.nib ... 
2026-04-14 13:33:32 +0000  5783 bytes for ./PlanComparisionCell.nib
2026-04-14 13:33:32 +0000  copying file ./ExploreSearchCampaignCell.nib ... 
2026-04-14 13:33:32 +0000  3812 bytes for ./ExploreSearchCampaignCell.nib
2026-04-14 13:33:32 +0000  copying file ./IVTitleAndSubtitlePlaceholderView.nib ... 
2026-04-14 13:33:32 +0000  5501 bytes for ./IVTitleAndSubtitlePlaceholderView.nib
2026-04-14 13:33:32 +0000  copying file ./MySupportsSectionHeaderView.nib ... 
2026-04-14 13:33:32 +0000  3276 bytes for ./MySupportsSectionHeaderView.nib
2026-04-14 13:33:32 +0000  copying file ./PreferredCategoriesView.nib ... 
2026-04-14 13:33:32 +0000  1232 bytes for ./PreferredCategoriesView.nib
2026-04-14 13:33:32 +0000  copying file ./HomeWontMissOutView.nib ... 
2026-04-14 13:33:32 +0000  3165 bytes for ./HomeWontMissOutView.nib
2026-04-14 13:33:32 +0000  copying file ./PRTitleControlsView.nib ... 
2026-04-14 13:33:32 +0000  4876 bytes for ./PRTitleControlsView.nib
2026-04-14 13:33:32 +0000  copying file ./PurchasePlusMainCarouselItem.nib ... 
2026-04-14 13:33:32 +0000  4273 bytes for ./PurchasePlusMainCarouselItem.nib
2026-04-14 13:33:32 +0000  copying file ./MultiEpisodeSelectionView.nib ... 
2026-04-14 13:33:32 +0000  10166 bytes for ./MultiEpisodeSelectionView.nib
2026-04-14 13:33:32 +0000  copying file ./IVBarButtonView.nib ... 
2026-04-14 13:33:32 +0000  4260 bytes for ./IVBarButtonView.nib
copying file ./LCLTextFieldCell.nib ... 
2026-04-14 13:33:32 +0000  3203 bytes for ./LCLTextFieldCell.nib
2026-04-14 13:33:32 +0000  copying file ./LoginSignInActionsView.nib ... 
2026-04-14 13:33:32 +0000  4347 bytes for ./LoginSignInActionsView.nib
2026-04-14 13:33:32 +0000  copying file ./AvailableSchemes.plist ... 
2026-04-14 13:33:32 +0000  82 bytes for ./AvailableSchemes.plist
2026-04-14 13:33:32 +0000  copying file ./AudioBooksMainView.nib ... 
2026-04-14 13:33:32 +0000  2991 bytes for ./AudioBooksMainView.nib
copying file ./LCLTextViewCell.nib ... 
2026-04-14 13:33:32 +0000  3901 bytes for ./LCLTextViewCell.nib
2026-04-14 13:33:32 +0000  copying file ./ExploreiVooxPlusView.nib ... 
2026-04-14 13:33:32 +0000  2752 bytes for ./ExploreiVooxPlusView.nib
2026-04-14 13:33:32 +0000  copying file ./ExploreSearchEmptyView.nib ... 
3970 bytes for ./ExploreSearchEmptyView.nib
copying file ./AudioBookCategoryDetailView.nib ... 
3000 bytes for ./AudioBookCategoryDetailView.nib
2026-04-14 13:33:32 +0000  copying file ./RadioRelatedProgramsFooterView.nib ... 
2026-04-14 13:33:32 +0000  3631 bytes for ./RadioRelatedProgramsFooterView.nib
copying file ./IVSyncMiniplayerPopupViewController.nib ... 
2026-04-14 13:33:32 +0000  5304 bytes for ./IVSyncMiniplayerPopupViewController.nib
2026-04-14 13:33:32 +0000  copying file ./PAQNowPlayingView.nib ... 
2026-04-14 13:33:32 +0000  8788 bytes for ./PAQNowPlayingView.nib
copying file ./DynamicExploreCategoryView.nib ... 
2026-04-14 13:33:32 +0000  2770 bytes for ./DynamicExploreCategoryView.nib
2026-04-14 13:33:32 +0000  copying file ./AudioDetailAdNativeCardView.nib ... 
2026-04-14 13:33:32 +0000  16925 bytes for ./AudioDetailAdNativeCardView.nib
copying file ./PodcastSquareCollectionCell.nib ... 
2026-04-14 13:33:32 +0000  7138 bytes for ./PodcastSquareCollectionCell.nib
2026-04-14 13:33:32 +0000  copying file ./HomeWeSuggestView.nib ... 
2026-04-14 13:33:32 +0000  3163 bytes for ./HomeWeSuggestView.nib
2026-04-14 13:33:32 +0000  copying file ./ExploreSearchSuggestionCell.nib ... 
2026-04-14 13:33:32 +0000  6173 bytes for ./ExploreSearchSuggestionCell.nib
copying file ./DPCCell.nib ... 
2026-04-14 13:33:32 +0000  3021 bytes for ./DPCCell.nib
2026-04-14 13:33:32 +0000  copying file ./ContextMenuPodmarkView.nib ... 
2026-04-14 13:33:32 +0000  6131 bytes for ./ContextMenuPodmarkView.nib
copying file ./PlaylistDetailLocalView.nib ... 
2026-04-14 13:33:32 +0000  3200 bytes for ./PlaylistDetailLocalView.nib
copying file ./PlanComparisionView.nib ... 
2026-04-14 13:33:32 +0000  4728 bytes for ./PlanComparisionView.nib
2026-04-14 13:33:32 +0000  copying file ./SettingCell.nib ... 
2026-04-14 13:33:32 +0000  5892 bytes for ./SettingCell.nib
2026-04-14 13:33:32 +0000  copying file ./es.lproj/IVMainConfig.plist ... 
2026-04-14 13:33:32 +0000  1504 bytes for ./es.lproj/IVMainConfig.plist
2026-04-14 13:33:32 +0000  copying file ./es.lproj/Localizable.strings ... 
2026-04-14 13:33:32 +0000  148800 bytes for ./es.lproj/Localizable.strings
2026-04-14 13:33:32 +0000  copying file ./es.lproj/InfoPlist.strings ... 
2026-04-14 13:33:32 +0000  208 bytes for ./es.lproj/InfoPlist.strings
copying file ./es.lproj/Localizable.stringsdict ... 
1065 bytes for ./es.lproj/Localizable.stringsdict
copying file ./es.lproj/LocalizablePlurals.strings ... 
2026-04-14 13:33:32 +0000  2632 bytes for ./es.lproj/LocalizablePlurals.strings
copying file ./es.lproj/ReleaseNotes.plist ... 
2026-04-14 13:33:32 +0000  168 bytes for ./es.lproj/ReleaseNotes.plist
2026-04-14 13:33:32 +0000  copying file ./ExploreSearchHeaderViewComponent.nib ... 
2026-04-14 13:33:32 +0000  2406 bytes for ./ExploreSearchHeaderViewComponent.nib
copying file ./MiniPlayerView.nib ... 
2026-04-14 13:33:32 +0000  9557 bytes for ./MiniPlayerView.nib
copying file ./BottomSheetViewSliderCell.nib ... 
2026-04-14 13:33:32 +0000  7123 bytes for ./BottomSheetViewSliderCell.nib
2026-04-14 13:33:32 +0000  copying file ./DynamicAdDisplayCell.nib ... 
2026-04-14 13:33:32 +0000  3404 bytes for ./DynamicAdDisplayCell.nib
2026-04-14 13:33:32 +0000  copying file ./AudioBookCategoriesView.nib ... 
2026-04-14 13:33:32 +0000  2996 bytes for ./AudioBookCategoriesView.nib
copying file ./ReleaseNotesView.nib ... 
2026-04-14 13:33:32 +0000  5765 bytes for ./ReleaseNotesView.nib
2026-04-14 13:33:32 +0000  copying file ./SettingsMainView.nib ... 
2026-04-14 13:33:32 +0000  3219 bytes for ./SettingsMainView.nib
2026-04-14 13:33:32 +0000  copying file ./MySupportDetailMainCell.nib ... 
2026-04-14 13:33:32 +0000  3728 bytes for ./MySupportDetailMainCell.nib
2026-04-14 13:33:32 +0000  copying file ./AdvantagesCarouselCell.nib ... 
2026-04-14 13:33:32 +0000  5376 bytes for ./AdvantagesCarouselCell.nib
copying file ./confetti.json ... 
2026-04-14 13:33:32 +0000  131352 bytes for ./confetti.json
2026-04-14 13:33:32 +0000  copying file ./ProgramDetailHeaderView.nib ... 
2026-04-14 13:33:32 +0000  13443 bytes for ./ProgramDetailHeaderView.nib
2026-04-14 13:33:32 +0000  copying file ./AudioPopupAdsPlaceholderView.nib ... 
2026-04-14 13:33:32 +0000  2974 bytes for ./AudioPopupAdsPlaceholderView.nib
2026-04-14 13:33:32 +0000  copying file ./PurchasePlusMainCarouselView.nib ... 
2026-04-14 13:33:32 +0000  2538 bytes for ./PurchasePlusMainCarouselView.nib
2026-04-14 13:33:32 +0000  copying file ./DPCSeeMoreCell.nib ... 
2026-04-14 13:33:32 +0000  3129 bytes for ./DPCSeeMoreCell.nib
2026-04-14 13:33:32 +0000  copying file ./CHANGELOG.md ... 
2026-04-14 13:33:32 +0000  1524 bytes for ./CHANGELOG.md
copying file ./DynamicAdNativeCell.nib ... 
2026-04-14 13:33:32 +0000  17326 bytes for ./DynamicAdNativeCell.nib
2026-04-14 13:33:32 +0000  copying file ./IVSurpriseMeViewController.nib ... 
2026-04-14 13:33:32 +0000  6690 bytes for ./IVSurpriseMeViewController.nib
2026-04-14 13:33:32 +0000  copying file ./PAActionControlsView.nib ... 
2026-04-14 13:33:32 +0000  4250 bytes for ./PAActionControlsView.nib
2026-04-14 13:33:32 +0000  copying file ./LoginPassRecoveryConfirmView.nib ... 
2026-04-14 13:33:32 +0000  4001 bytes for ./LoginPassRecoveryConfirmView.nib
2026-04-14 13:33:32 +0000  copying file ./Mapping_v65_to_v66.cdm ... 
2026-04-14 13:33:32 +0000  282891 bytes for ./Mapping_v65_to_v66.cdm
2026-04-14 13:33:32 +0000  copying file ./loading.json ... 
2026-04-14 13:33:32 +0000  1859 bytes for ./loading.json
2026-04-14 13:33:32 +0000  copying file ./MultiProposalsCardView.nib ... 
2026-04-14 13:33:32 +0000  4526 bytes for ./MultiProposalsCardView.nib
2026-04-14 13:33:32 +0000  copying file ./PlayerPodmarksTableHeader.nib ... 
2026-04-14 13:33:32 +0000  2792 bytes for ./PlayerPodmarksTableHeader.nib
2026-04-14 13:33:32 +0000  copying file ./PodmarksListCell.nib ... 
2026-04-14 13:33:32 +0000  7094 bytes for ./PodmarksListCell.nib
2026-04-14 13:33:32 +0000  copying file ./SystemTheme-Dark.plist ... 
2026-04-14 13:33:32 +0000  1704 bytes for ./SystemTheme-Dark.plist
2026-04-14 13:33:32 +0000  copying file ./RCPHeaderView.nib ... 
2026-04-14 13:33:32 +0000  2459 bytes for ./RCPHeaderView.nib
2026-04-14 13:33:32 +0000  copying file ./BottomSheetItemDetailView.nib ... 
2026-04-14 13:33:32 +0000  9877 bytes for ./BottomSheetItemDetailView.nib
2026-04-14 13:33:32 +0000  copying file ./CreateCell.nib ... 
2026-04-14 13:33:32 +0000  4820 bytes for ./CreateCell.nib
2026-04-14 13:33:32 +0000  copying file ./ProductCardCell.nib ... 
2026-04-14 13:33:32 +0000  7734 bytes for ./ProductCardCell.nib
2026-04-14 13:33:32 +0000  copying file ./FansSupportView.nib ... 
2026-04-14 13:33:32 +0000  8928 bytes for ./FansSupportView.nib
2026-04-14 13:33:32 +0000  copying file ./DynamicExploreCategoryHeaderViewComponent.nib ... 
2026-04-14 13:33:32 +0000  2435 bytes for ./DynamicExploreCategoryHeaderViewComponent.nib
copying file ./PRNavControlsView.nib ... 
2026-04-14 13:33:32 +0000  4601 bytes for ./PRNavControlsView.nib
2026-04-14 13:33:32 +0000  copying file ./DGToast.nib ... 
2026-04-14 13:33:32 +0000  5554 bytes for ./DGToast.nib
2026-04-14 13:33:32 +0000  copying file ./DynamicPreferredProgramsCell.nib ... 
2026-04-14 13:33:32 +0000  7456 bytes for ./DynamicPreferredProgramsCell.nib
2026-04-14 13:33:32 +0000  copying file ./PlugIns/WidgetExtension.appex/de.lproj/Localizable.strings ... 
2026-04-14 13:33:32 +0000  224036 bytes for ./PlugIns/WidgetExtension.appex/de.lproj/Localizable.strings
2026-04-14 13:33:32 +0000  copying file ./PlugIns/WidgetExtension.appex/de.lproj/Localizable.stringsdict ... 
2026-04-14 13:33:32 +0000  1056 bytes for ./PlugIns/WidgetExtension.appex/de.lproj/Localizable.stringsdict
2026-04-14 13:33:32 +0000  copying file ./PlugIns/WidgetExtension.appex/_CodeSignature/CodeResources ... 
2026-04-14 13:33:32 +0000  8148 bytes for ./PlugIns/WidgetExtension.appex/_CodeSignature/CodeResources
2026-04-14 13:33:32 +0000  copying file ./PlugIns/WidgetExtension.appex/en.lproj/Localizable.strings ... 
2026-04-14 13:33:32 +0000  167855 bytes for ./PlugIns/WidgetExtension.appex/en.lproj/Localizable.strings
2026-04-14 13:33:32 +0000  copying file ./PlugIns/WidgetExtension.appex/en.lproj/Localizable.stringsdict ... 
2026-04-14 13:33:32 +0000  835 bytes for ./PlugIns/WidgetExtension.appex/en.lproj/Localizable.stringsdict
2026-04-14 13:33:32 +0000  copying file ./PlugIns/WidgetExtension.appex/es.lproj/Localizable.strings ... 
2026-04-14 13:33:32 +0000  148800 bytes for ./PlugIns/WidgetExtension.appex/es.lproj/Localizable.strings
copying file ./PlugIns/WidgetExtension.appex/es.lproj/Localizable.stringsdict ... 
2026-04-14 13:33:32 +0000  1065 bytes for ./PlugIns/WidgetExtension.appex/es.lproj/Localizable.stringsdict
2026-04-14 13:33:32 +0000  copying file ./PlugIns/WidgetExtension.appex/WidgetExtension ... 
2026-04-14 13:33:32 +0000  564560 bytes for ./PlugIns/WidgetExtension.appex/WidgetExtension
2026-04-14 13:33:32 +0000  copying file ./PlugIns/WidgetExtension.appex/Figtree-Variable.ttf ... 
2026-04-14 13:33:32 +0000  62412 bytes for ./PlugIns/WidgetExtension.appex/Figtree-Variable.ttf
2026-04-14 13:33:32 +0000  copying file ./PlugIns/WidgetExtension.appex/Bounded-Variable.ttf ... 
2026-04-14 13:33:32 +0000  645520 bytes for ./PlugIns/WidgetExtension.appex/Bounded-Variable.ttf
copying file ./PlugIns/WidgetExtension.appex/Assets.car ... 
2026-04-14 13:33:32 +0000  89928 bytes for ./PlugIns/WidgetExtension.appex/Assets.car
2026-04-14 13:33:32 +0000  copying file ./PlugIns/WidgetExtension.appex/Figtree-Italic-Variable.ttf ... 
2026-04-14 13:33:32 +0000  62292 bytes for ./PlugIns/WidgetExtension.appex/Figtree-Italic-Variable.ttf
2026-04-14 13:33:32 +0000  copying file ./PlugIns/WidgetExtension.appex/pt-BR.lproj/Localizable.strings ... 
2026-04-14 13:33:32 +0000  217608 bytes for ./PlugIns/WidgetExtension.appex/pt-BR.lproj/Localizable.strings
2026-04-14 13:33:32 +0000  copying file ./PlugIns/WidgetExtension.appex/pt-BR.lproj/Localizable.stringsdict ... 
2026-04-14 13:33:32 +0000  1129 bytes for ./PlugIns/WidgetExtension.appex/pt-BR.lproj/Localizable.stringsdict
copying file ./PlugIns/WidgetExtension.appex/PrivacyInfo.xcprivacy ... 
2026-04-14 13:33:32 +0000  501 bytes for ./PlugIns/WidgetExtension.appex/PrivacyInfo.xcprivacy
2026-04-14 13:33:32 +0000  copying file ./PlugIns/WidgetExtension.appex/fr.lproj/Localizable.strings ... 
2026-04-14 13:33:32 +0000  232139 bytes for ./PlugIns/WidgetExtension.appex/fr.lproj/Localizable.strings
2026-04-14 13:33:32 +0000  copying file ./PlugIns/WidgetExtension.appex/fr.lproj/Localizable.stringsdict ... 
2026-04-14 13:33:32 +0000  1171 bytes for ./PlugIns/WidgetExtension.appex/fr.lproj/Localizable.stringsdict
2026-04-14 13:33:32 +0000  copying file ./PlugIns/WidgetExtension.appex/pt.lproj/Localizable.strings ... 
2026-04-14 13:33:32 +0000  218003 bytes for ./PlugIns/WidgetExtension.appex/pt.lproj/Localizable.strings
2026-04-14 13:33:32 +0000  copying file ./PlugIns/WidgetExtension.appex/pt.lproj/Localizable.stringsdict ... 
2026-04-14 13:33:32 +0000  1131 bytes for ./PlugIns/WidgetExtension.appex/pt.lproj/Localizable.stringsdict
2026-04-14 13:33:32 +0000  copying file ./PlugIns/WidgetExtension.appex/embedded.mobileprovision ... 
2026-04-14 13:33:32 +0000  12385 bytes for ./PlugIns/WidgetExtension.appex/embedded.mobileprovision
2026-04-14 13:33:32 +0000  copying file ./PlugIns/WidgetExtension.appex/Info.plist ... 
2026-04-14 13:33:32 +0000  1139 bytes for ./PlugIns/WidgetExtension.appex/Info.plist
2026-04-14 13:33:32 +0000  copying file ./PlugIns/WidgetExtension.appex/ca.lproj/Localizable.strings ... 
2026-04-14 13:33:32 +0000  208555 bytes for ./PlugIns/WidgetExtension.appex/ca.lproj/Localizable.strings
copying file ./PlugIns/WidgetExtension.appex/ca.lproj/Localizable.stringsdict ... 
1056 bytes for ./PlugIns/WidgetExtension.appex/ca.lproj/Localizable.stringsdict
2026-04-14 13:33:32 +0000  copying file ./PlugIns/RichNotificationsExtensionUI.appex/_CodeSignature/CodeResources ... 
2026-04-14 13:33:32 +0000  2962 bytes for ./PlugIns/RichNotificationsExtensionUI.appex/_CodeSignature/CodeResources
2026-04-14 13:33:32 +0000  copying file ./PlugIns/RichNotificationsExtensionUI.appex/Base.lproj/MainInterface.storyboardc/UIViewController-M4Y-Lb-cyx.nib ... 
2026-04-14 13:33:32 +0000  1062 bytes for ./PlugIns/RichNotificationsExtensionUI.appex/Base.lproj/MainInterface.storyboardc/UIViewController-M4Y-Lb-cyx.nib
2026-04-14 13:33:32 +0000  copying file ./PlugIns/RichNotificationsExtensionUI.appex/Base.lproj/MainInterface.storyboardc/M4Y-Lb-cyx-view-S3S-Oj-5AN.nib ... 
2026-04-14 13:33:32 +0000  3430 bytes for ./PlugIns/RichNotificationsExtensionUI.appex/Base.lproj/MainInterface.storyboardc/M4Y-Lb-cyx-view-S3S-Oj-5AN.nib
2026-04-14 13:33:32 +0000  copying file ./PlugIns/RichNotificationsExtensionUI.appex/Base.lproj/MainInterface.storyboardc/Info.plist ... 
2026-04-14 13:33:32 +0000  258 bytes for ./PlugIns/RichNotificationsExtensionUI.appex/Base.lproj/MainInterface.storyboardc/Info.plist
2026-04-14 13:33:32 +0000  copying file ./PlugIns/RichNotificationsExtensionUI.appex/RichNotificationsExtensionUI ... 
2026-04-14 13:33:32 +0000  89440 bytes for ./PlugIns/RichNotificationsExtensionUI.appex/RichNotificationsExtensionUI
2026-04-14 13:33:32 +0000  copying file ./PlugIns/RichNotificationsExtensionUI.appex/embedded.mobileprovision ... 
2026-04-14 13:33:32 +0000  12583 bytes for ./PlugIns/RichNotificationsExtensionUI.appex/embedded.mobileprovision
2026-04-14 13:33:32 +0000  copying file ./PlugIns/RichNotificationsExtensionUI.appex/Info.plist ... 
2026-04-14 13:33:32 +0000  1225 bytes for ./PlugIns/RichNotificationsExtensionUI.appex/Info.plist
2026-04-14 13:33:32 +0000  copying file ./PlugIns/RichNotificationsExtension.appex/_CodeSignature/CodeResources ... 
2026-04-14 13:33:32 +0000  2040 bytes for ./PlugIns/RichNotificationsExtension.appex/_CodeSignature/CodeResources
2026-04-14 13:33:32 +0000  copying file ./PlugIns/RichNotificationsExtension.appex/RichNotificationsExtension ... 
2026-04-14 13:33:32 +0000  112784 bytes for ./PlugIns/RichNotificationsExtension.appex/RichNotificationsExtension
2026-04-14 13:33:32 +0000  copying file ./PlugIns/RichNotificationsExtension.appex/embedded.mobileprovision ... 
2026-04-14 13:33:32 +0000  12525 bytes for ./PlugIns/RichNotificationsExtension.appex/embedded.mobileprovision
2026-04-14 13:33:32 +0000  copying file ./PlugIns/RichNotificationsExtension.appex/Info.plist ... 
2026-04-14 13:33:32 +0000  990 bytes for ./PlugIns/RichNotificationsExtension.appex/Info.plist
2026-04-14 13:33:32 +0000  copying file ./SCORBundle.bundle/.pod ... 
2026-04-14 13:33:32 +0000  0 bytes for ./SCORBundle.bundle/.pod
2026-04-14 13:33:32 +0000  copying file ./SCORBundle.bundle/Info.plist ... 
2026-04-14 13:33:32 +0000  761 bytes for ./SCORBundle.bundle/Info.plist
2026-04-14 13:33:32 +0000  copying file ./ProgramSettingsSectionHeaderView.nib ... 
2026-04-14 13:33:32 +0000  3278 bytes for ./ProgramSettingsSectionHeaderView.nib
2026-04-14 13:33:32 +0000  copying file ./PRCarouselControlsView.nib ... 
2026-04-14 13:33:32 +0000  2538 bytes for ./PRCarouselControlsView.nib
2026-04-14 13:33:32 +0000  copying file ./PSTitleView.nib ... 
2026-04-14 13:33:32 +0000  2773 bytes for ./PSTitleView.nib
2026-04-14 13:33:32 +0000  copying file ./FiltersView.nib ... 
2026-04-14 13:33:32 +0000  5496 bytes for ./FiltersView.nib
2026-04-14 13:33:32 +0000  copying file ./DynamicListSkeletonCell.nib ... 
2026-04-14 13:33:32 +0000  3506 bytes for ./DynamicListSkeletonCell.nib
2026-04-14 13:33:32 +0000  copying file ./MSCell.nib ... 
2026-04-14 13:33:32 +0000  5974 bytes for ./MSCell.nib
2026-04-14 13:33:32 +0000  copying file ./MarkersEmptyPlaceholderView.nib ... 
2026-04-14 13:33:32 +0000  1124 bytes for ./MarkersEmptyPlaceholderView.nib
2026-04-14 13:33:32 +0000  copying file ./FansSupportListItem.nib ... 
2026-04-14 13:33:32 +0000  3530 bytes for ./FansSupportListItem.nib
2026-04-14 13:33:32 +0000  copying file ./SmartListDescriptionFooter.nib ... 
2026-04-14 13:33:32 +0000  3225 bytes for ./SmartListDescriptionFooter.nib
2026-04-14 13:33:32 +0000  copying file ./ServerDownViewController.nib ... 
2026-04-14 13:33:32 +0000  5908 bytes for ./ServerDownViewController.nib
2026-04-14 13:33:32 +0000  copying file ./AppIcon60x60@2x.png ... 
2026-04-14 13:33:32 +0000  3361 bytes for ./AppIcon60x60@2x.png
2026-04-14 13:33:32 +0000  copying file ./PreferredCategoriesHeader.nib ... 
2026-04-14 13:33:32 +0000  4048 bytes for ./PreferredCategoriesHeader.nib
2026-04-14 13:33:32 +0000  copying file ./CMATitleControlsView.nib ... 
2026-04-14 13:33:32 +0000  3166 bytes for ./CMATitleControlsView.nib
2026-04-14 13:33:32 +0000  copying file ./ExploreRadioDetailListViewComponent.nib ... 
2026-04-14 13:33:32 +0000  1882 bytes for ./ExploreRadioDetailListViewComponent.nib
2026-04-14 13:33:32 +0000  copying file ./CMRelatedProgramsEmptyView.nib ... 
2026-04-14 13:33:32 +0000  4691 bytes for ./CMRelatedProgramsEmptyView.nib
2026-04-14 13:33:32 +0000  copying file ./Figtree-Variable.ttf ... 
2026-04-14 13:33:32 +0000  62412 bytes for ./Figtree-Variable.ttf
copying file ./PPOCardCell.nib ... 
2026-04-14 13:33:32 +0000  7628 bytes for ./PPOCardCell.nib
2026-04-14 13:33:32 +0000  copying file ./ProgramSearchView.nib ... 
2026-04-14 13:33:32 +0000  3760 bytes for ./ProgramSearchView.nib
2026-04-14 13:33:32 +0000  copying file ./LibraryAddSubscriptionSearchEmptyView.nib ... 
2026-04-14 13:33:32 +0000  3985 bytes for ./LibraryAddSubscriptionSearchEmptyView.nib
2026-04-14 13:33:32 +0000  copying file ./SettingsSectionFooter.nib ... 
2026-04-14 13:33:32 +0000  3422 bytes for ./SettingsSectionFooter.nib
2026-04-14 13:33:32 +0000  copying file ./RCPProductActionRestorePurchasesView.nib ... 
2026-04-14 13:33:32 +0000  3668 bytes for ./RCPProductActionRestorePurchasesView.nib
2026-04-14 13:33:32 +0000  copying file ./CMQCell.nib ... 
2026-04-14 13:33:32 +0000  4772 bytes for ./CMQCell.nib
2026-04-14 13:33:32 +0000  copying file ./DynamicSectionHeaderSkeletonReusableView.nib ... 
2026-04-14 13:33:32 +0000  2629 bytes for ./DynamicSectionHeaderSkeletonReusableView.nib
2026-04-14 13:33:32 +0000  copying file ./DynamicUserHeaderSkeletonReusableView.nib ... 
2026-04-14 13:33:32 +0000  2309 bytes for ./DynamicUserHeaderSkeletonReusableView.nib
2026-04-14 13:33:32 +0000  copying file ./ContextMenuAudioView.nib ... 
2026-04-14 13:33:32 +0000  6739 bytes for ./ContextMenuAudioView.nib
2026-04-14 13:33:32 +0000  copying file ./MySupportDetailFooterView.nib ... 
2026-04-14 13:33:32 +0000  3848 bytes for ./MySupportDetailFooterView.nib
2026-04-14 13:33:32 +0000  copying file ./ExploreRadioDetailHeaderViewComponent.nib ... 
2026-04-14 13:33:32 +0000  2411 bytes for ./ExploreRadioDetailHeaderViewComponent.nib
2026-04-14 13:33:32 +0000  copying file ./IVPodcastDetailViewController.nib ... 
2026-04-14 13:33:32 +0000  2044 bytes for ./IVPodcastDetailViewController.nib
2026-04-14 13:33:32 +0000  copying file ./FansSupportListView.nib ... 
2026-04-14 13:33:32 +0000  2529 bytes for ./FansSupportListView.nib
2026-04-14 13:33:32 +0000  copying file ./DynamicPreferredProgramsContentViewComponent.nib ... 
2026-04-14 13:33:32 +0000  1893 bytes for ./DynamicPreferredProgramsContentViewComponent.nib
2026-04-14 13:33:32 +0000  copying file ./DynamicAlertCell.nib ... 
2026-04-14 13:33:32 +0000  8579 bytes for ./DynamicAlertCell.nib
2026-04-14 13:33:32 +0000  copying file ./DynamicSectionFooterReusableView.nib ... 
2026-04-14 13:33:32 +0000  1934 bytes for ./DynamicSectionFooterReusableView.nib
2026-04-14 13:33:32 +0000  copying file ./PAQWeRecommendCell.nib ... 
2026-04-14 13:33:32 +0000  5508 bytes for ./PAQWeRecommendCell.nib
2026-04-14 13:33:32 +0000  copying file ./Launch Screen.storyboardc/01J-lp-oVM-view-Ze5-6b-2t3.nib ... 
2026-04-14 13:33:32 +0000  1400 bytes for ./Launch Screen.storyboardc/01J-lp-oVM-view-Ze5-6b-2t3.nib
2026-04-14 13:33:32 +0000  copying file ./Launch Screen.storyboardc/UIViewController-01J-lp-oVM.nib ... 
2026-04-14 13:33:32 +0000  924 bytes for ./Launch Screen.storyboardc/UIViewController-01J-lp-oVM.nib
2026-04-14 13:33:32 +0000  copying file ./Launch Screen.storyboardc/Info.plist ... 
2026-04-14 13:33:32 +0000  258 bytes for ./Launch Screen.storyboardc/Info.plist
2026-04-14 13:33:32 +0000  copying file ./ATTView.nib ... 
2026-04-14 13:33:32 +0000  6092 bytes for ./ATTView.nib
2026-04-14 13:33:32 +0000  copying file ./PushPermissionsView.nib ... 
2026-04-14 13:33:32 +0000  7292 bytes for ./PushPermissionsView.nib
2026-04-14 13:33:32 +0000  copying file ./LCLCheckCell.nib ... 
2026-04-14 13:33:32 +0000  4138 bytes for ./LCLCheckCell.nib
2026-04-14 13:33:32 +0000  copying file ./ExploreSearchListViewComponent.nib ... 
2026-04-14 13:33:32 +0000  1230 bytes for ./ExploreSearchListViewComponent.nib
2026-04-14 13:33:32 +0000  copying file ./ExploreView.nib ... 
2026-04-14 13:33:32 +0000  2836 bytes for ./ExploreView.nib
2026-04-14 13:33:32 +0000  copying file ./LibrarySearchEmptyView.nib ... 
2026-04-14 13:33:32 +0000  3970 bytes for ./LibrarySearchEmptyView.nib
2026-04-14 13:33:32 +0000  copying file ./multipleselection_anim.json ... 
2026-04-14 13:33:32 +0000  1462 bytes for ./multipleselection_anim.json
2026-04-14 13:33:32 +0000  copying file ./ExploreListViewComponent.nib ... 
2026-04-14 13:33:32 +0000  1871 bytes for ./ExploreListViewComponent.nib
2026-04-14 13:33:32 +0000  copying file ./CPSaveButtonView.nib ... 
2026-04-14 13:33:32 +0000  3122 bytes for ./CPSaveButtonView.nib
2026-04-14 13:33:32 +0000  copying file ./MagazineHeaderView.nib ... 
2026-04-14 13:33:32 +0000  6392 bytes for ./MagazineHeaderView.nib
2026-04-14 13:33:32 +0000  copying file ./DynamicGridPillCell.nib ... 
2262 bytes for ./DynamicGridPillCell.nib
copying file ./PurchaseInAppFAQHeader.nib ... 
2026-04-14 13:33:32 +0000  4042 bytes for ./PurchaseInAppFAQHeader.nib
2026-04-14 13:33:32 +0000  copying file ./MySupportsPodcastCell.nib ... 
2026-04-14 13:33:32 +0000  5813 bytes for ./MySupportsPodcastCell.nib
2026-04-14 13:33:32 +0000  copying file ./LibraryAddSubscriptionSearchListViewComponent.nib ... 
2026-04-14 13:33:32 +0000  1245 bytes for ./LibraryAddSubscriptionSearchListViewComponent.nib
2026-04-14 13:33:32 +0000  copying file ./RCPLoginView.nib ... 
2026-04-14 13:33:32 +0000  3833 bytes for ./RCPLoginView.nib
2026-04-14 13:33:32 +0000  copying file ./UserMessagingPlatformResources.bundle/PrivacyInfo.xcprivacy ... 
2026-04-14 13:33:32 +0000  1677 bytes for ./UserMessagingPlatformResources.bundle/PrivacyInfo.xcprivacy
2026-04-14 13:33:32 +0000  copying file ./UserMessagingPlatformResources.bundle/Info.plist ... 
2026-04-14 13:33:32 +0000  802 bytes for ./UserMessagingPlatformResources.bundle/Info.plist
2026-04-14 13:33:32 +0000  copying file ./PurchasePremiumSuccessListView.nib ... 
2026-04-14 13:33:32 +0000  2540 bytes for ./PurchasePremiumSuccessListView.nib
2026-04-14 13:33:32 +0000  copying file ./ContextMenuListView.nib ... 
2026-04-14 13:33:32 +0000  5552 bytes for ./ContextMenuListView.nib
2026-04-14 13:33:32 +0000  copying file ./EpisodeCollectionCellList.nib ... 
2026-04-14 13:33:32 +0000  10084 bytes for ./EpisodeCollectionCellList.nib
2026-04-14 13:33:32 +0000  copying file ./LoginPassRecoveryFieldsView.nib ... 
2026-04-14 13:33:32 +0000  2274 bytes for ./LoginPassRecoveryFieldsView.nib
2026-04-14 13:33:32 +0000  copying file ./LargeTitleHeader.nib ... 
2026-04-14 13:33:32 +0000  3927 bytes for ./LargeTitleHeader.nib
2026-04-14 13:33:32 +0000  copying file ./BottomSheetView.nib ... 
2026-04-14 13:33:32 +0000  4624 bytes for ./BottomSheetView.nib
2026-04-14 13:33:32 +0000  copying file ./CPCommentView.nib ... 
2026-04-14 13:33:32 +0000  5308 bytes for ./CPCommentView.nib
2026-04-14 13:33:32 +0000  copying file ./WelcomeToRedesign.plist ... 
2026-04-14 13:33:32 +0000  226 bytes for ./WelcomeToRedesign.plist
2026-04-14 13:33:32 +0000  copying file ./LibraryNewEpisodesView.nib ... 
2026-04-14 13:33:32 +0000  1222 bytes for ./LibraryNewEpisodesView.nib
2026-04-14 13:33:32 +0000  copying file ./SurpriseMeAudioListView.nib ... 
2026-04-14 13:33:32 +0000  3163 bytes for ./SurpriseMeAudioListView.nib
2026-04-14 13:33:32 +0000  copying file ./GoogleMobileAdsResources.bundle/PrivacyInfo.xcprivacy ... 
2026-04-14 13:33:32 +0000  4491 bytes for ./GoogleMobileAdsResources.bundle/PrivacyInfo.xcprivacy
2026-04-14 13:33:32 +0000  copying file ./GoogleMobileAdsResources.bundle/Info.plist ... 
2026-04-14 13:33:32 +0000  792 bytes for ./GoogleMobileAdsResources.bundle/Info.plist
2026-04-14 13:33:32 +0000  copying file ./RegisterAgeGenderView.nib ... 
2026-04-14 13:33:32 +0000  7531 bytes for ./RegisterAgeGenderView.nib
2026-04-14 13:33:32 +0000  copying file ./soundBars.json ... 
2026-04-14 13:33:32 +0000  11508 bytes for ./soundBars.json
2026-04-14 13:33:32 +0000  copying file ./DynamicGridCell.nib ... 
2026-04-14 13:33:32 +0000  7453 bytes for ./DynamicGridCell.nib
copying file ./CMQHeaderView.nib ... 
2026-04-14 13:33:32 +0000  3367 bytes for ./CMQHeaderView.nib
2026-04-14 13:33:32 +0000  copying file ./IVAudioPlaceholderCell.nib ... 
2026-04-14 13:33:32 +0000  7027 bytes for ./IVAudioPlaceholderCell.nib
2026-04-14 13:33:32 +0000  copying file ./SmartListMenuCell.nib ... 
2026-04-14 13:33:32 +0000  4578 bytes for ./SmartListMenuCell.nib
2026-04-14 13:33:32 +0000  copying file ./LibraryAddSubscriptionSearchFooterView.nib ... 
2026-04-14 13:33:32 +0000  3207 bytes for ./LibraryAddSubscriptionSearchFooterView.nib
2026-04-14 13:33:32 +0000  copying file ./MarkersHeaderView.nib ... 
2026-04-14 13:33:32 +0000  5158 bytes for ./MarkersHeaderView.nib
2026-04-14 13:33:32 +0000  copying file ./FiltersCell.nib ... 
2026-04-14 13:33:32 +0000  4409 bytes for ./FiltersCell.nib
2026-04-14 13:33:32 +0000  copying file ./IVSettingsTableViewController.nib ... 
2026-04-14 13:33:32 +0000  1893 bytes for ./IVSettingsTableViewController.nib
2026-04-14 13:33:32 +0000  copying file ./DynamicPreferredProgramsView.nib ... 
2026-04-14 13:33:32 +0000  2772 bytes for ./DynamicPreferredProgramsView.nib
2026-04-14 13:33:32 +0000  copying file ./PRCoverControlsView.nib ... 
2026-04-14 13:33:32 +0000  2719 bytes for ./PRCoverControlsView.nib
2026-04-14 13:33:32 +0000  copying file ./AudioPopupAdsView.nib ... 
2026-04-14 13:33:32 +0000  6515 bytes for ./AudioPopupAdsView.nib
2026-04-14 13:33:32 +0000  copying file ./LASSLoaderCell.nib ... 
2026-04-14 13:33:32 +0000  2281 bytes for ./LASSLoaderCell.nib
2026-04-14 13:33:32 +0000  copying file ./PurchasePlusSuccessView.nib ... 
2026-04-14 13:33:32 +0000  7831 bytes for ./PurchasePlusSuccessView.nib
2026-04-14 13:33:32 +0000  copying file ./PurchasePlusProgramDetailView.nib ... 
2026-04-14 13:33:32 +0000  8440 bytes for ./PurchasePlusProgramDetailView.nib
2026-04-14 13:33:32 +0000  copying file ./LCLSectionHeaderView.nib ... 
2026-04-14 13:33:32 +0000  3266 bytes for ./LCLSectionHeaderView.nib
2026-04-14 13:33:32 +0000  copying file ./PurchasePlusMainListItem.nib ... 
2026-04-14 13:33:32 +0000  3535 bytes for ./PurchasePlusMainListItem.nib
2026-04-14 13:33:32 +0000  copying file ./RCPProductCard.nib ... 
2026-04-14 13:33:32 +0000  5796 bytes for ./RCPProductCard.nib
2026-04-14 13:33:32 +0000  copying file ./CommentsHeader.nib ... 
2026-04-14 13:33:32 +0000  6113 bytes for ./CommentsHeader.nib
copying file ./PurchasePremiumSuccessListItem.nib ... 
2026-04-14 13:33:32 +0000  3541 bytes for ./PurchasePremiumSuccessListItem.nib
copying file ./CMRPHeaderView.nib ... 
2026-04-14 13:33:32 +0000  2677 bytes for ./CMRPHeaderView.nib
2026-04-14 13:33:32 +0000  copying file ./Mapping_v53_to_v54.cdm ... 
2026-04-14 13:33:32 +0000  202029 bytes for ./Mapping_v53_to_v54.cdm
2026-04-14 13:33:32 +0000  copying file ./CPCoverView.nib ... 
2026-04-14 13:33:32 +0000  2905 bytes for ./CPCoverView.nib
copying file ./GoogleService-Info.plist ... 
2026-04-14 13:33:32 +0000  820 bytes for ./GoogleService-Info.plist
2026-04-14 13:33:32 +0000  copying file ./PSCommentView.nib ... 
2026-04-14 13:33:32 +0000  4808 bytes for ./PSCommentView.nib
2026-04-14 13:33:32 +0000  copying file ./PSCoverView.nib ... 
2026-04-14 13:33:32 +0000  2667 bytes for ./PSCoverView.nib
copying file ./PAQEmptyPlaceholderView.nib ... 
3772 bytes for ./PAQEmptyPlaceholderView.nib
copying file ./PodcastCell.nib ... 
2026-04-14 13:33:32 +0000  7402 bytes for ./PodcastCell.nib
2026-04-14 13:33:32 +0000  copying file ./ProgramPostEpisodeCell.nib ... 
2026-04-14 13:33:32 +0000  9152 bytes for ./ProgramPostEpisodeCell.nib
2026-04-14 13:33:32 +0000  copying file ./DPCSkeletonCell.nib ... 
2026-04-14 13:33:32 +0000  3432 bytes for ./DPCSkeletonCell.nib
2026-04-14 13:33:32 +0000  copying file ./LoginSignUpPageControllerView.nib ... 
2026-04-14 13:33:32 +0000  4441 bytes for ./LoginSignUpPageControllerView.nib
2026-04-14 13:33:32 +0000  copying file ./PlayerPodmarksFooterErrorView.nib ... 
2026-04-14 13:33:32 +0000  3963 bytes for ./PlayerPodmarksFooterErrorView.nib
2026-04-14 13:33:32 +0000  copying file ./LoginPassRecoveryConfirmTitleView.nib ... 
2026-04-14 13:33:32 +0000  4473 bytes for ./LoginPassRecoveryConfirmTitleView.nib
2026-04-14 13:33:32 +0000  copying file ./SettingsSectionHeader.nib ... 
2026-04-14 13:33:32 +0000  3350 bytes for ./SettingsSectionHeader.nib
2026-04-14 13:33:32 +0000  copying file ./FBAudienceNetwork.bundle/PrivacyInfo.xcprivacy ... 
2026-04-14 13:33:32 +0000  1955 bytes for ./FBAudienceNetwork.bundle/PrivacyInfo.xcprivacy
copying file ./FBAudienceNetwork.bundle/Info.plist ... 
2026-04-14 13:33:32 +0000  777 bytes for ./FBAudienceNetwork.bundle/Info.plist
2026-04-14 13:33:32 +0000  copying file ./RedeemCodeView.nib ... 
10821 bytes for ./RedeemCodeView.nib
2026-04-14 13:33:32 +0000  copying file ./PurchasePlusMainListView.nib ... 
2026-04-14 13:33:32 +0000  2534 bytes for ./PurchasePlusMainListView.nib
2026-04-14 13:33:32 +0000  copying file ./IVSettingCheckCell.nib ... 
2026-04-14 13:33:32 +0000  3927 bytes for ./IVSettingCheckCell.nib
2026-04-14 13:33:32 +0000  copying file ./GDPRView.nib ... 
2026-04-14 13:33:32 +0000  6775 bytes for ./GDPRView.nib
2026-04-14 13:33:32 +0000  copying file ./LibraryAddSubscriptionView.nib ... 
2026-04-14 13:33:32 +0000  3123 bytes for ./LibraryAddSubscriptionView.nib
2026-04-14 13:33:32 +0000  copying file ./AlertPopupView.nib ... 
2026-04-14 13:33:32 +0000  9042 bytes for ./AlertPopupView.nib
2026-04-14 13:33:32 +0000  copying file ./CommentCell.nib ... 
2026-04-14 13:33:32 +0000  8494 bytes for ./CommentCell.nib
2026-04-14 13:33:32 +0000  copying file ./CPPlainCell.nib ... 
2026-04-14 13:33:32 +0000  4222 bytes for ./CPPlainCell.nib
2026-04-14 13:33:32 +0000  copying file ./CancelPurchaseView.nib ... 
2026-04-14 13:33:32 +0000  8946 bytes for ./CancelPurchaseView.nib
2026-04-14 13:33:32 +0000  copying file ./LibraryAddSubscriptionSearchTrendingCell.nib ... 
2026-04-14 13:33:32 +0000  4740 bytes for ./LibraryAddSubscriptionSearchTrendingCell.nib
2026-04-14 13:33:32 +0000  copying file ./IVSettingsPickerCell.nib ... 
2026-04-14 13:33:32 +0000  1985 bytes for ./IVSettingsPickerCell.nib
2026-04-14 13:33:32 +0000  copying file ./AudioDetailAdFluidView.nib ... 
2026-04-14 13:33:32 +0000  4710 bytes for ./AudioDetailAdFluidView.nib
2026-04-14 13:33:32 +0000  copying file ./TooltipMainCardView.nib ... 
2026-04-14 13:33:32 +0000  3273 bytes for ./TooltipMainCardView.nib
2026-04-14 13:33:32 +0000  copying file ./IVSettingsFooterView.nib ... 
2026-04-14 13:33:32 +0000  2742 bytes for ./IVSettingsFooterView.nib
2026-04-14 13:33:32 +0000  copying file ./PlayerPodmarksFooterView.nib ... 
2026-04-14 13:33:32 +0000  3625 bytes for ./PlayerPodmarksFooterView.nib
2026-04-14 13:33:32 +0000  copying file ./BottomCTAButtonView.nib ... 
2026-04-14 13:33:32 +0000  6036 bytes for ./BottomCTAButtonView.nib
2026-04-14 13:33:32 +0000  copying file ./IVSettingSectionCell.nib ... 
2026-04-14 13:33:32 +0000  3219 bytes for ./IVSettingSectionCell.nib
2026-04-14 13:33:32 +0000  copying file ./PurchaseInAppTCView.nib ... 
2026-04-14 13:33:32 +0000  4541 bytes for ./PurchaseInAppTCView.nib
2026-04-14 13:33:32 +0000  copying file ./CarModeQueueView.nib ... 
2026-04-14 13:33:32 +0000  5952 bytes for ./CarModeQueueView.nib
2026-04-14 13:33:32 +0000  copying file ./ExploreHeaderViewComponent.nib ... 
2026-04-14 13:33:32 +0000  2400 bytes for ./ExploreHeaderViewComponent.nib
2026-04-14 13:33:32 +0000  copying file ./CreatePodmarkView.nib ... 
2026-04-14 13:33:32 +0000  5162 bytes for ./CreatePodmarkView.nib
2026-04-14 13:33:32 +0000  copying file ./AlertCell.nib ... 
2026-04-14 13:33:32 +0000  7198 bytes for ./AlertCell.nib
2026-04-14 13:33:32 +0000  copying file ./WelcomeToRedesignView.nib ... 
2026-04-14 13:33:32 +0000  6307 bytes for ./WelcomeToRedesignView.nib
2026-04-14 13:33:32 +0000  copying file ./IVPodcastNotificationSettingCell.nib ... 
2026-04-14 13:33:32 +0000  4097 bytes for ./IVPodcastNotificationSettingCell.nib
2026-04-14 13:33:32 +0000  copying file ./ExploreRadioDetailView.nib ... 
2026-04-14 13:33:32 +0000  2751 bytes for ./ExploreRadioDetailView.nib
2026-04-14 13:33:32 +0000  copying file ./RadioRelatedProgramsView.nib ... 
2026-04-14 13:33:32 +0000  3200 bytes for ./RadioRelatedProgramsView.nib
2026-04-14 13:33:32 +0000  copying file ./DynamicSectionFooterGridReusableView.nib ... 
2026-04-14 13:33:32 +0000  3894 bytes for ./DynamicSectionFooterGridReusableView.nib
2026-04-14 13:33:32 +0000  copying file ./IVActivityIndicatorTableFooterView.nib ... 
2026-04-14 13:33:32 +0000  1788 bytes for ./IVActivityIndicatorTableFooterView.nib
2026-04-14 13:33:32 +0000  copying file ./Bounded-Variable.ttf ... 
2026-04-14 13:33:32 +0000  645520 bytes for ./Bounded-Variable.ttf
2026-04-14 13:33:32 +0000  copying file ./DynamicGridPillSkeletonCell.nib ... 
2026-04-14 13:33:32 +0000  2164 bytes for ./DynamicGridPillSkeletonCell.nib
2026-04-14 13:33:32 +0000  copying file ./BottomSheetViewSwitchCell.nib ... 
5798 bytes for ./BottomSheetViewSwitchCell.nib
2026-04-14 13:33:32 +0000  copying file ./RadioInitialContextView.nib ... 
2026-04-14 13:33:32 +0000  6365 bytes for ./RadioInitialContextView.nib
2026-04-14 13:33:32 +0000  copying file ./IVPremiumPopupViewController.nib ... 
2026-04-14 13:33:32 +0000  6530 bytes for ./IVPremiumPopupViewController.nib
2026-04-14 13:33:32 +0000  copying file ./MultiSubscriptionView.nib ... 
2026-04-14 13:33:32 +0000  6656 bytes for ./MultiSubscriptionView.nib
2026-04-14 13:33:32 +0000  copying file ./PAMainControlsView.nib ... 
2026-04-14 13:33:32 +0000  4849 bytes for ./PAMainControlsView.nib
2026-04-14 13:33:32 +0000  copying file ./LoginSignUpPageView.nib ... 
3340 bytes for ./LoginSignUpPageView.nib
2026-04-14 13:33:32 +0000  copying file ./LibrarySearchContentViewComponent.nib ... 
2026-04-14 13:33:32 +0000  1880 bytes for ./LibrarySearchContentViewComponent.nib
2026-04-14 13:33:32 +0000  copying file ./PPMCardCell.nib ... 
2026-04-14 13:33:32 +0000  7628 bytes for ./PPMCardCell.nib
copying file ./SectionRectangleCollectionCell.nib ... 
2026-04-14 13:33:32 +0000  4004 bytes for ./SectionRectangleCollectionCell.nib
2026-04-14 13:33:32 +0000  copying file ./ContextMenuPodcastView.nib ... 
2026-04-14 13:33:32 +0000  4888 bytes for ./ContextMenuPodcastView.nib
2026-04-14 13:33:32 +0000  copying file ./ExploreDetailOnDemandView.nib ... 
2026-04-14 13:33:32 +0000  2811 bytes for ./ExploreDetailOnDemandView.nib
2026-04-14 13:33:32 +0000  copying file ./ExploreSearchCell.nib ... 
2026-04-14 13:33:32 +0000  4692 bytes for ./ExploreSearchCell.nib
copying file ./PlayerPodmarksView.nib ... 
2026-04-14 13:33:32 +0000  4466 bytes for ./PlayerPodmarksView.nib
copying file ./ChooseSubscriptionsEmptyPlaceholder.nib ... 
2026-04-14 13:33:32 +0000  3911 bytes for ./ChooseSubscriptionsEmptyPlaceholder.nib
copying file ./ChooseSubscriptionCell.nib ... 
2026-04-14 13:33:32 +0000  6834 bytes for ./ChooseSubscriptionCell.nib
2026-04-14 13:33:32 +0000  copying file ./CMRelatedProgramsView.nib ... 
2026-04-14 13:33:32 +0000  4019 bytes for ./CMRelatedProgramsView.nib
2026-04-14 13:33:32 +0000  copying file ./PRMainControlsView.nib ... 
2026-04-14 13:33:32 +0000  5895 bytes for ./PRMainControlsView.nib
copying file ./CMAProgressControlsView.nib ... 
2026-04-14 13:33:32 +0000  4113 bytes for ./CMAProgressControlsView.nib
2026-04-14 13:33:32 +0000  copying file ./ListCell.nib ... 
2026-04-14 13:33:32 +0000  8773 bytes for ./ListCell.nib
copying file ./DynamicExploreCategoryContentViewComponent.nib ... 
2026-04-14 13:33:32 +0000  1891 bytes for ./DynamicExploreCategoryContentViewComponent.nib
2026-04-14 13:33:32 +0000  copying file ./LoginSignInFieldsView.nib ... 
2026-04-14 13:33:32 +0000  2514 bytes for ./LoginSignInFieldsView.nib
2026-04-14 13:33:32 +0000  copying file ./ProgramPostTextCell.nib ... 
2026-04-14 13:33:32 +0000  8556 bytes for ./ProgramPostTextCell.nib
2026-04-14 13:33:32 +0000  copying file ./PlayerAdsView.nib ... 
2026-04-14 13:33:32 +0000  6275 bytes for ./PlayerAdsView.nib
2026-04-14 13:33:32 +0000  copying file ./Assets.car ... 
2026-04-14 13:33:32 +0000  21895176 bytes for ./Assets.car
copying file ./RadioCell.nib ... 
2026-04-14 13:33:32 +0000  7811 bytes for ./RadioCell.nib
copying file ./PodmarksListPlaceholderView.nib ... 
2026-04-14 13:33:32 +0000  4827 bytes for ./PodmarksListPlaceholderView.nib
copying file ./ChoosePlaylistView.nib ... 
2026-04-14 13:33:32 +0000  3255 bytes for ./ChoosePlaylistView.nib
2026-04-14 13:33:32 +0000  copying file ./PlayerAudioView.nib ... 
2026-04-14 13:33:32 +0000  5579 bytes for ./PlayerAudioView.nib
2026-04-14 13:33:32 +0000  copying file ./AnonymousSignUpErrorView.nib ... 
2026-04-14 13:33:32 +0000  5512 bytes for ./AnonymousSignUpErrorView.nib
2026-04-14 13:33:32 +0000  copying file ./CMASecondaryControlsView.nib ... 
2026-04-14 13:33:32 +0000  4633 bytes for ./CMASecondaryControlsView.nib
2026-04-14 13:33:32 +0000  copying file ./AppIcon76x76@2x~ipad.png ... 
2026-04-14 13:33:32 +0000  4209 bytes for ./AppIcon76x76@2x~ipad.png
2026-04-14 13:33:32 +0000  copying file ./CommentInputBoxView.nib ... 
2026-04-14 13:33:32 +0000  5725 bytes for ./CommentInputBoxView.nib
2026-04-14 13:33:32 +0000  copying file ./CarModeAudioView.nib ... 
2026-04-14 13:33:32 +0000  6488 bytes for ./CarModeAudioView.nib
2026-04-14 13:33:32 +0000  copying file ./PAQUpNextHeaderView.nib ... 
2026-04-14 13:33:32 +0000  4699 bytes for ./PAQUpNextHeaderView.nib
2026-04-14 13:33:32 +0000  copying file ./PAQTableView.nib ... 
2026-04-14 13:33:32 +0000  2500 bytes for ./PAQTableView.nib
2026-04-14 13:33:32 +0000  copying file ./CommentsViewController.nib ... 
2026-04-14 13:33:32 +0000  3850 bytes for ./CommentsViewController.nib
2026-04-14 13:33:32 +0000  copying file ./PlayerPodmarksCell.nib ... 
2026-04-14 13:33:32 +0000  6237 bytes for ./PlayerPodmarksCell.nib
2026-04-14 13:33:32 +0000  copying file ./CMRPCell.nib ... 
2026-04-14 13:33:32 +0000  3610 bytes for ./CMRPCell.nib
2026-04-14 13:33:32 +0000  copying file ./LibraryMainHeaderView.nib ... 
2026-04-14 13:33:32 +0000  1968 bytes for ./LibraryMainHeaderView.nib
copying file ./ExploreSearchView.nib ... 
2026-04-14 13:33:32 +0000  2753 bytes for ./ExploreSearchView.nib
copying file ./CancelPurchaseListView.nib ... 
2026-04-14 13:33:32 +0000  2532 bytes for ./CancelPurchaseListView.nib
copying file ./PlaylistCollectionCellList.nib ... 
8792 bytes for ./PlaylistCollectionCellList.nib
copying file ./MultiProposalsCardTitleView.nib ... 
4004 bytes for ./MultiProposalsCardTitleView.nib
copying file ./LibraryAddSubscriptionSearchHeaderView.nib ... 
4413 bytes for ./LibraryAddSubscriptionSearchHeaderView.nib
copying file ./Figtree-Italic-Variable.ttf ... 
2026-04-14 13:33:32 +0000  62292 bytes for ./Figtree-Italic-Variable.ttf
copying file ./BaseCollapsableHeaderView.nib ... 
2026-04-14 13:33:32 +0000  2518 bytes for ./BaseCollapsableHeaderView.nib
2026-04-14 13:33:32 +0000  copying file ./pt-BR.lproj/IVMainConfig.plist ... 
2026-04-14 13:33:32 +0000  1504 bytes for ./pt-BR.lproj/IVMainConfig.plist
copying file ./pt-BR.lproj/Localizable.strings ... 
2026-04-14 13:33:32 +0000  217608 bytes for ./pt-BR.lproj/Localizable.strings
copying file ./pt-BR.lproj/InfoPlist.strings ... 
2026-04-14 13:33:32 +0000  208 bytes for ./pt-BR.lproj/InfoPlist.strings
2026-04-14 13:33:32 +0000  copying file ./pt-BR.lproj/Localizable.stringsdict ... 
2026-04-14 13:33:32 +0000  1129 bytes for ./pt-BR.lproj/Localizable.stringsdict
2026-04-14 13:33:32 +0000  copying file ./pt-BR.lproj/LocalizablePlurals.strings ... 
2026-04-14 13:33:32 +0000  2619 bytes for ./pt-BR.lproj/LocalizablePlurals.strings
2026-04-14 13:33:32 +0000  copying file ./pt-BR.lproj/ReleaseNotes.plist ... 
2026-04-14 13:33:32 +0000  168 bytes for ./pt-BR.lproj/ReleaseNotes.plist
copying file ./ProgramDetailEmptyView.nib ... 
2026-04-14 13:33:32 +0000  3956 bytes for ./ProgramDetailEmptyView.nib
2026-04-14 13:33:32 +0000  copying file ./PurchaseInAppProductsView.nib ... 
2026-04-14 13:33:32 +0000  4747 bytes for ./PurchaseInAppProductsView.nib
copying file ./PATitleControlsView.nib ... 
2026-04-14 13:33:32 +0000  3346 bytes for ./PATitleControlsView.nib
2026-04-14 13:33:32 +0000  copying file ./SurpriseMeTopicCell.nib ... 
2026-04-14 13:33:32 +0000  3246 bytes for ./SurpriseMeTopicCell.nib
2026-04-14 13:33:32 +0000  copying file ./AdAudioCell.nib ... 
16927 bytes for ./AdAudioCell.nib
copying file ./ProgramSettingsSwitchCell.nib ... 
2026-04-14 13:33:32 +0000  5057 bytes for ./ProgramSettingsSwitchCell.nib
copying file ./RCPProductsView.nib ... 
2026-04-14 13:33:32 +0000  1863 bytes for ./RCPProductsView.nib
copying file ./PrivacyInfo.xcprivacy ... 
2026-04-14 13:33:32 +0000  6652 bytes for ./PrivacyInfo.xcprivacy
2026-04-14 13:33:32 +0000  copying file ./CMAMainControlsView.nib ... 
2026-04-14 13:33:32 +0000  7761 bytes for ./CMAMainControlsView.nib
2026-04-14 13:33:32 +0000  copying file ./SmartListInputCell.nib ... 
2026-04-14 13:33:32 +0000  3225 bytes for ./SmartListInputCell.nib
copying file ./PlayerPodmarksHeaderView.nib ... 
2026-04-14 13:33:32 +0000  4214 bytes for ./PlayerPodmarksHeaderView.nib
copying file ./PodcastRankingCell.nib ... 
2026-04-14 13:33:32 +0000  7192 bytes for ./PodcastRankingCell.nib
2026-04-14 13:33:32 +0000  copying file ./ExploreCategoryCell.nib ... 
2026-04-14 13:33:32 +0000  3354 bytes for ./ExploreCategoryCell.nib
2026-04-14 13:33:32 +0000  copying file ./LNESearchErrorView.nib ... 
2026-04-14 13:33:32 +0000  3966 bytes for ./LNESearchErrorView.nib
2026-04-14 13:33:32 +0000  copying file ./CancelPurchaseListItem.nib ... 
2026-04-14 13:33:32 +0000  3533 bytes for ./CancelPurchaseListItem.nib
2026-04-14 13:33:32 +0000  copying file ./DynamicGridSkeletonCell.nib ... 
2026-04-14 13:33:32 +0000  3348 bytes for ./DynamicGridSkeletonCell.nib
2026-04-14 13:33:32 +0000  copying file ./ListInitialContextView.nib ... 
2026-04-14 13:33:32 +0000  7140 bytes for ./ListInitialContextView.nib
2026-04-14 13:33:32 +0000  copying file ./ProgramSearchErrorView.nib ... 
2026-04-14 13:33:32 +0000  3970 bytes for ./ProgramSearchErrorView.nib
2026-04-14 13:33:32 +0000  copying file ./RadioSimilarRadiosView.nib ... 
2026-04-14 13:33:32 +0000  3616 bytes for ./RadioSimilarRadiosView.nib
2026-04-14 13:33:32 +0000  copying file ./PAProgressControlsView.nib ... 
2026-04-14 13:33:32 +0000  3490 bytes for ./PAProgressControlsView.nib
2026-04-14 13:33:32 +0000  copying file ./DefaultsFIRRemoteConfig.plist ... 
2026-04-14 13:33:32 +0000  3734 bytes for ./DefaultsFIRRemoteConfig.plist
2026-04-14 13:33:32 +0000  copying file ./DynamicPreferredProgramsHeaderViewComponent.nib ... 
2026-04-14 13:33:32 +0000  2437 bytes for ./DynamicPreferredProgramsHeaderViewComponent.nib
2026-04-14 13:33:32 +0000  copying file ./PAQSimpleHeaderView.nib ... 
2026-04-14 13:33:32 +0000  3162 bytes for ./PAQSimpleHeaderView.nib
2026-04-14 13:33:32 +0000  copying file ./miniplayer_loading.json ... 
2026-04-14 13:33:32 +0000  1819 bytes for ./miniplayer_loading.json
2026-04-14 13:33:32 +0000  copying file ./LibraryCreateListView.nib ... 
2026-04-14 13:33:32 +0000  5032 bytes for ./LibraryCreateListView.nib
2026-04-14 13:33:32 +0000  copying file ./PurchasePremiumOnboardingView.nib ... 
2026-04-14 13:33:32 +0000  9460 bytes for ./PurchasePremiumOnboardingView.nib
copying file ./PurchasePremiumMainView.nib ... 
2026-04-14 13:33:32 +0000  8183 bytes for ./PurchasePremiumMainView.nib
2026-04-14 13:33:32 +0000  copying file ./RCPProductActionTCView.nib ... 
2026-04-14 13:33:32 +0000  3654 bytes for ./RCPProductActionTCView.nib
2026-04-14 13:33:32 +0000  copying file ./ProgramInitialContextView.nib ... 
2026-04-14 13:33:32 +0000  6800 bytes for ./ProgramInitialContextView.nib
2026-04-14 13:33:32 +0000  copying file ./RSREmptyPlaceholderView.nib ... 
2026-04-14 13:33:32 +0000  3772 bytes for ./RSREmptyPlaceholderView.nib
2026-04-14 13:33:32 +0000  copying file ./LibraryMainView.nib ... 
2026-04-14 13:33:32 +0000  2089 bytes for ./LibraryMainView.nib
2026-04-14 13:33:32 +0000  copying file ./iso639_2.bundle/iso639_1_to_iso639_2.plist ... 
2026-04-14 13:33:32 +0000  25464 bytes for ./iso639_2.bundle/iso639_1_to_iso639_2.plist
2026-04-14 13:33:32 +0000  copying file ./PodmarkCreatedView.nib ... 
2026-04-14 13:33:32 +0000  3186 bytes for ./PodmarkCreatedView.nib
2026-04-14 13:33:32 +0000  copying file ./BaseSearchBarView.nib ... 
2026-04-14 13:33:32 +0000  3635 bytes for ./BaseSearchBarView.nib
2026-04-14 13:33:32 +0000  copying file ./DASocialTypeView.nib ... 
2026-04-14 13:33:32 +0000  6991 bytes for ./DASocialTypeView.nib
2026-04-14 13:33:32 +0000  copying file ./AudioDetailView.nib ... 
2026-04-14 13:33:32 +0000  23993 bytes for ./AudioDetailView.nib
2026-04-14 13:33:32 +0000  copying file ./CPPlayerControlsView.nib ... 
2026-04-14 13:33:32 +0000  6644 bytes for ./CPPlayerControlsView.nib
2026-04-14 13:33:32 +0000  copying file ./CommentsPlaceholder.nib ... 
2026-04-14 13:33:32 +0000  3879 bytes for ./CommentsPlaceholder.nib
2026-04-14 13:33:32 +0000  copying file ./PlanComparisionHeaderCell.nib ... 
2026-04-14 13:33:32 +0000  6240 bytes for ./PlanComparisionHeaderCell.nib
2026-04-14 13:33:32 +0000  copying file ./IVSyncMiniplayerPopupCell.nib ... 
2026-04-14 13:33:32 +0000  7094 bytes for ./IVSyncMiniplayerPopupCell.nib
2026-04-14 13:33:32 +0000  copying file ./Watch/iVooxWatch.app/de.lproj/IVMainConfig.plist ... 
2026-04-14 13:33:32 +0000  1504 bytes for ./Watch/iVooxWatch.app/de.lproj/IVMainConfig.plist
2026-04-14 13:33:32 +0000  copying file ./Watch/iVooxWatch.app/de.lproj/Localizable.strings ... 
2026-04-14 13:33:32 +0000  8764 bytes for ./Watch/iVooxWatch.app/de.lproj/Localizable.strings
2026-04-14 13:33:32 +0000  copying file ./Watch/iVooxWatch.app/de.lproj/Localizable.stringsdict ... 
2026-04-14 13:33:32 +0000  499 bytes for ./Watch/iVooxWatch.app/de.lproj/Localizable.stringsdict
2026-04-14 13:33:32 +0000  copying file ./Watch/iVooxWatch.app/_CodeSignature/CodeResources ... 
2026-04-14 13:33:32 +0000  26784 bytes for ./Watch/iVooxWatch.app/_CodeSignature/CodeResources
2026-04-14 13:33:32 +0000  copying file ./Watch/iVooxWatch.app/en.lproj/IVMainConfig.plist ... 
2026-04-14 13:33:32 +0000  1504 bytes for ./Watch/iVooxWatch.app/en.lproj/IVMainConfig.plist
2026-04-14 13:33:32 +0000  copying file ./Watch/iVooxWatch.app/en.lproj/Localizable.strings ... 
2026-04-14 13:33:32 +0000  6782 bytes for ./Watch/iVooxWatch.app/en.lproj/Localizable.strings
2026-04-14 13:33:32 +0000  copying file ./Watch/iVooxWatch.app/en.lproj/Localizable.stringsdict ... 
2026-04-14 13:33:32 +0000  501 bytes for ./Watch/iVooxWatch.app/en.lproj/Localizable.stringsdict
2026-04-14 13:33:32 +0000  copying file ./Watch/iVooxWatch.app/es.lproj/IVMainConfig.plist ... 
2026-04-14 13:33:32 +0000  1504 bytes for ./Watch/iVooxWatch.app/es.lproj/IVMainConfig.plist
2026-04-14 13:33:32 +0000  copying file ./Watch/iVooxWatch.app/es.lproj/Localizable.strings ... 
2026-04-14 13:33:32 +0000  9801 bytes for ./Watch/iVooxWatch.app/es.lproj/Localizable.strings
2026-04-14 13:33:32 +0000  copying file ./Watch/iVooxWatch.app/es.lproj/Localizable.stringsdict ... 
2026-04-14 13:33:32 +0000  499 bytes for ./Watch/iVooxWatch.app/es.lproj/Localizable.stringsdict
2026-04-14 13:33:32 +0000  copying file ./Watch/iVooxWatch.app/Figtree-Variable.ttf ... 
2026-04-14 13:33:32 +0000  62412 bytes for ./Watch/iVooxWatch.app/Figtree-Variable.ttf
2026-04-14 13:33:32 +0000  copying file ./Watch/iVooxWatch.app/iVooxWatch ... 
2026-04-14 13:33:33 +0000  6886448 bytes for ./Watch/iVooxWatch.app/iVooxWatch
2026-04-14 13:33:33 +0000  copying file ./Watch/iVooxWatch.app/GoogleService-Info.plist ... 
2026-04-14 13:33:33 +0000  583 bytes for ./Watch/iVooxWatch.app/GoogleService-Info.plist
2026-04-14 13:33:33 +0000  copying file ./Watch/iVooxWatch.app/Bounded-Variable.ttf ... 
2026-04-14 13:33:33 +0000  645520 bytes for ./Watch/iVooxWatch.app/Bounded-Variable.ttf
2026-04-14 13:33:33 +0000  copying file ./Watch/iVooxWatch.app/Assets.car ... 
2026-04-14 13:33:33 +0000  340776 bytes for ./Watch/iVooxWatch.app/Assets.car
2026-04-14 13:33:33 +0000  copying file ./Watch/iVooxWatch.app/Figtree-Italic-Variable.ttf ... 
2026-04-14 13:33:33 +0000  62292 bytes for ./Watch/iVooxWatch.app/Figtree-Italic-Variable.ttf
2026-04-14 13:33:33 +0000  copying file ./Watch/iVooxWatch.app/pt-BR.lproj/IVMainConfig.plist ... 
2026-04-14 13:33:33 +0000  1504 bytes for ./Watch/iVooxWatch.app/pt-BR.lproj/IVMainConfig.plist
2026-04-14 13:33:33 +0000  copying file ./Watch/iVooxWatch.app/pt-BR.lproj/Localizable.strings ... 
2026-04-14 13:33:33 +0000  8709 bytes for ./Watch/iVooxWatch.app/pt-BR.lproj/Localizable.strings
2026-04-14 13:33:33 +0000  copying file ./Watch/iVooxWatch.app/pt-BR.lproj/Localizable.stringsdict ... 
2026-04-14 13:33:33 +0000  499 bytes for ./Watch/iVooxWatch.app/pt-BR.lproj/Localizable.stringsdict
2026-04-14 13:33:33 +0000  copying file ./Watch/iVooxWatch.app/PrivacyInfo.xcprivacy ... 
2026-04-14 13:33:33 +0000  714 bytes for ./Watch/iVooxWatch.app/PrivacyInfo.xcprivacy
2026-04-14 13:33:33 +0000  copying file ./Watch/iVooxWatch.app/fr.lproj/IVMainConfig.plist ... 
2026-04-14 13:33:33 +0000  1504 bytes for ./Watch/iVooxWatch.app/fr.lproj/IVMainConfig.plist
2026-04-14 13:33:33 +0000  copying file ./Watch/iVooxWatch.app/fr.lproj/Localizable.strings ... 
8970 bytes for ./Watch/iVooxWatch.app/fr.lproj/Localizable.strings
copying file ./Watch/iVooxWatch.app/fr.lproj/Localizable.stringsdict ... 
2026-04-14 13:33:33 +0000  499 bytes for ./Watch/iVooxWatch.app/fr.lproj/Localizable.stringsdict
2026-04-14 13:33:33 +0000  copying file ./Watch/iVooxWatch.app/pt.lproj/IVMainConfig.plist ... 
2026-04-14 13:33:33 +0000  1504 bytes for ./Watch/iVooxWatch.app/pt.lproj/IVMainConfig.plist
2026-04-14 13:33:33 +0000  copying file ./Watch/iVooxWatch.app/pt.lproj/Localizable.strings ... 
2026-04-14 13:33:33 +0000  8837 bytes for ./Watch/iVooxWatch.app/pt.lproj/Localizable.strings
2026-04-14 13:33:33 +0000  copying file ./Watch/iVooxWatch.app/pt.lproj/Localizable.stringsdict ... 
2026-04-14 13:33:33 +0000  499 bytes for ./Watch/iVooxWatch.app/pt.lproj/Localizable.stringsdict
2026-04-14 13:33:33 +0000  copying file ./Watch/iVooxWatch.app/Frameworks/RealmSwift.framework/_CodeSignature/CodeResources ... 
2026-04-14 13:33:33 +0000  2492 bytes for ./Watch/iVooxWatch.app/Frameworks/RealmSwift.framework/_CodeSignature/CodeResources
2026-04-14 13:33:33 +0000  copying file ./Watch/iVooxWatch.app/Frameworks/RealmSwift.framework/realm_swift_privacy.bundle/PrivacyInfo.xcprivacy ... 
2026-04-14 13:33:33 +0000  812 bytes for ./Watch/iVooxWatch.app/Frameworks/RealmSwift.framework/realm_swift_privacy.bundle/PrivacyInfo.xcprivacy
2026-04-14 13:33:33 +0000  copying file ./Watch/iVooxWatch.app/Frameworks/RealmSwift.framework/realm_swift_privacy.bundle/Info.plist ... 
2026-04-14 13:33:33 +0000  782 bytes for ./Watch/iVooxWatch.app/Frameworks/RealmSwift.framework/realm_swift_privacy.bundle/Info.plist
2026-04-14 13:33:33 +0000  copying file ./Watch/iVooxWatch.app/Frameworks/RealmSwift.framework/RealmSwift ... 
2026-04-14 13:33:33 +0000  4401888 bytes for ./Watch/iVooxWatch.app/Frameworks/RealmSwift.framework/RealmSwift
2026-04-14 13:33:33 +0000  copying file ./Watch/iVooxWatch.app/Frameworks/RealmSwift.framework/Info.plist ... 
2026-04-14 13:33:33 +0000  737 bytes for ./Watch/iVooxWatch.app/Frameworks/RealmSwift.framework/Info.plist
2026-04-14 13:33:33 +0000  copying file ./Watch/iVooxWatch.app/Frameworks/Moya.framework/_CodeSignature/CodeResources ... 
2026-04-14 13:33:33 +0000  1798 bytes for ./Watch/iVooxWatch.app/Frameworks/Moya.framework/_CodeSignature/CodeResources
2026-04-14 13:33:33 +0000  copying file ./Watch/iVooxWatch.app/Frameworks/Moya.framework/Moya ... 
2026-04-14 13:33:33 +0000  881408 bytes for ./Watch/iVooxWatch.app/Frameworks/Moya.framework/Moya
2026-04-14 13:33:33 +0000  copying file ./Watch/iVooxWatch.app/Frameworks/Moya.framework/Info.plist ... 
2026-04-14 13:33:33 +0000  724 bytes for ./Watch/iVooxWatch.app/Frameworks/Moya.framework/Info.plist
2026-04-14 13:33:33 +0000  copying file ./Watch/iVooxWatch.app/Frameworks/Kingfisher.framework/_CodeSignature/CodeResources ... 
2026-04-14 13:33:33 +0000  2456 bytes for ./Watch/iVooxWatch.app/Frameworks/Kingfisher.framework/_CodeSignature/CodeResources
2026-04-14 13:33:33 +0000  copying file ./Watch/iVooxWatch.app/Frameworks/Kingfisher.framework/Kingfisher.bundle/PrivacyInfo.xcprivacy ... 
2026-04-14 13:33:33 +0000  707 bytes for ./Watch/iVooxWatch.app/Frameworks/Kingfisher.framework/Kingfisher.bundle/PrivacyInfo.xcprivacy
2026-04-14 13:33:33 +0000  copying file ./Watch/iVooxWatch.app/Frameworks/Kingfisher.framework/Kingfisher.bundle/Info.plist ... 
2026-04-14 13:33:33 +0000  710 bytes for ./Watch/iVooxWatch.app/Frameworks/Kingfisher.framework/Kingfisher.bundle/Info.plist
2026-04-14 13:33:33 +0000  copying file ./Watch/iVooxWatch.app/Frameworks/Kingfisher.framework/Kingfisher ... 
2026-04-14 13:33:33 +0000  3458320 bytes for ./Watch/iVooxWatch.app/Frameworks/Kingfisher.framework/Kingfisher
2026-04-14 13:33:33 +0000  copying file ./Watch/iVooxWatch.app/Frameworks/Kingfisher.framework/Info.plist ... 
2026-04-14 13:33:33 +0000  735 bytes for ./Watch/iVooxWatch.app/Frameworks/Kingfisher.framework/Info.plist
2026-04-14 13:33:33 +0000  copying file ./Watch/iVooxWatch.app/Frameworks/Realm.framework/_CodeSignature/CodeResources ... 
2026-04-14 13:33:33 +0000  2488 bytes for ./Watch/iVooxWatch.app/Frameworks/Realm.framework/_CodeSignature/CodeResources
2026-04-14 13:33:33 +0000  copying file ./Watch/iVooxWatch.app/Frameworks/Realm.framework/realm_objc_privacy.bundle/PrivacyInfo.xcprivacy ... 
2026-04-14 13:33:33 +0000  812 bytes for ./Watch/iVooxWatch.app/Frameworks/Realm.framework/realm_objc_privacy.bundle/PrivacyInfo.xcprivacy
2026-04-14 13:33:33 +0000  copying file ./Watch/iVooxWatch.app/Frameworks/Realm.framework/realm_objc_privacy.bundle/Info.plist ... 
2026-04-14 13:33:33 +0000  780 bytes for ./Watch/iVooxWatch.app/Frameworks/Realm.framework/realm_objc_privacy.bundle/Info.plist
2026-04-14 13:33:33 +0000  copying file ./Watch/iVooxWatch.app/Frameworks/Realm.framework/Info.plist ... 
2026-04-14 13:33:33 +0000  727 bytes for ./Watch/iVooxWatch.app/Frameworks/Realm.framework/Info.plist
2026-04-14 13:33:33 +0000  copying file ./Watch/iVooxWatch.app/Frameworks/Realm.framework/Realm ... 
2026-04-14 13:33:33 +0000  25522880 bytes for ./Watch/iVooxWatch.app/Frameworks/Realm.framework/Realm
2026-04-14 13:33:33 +0000  copying file ./Watch/iVooxWatch.app/Frameworks/DeviceKit.framework/_CodeSignature/CodeResources ... 
2026-04-14 13:33:33 +0000  2452 bytes for ./Watch/iVooxWatch.app/Frameworks/DeviceKit.framework/_CodeSignature/CodeResources
2026-04-14 13:33:33 +0000  copying file ./Watch/iVooxWatch.app/Frameworks/DeviceKit.framework/DeviceKit ... 
2026-04-14 13:33:33 +0000  410416 bytes for ./Watch/iVooxWatch.app/Frameworks/DeviceKit.framework/DeviceKit
2026-04-14 13:33:33 +0000  copying file ./Watch/iVooxWatch.app/Frameworks/DeviceKit.framework/DeviceKit.bundle/PrivacyInfo.xcprivacy ... 
2026-04-14 13:33:33 +0000  623 bytes for ./Watch/iVooxWatch.app/Frameworks/DeviceKit.framework/DeviceKit.bundle/PrivacyInfo.xcprivacy
2026-04-14 13:33:33 +0000  copying file ./Watch/iVooxWatch.app/Frameworks/DeviceKit.framework/DeviceKit.bundle/Info.plist ... 
2026-04-14 13:33:33 +0000  758 bytes for ./Watch/iVooxWatch.app/Frameworks/DeviceKit.framework/DeviceKit.bundle/Info.plist
2026-04-14 13:33:33 +0000  copying file ./Watch/iVooxWatch.app/Frameworks/DeviceKit.framework/Info.plist ... 
2026-04-14 13:33:33 +0000  733 bytes for ./Watch/iVooxWatch.app/Frameworks/DeviceKit.framework/Info.plist
2026-04-14 13:33:33 +0000  copying file ./Watch/iVooxWatch.app/Frameworks/Alamofire.framework/_CodeSignature/CodeResources ... 
2026-04-14 13:33:33 +0000  2452 bytes for ./Watch/iVooxWatch.app/Frameworks/Alamofire.framework/_CodeSignature/CodeResources
2026-04-14 13:33:33 +0000  copying file ./Watch/iVooxWatch.app/Frameworks/Alamofire.framework/Alamofire ... 
2026-04-14 13:33:33 +0000  4714800 bytes for ./Watch/iVooxWatch.app/Frameworks/Alamofire.framework/Alamofire
2026-04-14 13:33:33 +0000  copying file ./Watch/iVooxWatch.app/Frameworks/Alamofire.framework/Alamofire.bundle/PrivacyInfo.xcprivacy ... 
2026-04-14 13:33:33 +0000  600 bytes for ./Watch/iVooxWatch.app/Frameworks/Alamofire.framework/Alamofire.bundle/PrivacyInfo.xcprivacy
2026-04-14 13:33:33 +0000  copying file ./Watch/iVooxWatch.app/Frameworks/Alamofire.framework/Alamofire.bundle/Info.plist ... 
2026-04-14 13:33:33 +0000  759 bytes for ./Watch/iVooxWatch.app/Frameworks/Alamofire.framework/Alamofire.bundle/Info.plist
2026-04-14 13:33:33 +0000  copying file ./Watch/iVooxWatch.app/Frameworks/Alamofire.framework/Info.plist ... 
2026-04-14 13:33:33 +0000  734 bytes for ./Watch/iVooxWatch.app/Frameworks/Alamofire.framework/Info.plist
2026-04-14 13:33:33 +0000  copying file ./Watch/iVooxWatch.app/Frameworks/ObjectMapper.framework/_CodeSignature/CodeResources ... 
2026-04-14 13:33:33 +0000  2444 bytes for ./Watch/iVooxWatch.app/Frameworks/ObjectMapper.framework/_CodeSignature/CodeResources
2026-04-14 13:33:33 +0000  copying file ./Watch/iVooxWatch.app/Frameworks/ObjectMapper.framework/Privacy.bundle/PrivacyInfo.xcprivacy ... 
2026-04-14 13:33:33 +0000  373 bytes for ./Watch/iVooxWatch.app/Frameworks/ObjectMapper.framework/Privacy.bundle/PrivacyInfo.xcprivacy
2026-04-14 13:33:33 +0000  copying file ./Watch/iVooxWatch.app/Frameworks/ObjectMapper.framework/Privacy.bundle/Info.plist ... 
2026-04-14 13:33:33 +0000  754 bytes for ./Watch/iVooxWatch.app/Frameworks/ObjectMapper.framework/Privacy.bundle/Info.plist
2026-04-14 13:33:33 +0000  copying file ./Watch/iVooxWatch.app/Frameworks/ObjectMapper.framework/ObjectMapper ... 
2026-04-14 13:33:33 +0000  832848 bytes for ./Watch/iVooxWatch.app/Frameworks/ObjectMapper.framework/ObjectMapper
2026-04-14 13:33:33 +0000  copying file ./Watch/iVooxWatch.app/Frameworks/ObjectMapper.framework/Info.plist ... 
2026-04-14 13:33:33 +0000  739 bytes for ./Watch/iVooxWatch.app/Frameworks/ObjectMapper.framework/Info.plist
2026-04-14 13:33:33 +0000  copying file ./Watch/iVooxWatch.app/Frameworks/RxSwift.framework/_CodeSignature/CodeResources ... 
2026-04-14 13:33:33 +0000  2476 bytes for ./Watch/iVooxWatch.app/Frameworks/RxSwift.framework/_CodeSignature/CodeResources
2026-04-14 13:33:33 +0000  copying file ./Watch/iVooxWatch.app/Frameworks/RxSwift.framework/RxSwift ... 
2026-04-14 13:33:33 +0000  3208944 bytes for ./Watch/iVooxWatch.app/Frameworks/RxSwift.framework/RxSwift
2026-04-14 13:33:33 +0000  copying file ./Watch/iVooxWatch.app/Frameworks/RxSwift.framework/RxSwift_Privacy.bundle/PrivacyInfo.xcprivacy ... 
2026-04-14 13:33:33 +0000  372 bytes for ./Watch/iVooxWatch.app/Frameworks/RxSwift.framework/RxSwift_Privacy.bundle/PrivacyInfo.xcprivacy
2026-04-14 13:33:33 +0000  copying file ./Watch/iVooxWatch.app/Frameworks/RxSwift.framework/RxSwift_Privacy.bundle/Info.plist ... 
2026-04-14 13:33:33 +0000  772 bytes for ./Watch/iVooxWatch.app/Frameworks/RxSwift.framework/RxSwift_Privacy.bundle/Info.plist
2026-04-14 13:33:33 +0000  copying file ./Watch/iVooxWatch.app/Frameworks/RxSwift.framework/Info.plist ... 
2026-04-14 13:33:33 +0000  729 bytes for ./Watch/iVooxWatch.app/Frameworks/RxSwift.framework/Info.plist
2026-04-14 13:33:33 +0000  copying file ./Watch/iVooxWatch.app/embedded.mobileprovision ... 
2026-04-14 13:33:33 +0000  14379 bytes for ./Watch/iVooxWatch.app/embedded.mobileprovision
2026-04-14 13:33:33 +0000  copying file ./Watch/iVooxWatch.app/Info.plist ... 
2026-04-14 13:33:33 +0000  1571 bytes for ./Watch/iVooxWatch.app/Info.plist
2026-04-14 13:33:33 +0000  copying file ./Watch/iVooxWatch.app/PkgInfo ... 
2026-04-14 13:33:33 +0000  8 bytes for ./Watch/iVooxWatch.app/PkgInfo
2026-04-14 13:33:33 +0000  copying file ./Watch/iVooxWatch.app/ca.lproj/IVMainConfig.plist ... 
2026-04-14 13:33:33 +0000  1504 bytes for ./Watch/iVooxWatch.app/ca.lproj/IVMainConfig.plist
2026-04-14 13:33:33 +0000  copying file ./Watch/iVooxWatch.app/ca.lproj/Localizable.strings ... 
2026-04-14 13:33:33 +0000  9595 bytes for ./Watch/iVooxWatch.app/ca.lproj/Localizable.strings
2026-04-14 13:33:33 +0000  copying file ./Watch/iVooxWatch.app/ca.lproj/Localizable.stringsdict ... 
2026-04-14 13:33:33 +0000  499 bytes for ./Watch/iVooxWatch.app/ca.lproj/Localizable.stringsdict
2026-04-14 13:33:33 +0000  copying file ./LoggerView.nib ... 
2026-04-14 13:33:33 +0000  3213 bytes for ./LoggerView.nib
2026-04-14 13:33:33 +0000  copying file ./PlayerAutopromoView.nib ... 
2026-04-14 13:33:33 +0000  3057 bytes for ./PlayerAutopromoView.nib
2026-04-14 13:33:33 +0000  copying file ./BottomSheetViewPlainCell.nib ... 
2026-04-14 13:33:33 +0000  5276 bytes for ./BottomSheetViewPlainCell.nib
2026-04-14 13:33:33 +0000  copying file ./SectionSquareCarouselCell.nib ... 
2026-04-14 13:33:33 +0000  1527 bytes for ./SectionSquareCarouselCell.nib
2026-04-14 13:33:33 +0000  copying file ./DynamicSectionHeaderReusableView.nib ... 
2026-04-14 13:33:33 +0000  7012 bytes for ./DynamicSectionHeaderReusableView.nib
2026-04-14 13:33:33 +0000  copying file ./SmartListTitleHeader.nib ... 
2026-04-14 13:33:33 +0000  3278 bytes for ./SmartListTitleHeader.nib
2026-04-14 13:33:33 +0000  copying file ./ProductsButtonActionsView.nib ... 
2026-04-14 13:33:33 +0000  4683 bytes for ./ProductsButtonActionsView.nib
2026-04-14 13:33:33 +0000  copying file ./ExploreSearchFooterView.nib ... 
2026-04-14 13:33:33 +0000  2481 bytes for ./ExploreSearchFooterView.nib
2026-04-14 13:33:33 +0000  copying file ./MGZSectionHeaderView.nib ... 
2026-04-14 13:33:33 +0000  2597 bytes for ./MGZSectionHeaderView.nib
2026-04-14 13:33:33 +0000  copying file ./Mappign_v55_to_v56.cdm ... 
2026-04-14 13:33:33 +0000  227657 bytes for ./Mappign_v55_to_v56.cdm
2026-04-14 13:33:33 +0000  copying file ./TooltipMainCell.nib ... 
2026-04-14 13:33:33 +0000  1408 bytes for ./TooltipMainCell.nib
2026-04-14 13:33:33 +0000  copying file ./ExploreOriginalsView.nib ... 
2026-04-14 13:33:33 +0000  3216 bytes for ./ExploreOriginalsView.nib
2026-04-14 13:33:33 +0000  copying file ./AudioPopupPodmarkListFooterView.nib ... 
2026-04-14 13:33:33 +0000  5835 bytes for ./AudioPopupPodmarkListFooterView.nib
2026-04-14 13:33:33 +0000  copying file ./LoginSignInTitleView.nib ... 
2026-04-14 13:33:33 +0000  3399 bytes for ./LoginSignInTitleView.nib
2026-04-14 13:33:33 +0000  copying file ./MySupportDetailSectionFooterView.nib ... 
2026-04-14 13:33:33 +0000  3809 bytes for ./MySupportDetailSectionFooterView.nib
2026-04-14 13:33:33 +0000  copying file ./PSActionButtonsView.nib ... 
2026-04-14 13:33:33 +0000  3835 bytes for ./PSActionButtonsView.nib
2026-04-14 13:33:33 +0000  copying file ./SpeciallyForYouView.nib ... 
2026-04-14 13:33:33 +0000  3159 bytes for ./SpeciallyForYouView.nib
2026-04-14 13:33:33 +0000  copying file ./PodmarkCell.nib ... 
2026-04-14 13:33:33 +0000  8886 bytes for ./PodmarkCell.nib
2026-04-14 13:33:33 +0000  copying file ./fr.lproj/IVMainConfig.plist ... 
2026-04-14 13:33:33 +0000  1504 bytes for ./fr.lproj/IVMainConfig.plist
2026-04-14 13:33:33 +0000  copying file ./fr.lproj/Localizable.strings ... 
2026-04-14 13:33:33 +0000  232139 bytes for ./fr.lproj/Localizable.strings
2026-04-14 13:33:33 +0000  copying file ./fr.lproj/InfoPlist.strings ... 
2026-04-14 13:33:33 +0000  224 bytes for ./fr.lproj/InfoPlist.strings
2026-04-14 13:33:33 +0000  copying file ./fr.lproj/Localizable.stringsdict ... 
2026-04-14 13:33:33 +0000  1171 bytes for ./fr.lproj/Localizable.stringsdict
2026-04-14 13:33:33 +0000  copying file ./fr.lproj/LocalizablePlurals.strings ... 
2026-04-14 13:33:33 +0000  2697 bytes for ./fr.lproj/LocalizablePlurals.strings
2026-04-14 13:33:33 +0000  copying file ./fr.lproj/ReleaseNotes.plist ... 
2026-04-14 13:33:33 +0000  168 bytes for ./fr.lproj/ReleaseNotes.plist
2026-04-14 13:33:33 +0000  copying file ./MySupportDetailInfoCell.nib ... 
2026-04-14 13:33:33 +0000  4632 bytes for ./MySupportDetailInfoCell.nib
2026-04-14 13:33:33 +0000  copying file ./IVSettingCell.nib ... 
2026-04-14 13:33:33 +0000  6204 bytes for ./IVSettingCell.nib
2026-04-14 13:33:33 +0000  copying file ./SmartListCheckCell.nib ... 
2026-04-14 13:33:33 +0000  4083 bytes for ./SmartListCheckCell.nib
2026-04-14 13:33:33 +0000  copying file ./CarModeRadioCarouselView.nib ... 
2026-04-14 13:33:33 +0000  2415 bytes for ./CarModeRadioCarouselView.nib
2026-04-14 13:33:33 +0000  copying file ./NoDataView.nib ... 
2026-04-14 13:33:33 +0000  5221 bytes for ./NoDataView.nib
2026-04-14 13:33:33 +0000  copying file ./PlayerPodmarksFooterEmptyView.nib ... 
2026-04-14 13:33:33 +0000  4650 bytes for ./PlayerPodmarksFooterEmptyView.nib
2026-04-14 13:33:33 +0000  copying file ./RCPProductActionAcceptView.nib ... 
2026-04-14 13:33:33 +0000  5050 bytes for ./RCPProductActionAcceptView.nib
2026-04-14 13:33:33 +0000  copying file ./ExploreDetailOnDemandListViewComponent.nib ... 
1885 bytes for ./ExploreDetailOnDemandListViewComponent.nib
copying file ./MarkerCell.nib ... 
5345 bytes for ./MarkerCell.nib
copying file ./MultiProposalsCell.nib ... 
2026-04-14 13:33:33 +0000  1411 bytes for ./MultiProposalsCell.nib
copying file ./SectionSquareCollectionCell.nib ... 
2026-04-14 13:33:33 +0000  4314 bytes for ./SectionSquareCollectionCell.nib
2026-04-14 13:33:33 +0000  copying file ./SectionHeaderCell.nib ... 
2026-04-14 13:33:33 +0000  3659 bytes for ./SectionHeaderCell.nib
copying file ./PurchaseInAppFAQCell.nib ... 
2026-04-14 13:33:33 +0000  2712 bytes for ./PurchaseInAppFAQCell.nib
2026-04-14 13:33:33 +0000  copying file ./pt.lproj/IVMainConfig.plist ... 
2026-04-14 13:33:33 +0000  1504 bytes for ./pt.lproj/IVMainConfig.plist
2026-04-14 13:33:33 +0000  copying file ./pt.lproj/Localizable.strings ... 
2026-04-14 13:33:33 +0000  218003 bytes for ./pt.lproj/Localizable.strings
2026-04-14 13:33:33 +0000  copying file ./pt.lproj/InfoPlist.strings ... 
2026-04-14 13:33:33 +0000  226 bytes for ./pt.lproj/InfoPlist.strings
copying file ./pt.lproj/Localizable.stringsdict ... 
2026-04-14 13:33:33 +0000  1131 bytes for ./pt.lproj/Localizable.stringsdict
2026-04-14 13:33:33 +0000  copying file ./pt.lproj/LocalizablePlurals.strings ... 
2026-04-14 13:33:33 +0000  2655 bytes for ./pt.lproj/LocalizablePlurals.strings
2026-04-14 13:33:33 +0000  copying file ./pt.lproj/ReleaseNotes.plist ... 
2026-04-14 13:33:33 +0000  168 bytes for ./pt.lproj/ReleaseNotes.plist
2026-04-14 13:33:33 +0000  copying file ./PlaylistDetailHeaderView.nib ... 
2026-04-14 13:33:33 +0000  12443 bytes for ./PlaylistDetailHeaderView.nib
2026-04-14 13:33:33 +0000  copying file ./AudioCell.nib ... 
2026-04-14 13:33:33 +0000  9856 bytes for ./AudioCell.nib
2026-04-14 13:33:33 +0000  copying file ./PlaylistDetailLocalHeaderView.nib ... 
2026-04-14 13:33:33 +0000  10442 bytes for ./PlaylistDetailLocalHeaderView.nib
2026-04-14 13:33:33 +0000  copying file ./IVPodcastsFanSupportedPlaceholder.nib ... 
2026-04-14 13:33:33 +0000  3823 bytes for ./IVPodcastsFanSupportedPlaceholder.nib
2026-04-14 13:33:33 +0000  copying file ./IVPreferredCategoryCell.nib ... 
2026-04-14 13:33:33 +0000  4938 bytes for ./IVPreferredCategoryCell.nib
2026-04-14 13:33:33 +0000  copying file ./silent.mp3 ... 
2026-04-14 13:33:33 +0000  9265 bytes for ./silent.mp3
2026-04-14 13:33:33 +0000  copying file ./Mapping_v52_to_v54.cdm ... 
2026-04-14 13:33:33 +0000  185970 bytes for ./Mapping_v52_to_v54.cdm
2026-04-14 13:33:33 +0000  copying file ./CMCarouselCell.nib ... 
2026-04-14 13:33:33 +0000  2067 bytes for ./CMCarouselCell.nib
2026-04-14 13:33:33 +0000  copying file ./PlayerRadioView.nib ... 
2026-04-14 13:33:33 +0000  5654 bytes for ./PlayerRadioView.nib
2026-04-14 13:33:33 +0000  copying file ./Frameworks/Toast.framework/_CodeSignature/CodeResources ... 
2026-04-14 13:33:33 +0000  2292 bytes for ./Frameworks/Toast.framework/_CodeSignature/CodeResources
2026-04-14 13:33:33 +0000  copying file ./Frameworks/Toast.framework/Toast ... 
2026-04-14 13:33:33 +0000  118640 bytes for ./Frameworks/Toast.framework/Toast
2026-04-14 13:33:33 +0000  copying file ./Frameworks/Toast.framework/Toast.bundle/PrivacyInfo.xcprivacy ... 
2026-04-14 13:33:33 +0000  372 bytes for ./Frameworks/Toast.framework/Toast.bundle/PrivacyInfo.xcprivacy
2026-04-14 13:33:33 +0000  copying file ./Frameworks/Toast.framework/Toast.bundle/Info.plist ... 
2026-04-14 13:33:33 +0000  750 bytes for ./Frameworks/Toast.framework/Toast.bundle/Info.plist
2026-04-14 13:33:33 +0000  copying file ./Frameworks/Toast.framework/Info.plist ... 
2026-04-14 13:33:33 +0000  775 bytes for ./Frameworks/Toast.framework/Info.plist
2026-04-14 13:33:33 +0000  copying file ./Frameworks/MoEngageCore.framework/_CodeSignature/CodeResources ... 
2026-04-14 13:33:33 +0000  1798 bytes for ./Frameworks/MoEngageCore.framework/_CodeSignature/CodeResources
2026-04-14 13:33:33 +0000  copying file ./Frameworks/MoEngageCore.framework/MoEngageCore ... 
2026-04-14 13:33:33 +0000  4662208 bytes for ./Frameworks/MoEngageCore.framework/MoEngageCore
2026-04-14 13:33:33 +0000  copying file ./Frameworks/MoEngageCore.framework/Info.plist ... 
2026-04-14 13:33:33 +0000  924 bytes for ./Frameworks/MoEngageCore.framework/Info.plist
2026-04-14 13:33:33 +0000  copying file ./Frameworks/AnalyticsConnector.framework/_CodeSignature/CodeResources ... 
2026-04-14 13:33:33 +0000  1798 bytes for ./Frameworks/AnalyticsConnector.framework/_CodeSignature/CodeResources
2026-04-14 13:33:33 +0000  copying file ./Frameworks/AnalyticsConnector.framework/AnalyticsConnector ... 
2026-04-14 13:33:33 +0000  122176 bytes for ./Frameworks/AnalyticsConnector.framework/AnalyticsConnector
2026-04-14 13:33:33 +0000  copying file ./Frameworks/AnalyticsConnector.framework/Info.plist ... 
2026-04-14 13:33:33 +0000  803 bytes for ./Frameworks/AnalyticsConnector.framework/Info.plist
2026-04-14 13:33:33 +0000  copying file ./Frameworks/MarqueeLabel.framework/_CodeSignature/CodeResources ... 
2026-04-14 13:33:33 +0000  2320 bytes for ./Frameworks/MarqueeLabel.framework/_CodeSignature/CodeResources
2026-04-14 13:33:33 +0000  copying file ./Frameworks/MarqueeLabel.framework/MarqueeLabel ... 
2026-04-14 13:33:33 +0000  185792 bytes for ./Frameworks/MarqueeLabel.framework/MarqueeLabel
2026-04-14 13:33:33 +0000  copying file ./Frameworks/MarqueeLabel.framework/MarqueeLabel.bundle/PrivacyInfo.xcprivacy ... 
2026-04-14 13:33:33 +0000  373 bytes for ./Frameworks/MarqueeLabel.framework/MarqueeLabel.bundle/PrivacyInfo.xcprivacy
2026-04-14 13:33:33 +0000  copying file ./Frameworks/MarqueeLabel.framework/MarqueeLabel.bundle/Info.plist ... 
2026-04-14 13:33:33 +0000  764 bytes for ./Frameworks/MarqueeLabel.framework/MarqueeLabel.bundle/Info.plist
2026-04-14 13:33:33 +0000  copying file ./Frameworks/MarqueeLabel.framework/Info.plist ... 
2026-04-14 13:33:33 +0000  789 bytes for ./Frameworks/MarqueeLabel.framework/Info.plist
2026-04-14 13:33:33 +0000  copying file ./Frameworks/MoEngageSecurity.framework/_CodeSignature/CodeResources ... 
2026-04-14 13:33:33 +0000  1798 bytes for ./Frameworks/MoEngageSecurity.framework/_CodeSignature/CodeResources
2026-04-14 13:33:33 +0000  copying file ./Frameworks/MoEngageSecurity.framework/MoEngageSecurity ... 
2026-04-14 13:33:33 +0000  228848 bytes for ./Frameworks/MoEngageSecurity.framework/MoEngageSecurity
2026-04-14 13:33:33 +0000  copying file ./Frameworks/MoEngageSecurity.framework/Info.plist ... 
2026-04-14 13:33:33 +0000  933 bytes for ./Frameworks/MoEngageSecurity.framework/Info.plist
2026-04-14 13:33:33 +0000  copying file ./Frameworks/FBSDKLoginKit.framework/_CodeSignature/CodeResources ... 
2026-04-14 13:33:33 +0000  2034 bytes for ./Frameworks/FBSDKLoginKit.framework/_CodeSignature/CodeResources
2026-04-14 13:33:33 +0000  copying file ./Frameworks/FBSDKLoginKit.framework/FBSDKLoginKit ... 
2026-04-14 13:33:33 +0000  924768 bytes for ./Frameworks/FBSDKLoginKit.framework/FBSDKLoginKit
2026-04-14 13:33:33 +0000  copying file ./Frameworks/FBSDKLoginKit.framework/PrivacyInfo.xcprivacy ... 
2026-04-14 13:33:33 +0000  2780 bytes for ./Frameworks/FBSDKLoginKit.framework/PrivacyInfo.xcprivacy
2026-04-14 13:33:33 +0000  copying file ./Frameworks/FBSDKLoginKit.framework/Info.plist ... 
2026-04-14 13:33:33 +0000  802 bytes for ./Frameworks/FBSDKLoginKit.framework/Info.plist
2026-04-14 13:33:33 +0000  copying file ./Frameworks/MoEngageCampaignsCore.framework/_CodeSignature/CodeResources ... 
2026-04-14 13:33:33 +0000  1798 bytes for ./Frameworks/MoEngageCampaignsCore.framework/_CodeSignature/CodeResources
2026-04-14 13:33:33 +0000  copying file ./Frameworks/MoEngageCampaignsCore.framework/MoEngageCampaignsCore ... 
2026-04-14 13:33:33 +0000  263920 bytes for ./Frameworks/MoEngageCampaignsCore.framework/MoEngageCampaignsCore
2026-04-14 13:33:33 +0000  copying file ./Frameworks/MoEngageCampaignsCore.framework/Info.plist ... 
2026-04-14 13:33:33 +0000  943 bytes for ./Frameworks/MoEngageCampaignsCore.framework/Info.plist
2026-04-14 13:33:33 +0000  copying file ./Frameworks/GoogleDataTransport.framework/_CodeSignature/CodeResources ... 
2026-04-14 13:33:33 +0000  2380 bytes for ./Frameworks/GoogleDataTransport.framework/_CodeSignature/CodeResources
2026-04-14 13:33:33 +0000  copying file ./Frameworks/GoogleDataTransport.framework/GoogleDataTransport ... 
2026-04-14 13:33:33 +0000  331568 bytes for ./Frameworks/GoogleDataTransport.framework/GoogleDataTransport
2026-04-14 13:33:33 +0000  copying file ./Frameworks/GoogleDataTransport.framework/GoogleDataTransport_Privacy.bundle/PrivacyInfo.xcprivacy ... 
2026-04-14 13:33:33 +0000  1105 bytes for ./Frameworks/GoogleDataTransport.framework/GoogleDataTransport_Privacy.bundle/PrivacyInfo.xcprivacy
2026-04-14 13:33:33 +0000  copying file ./Frameworks/GoogleDataTransport.framework/GoogleDataTransport_Privacy.bundle/Info.plist ... 
2026-04-14 13:33:33 +0000  796 bytes for ./Frameworks/GoogleDataTransport.framework/GoogleDataTransport_Privacy.bundle/Info.plist
2026-04-14 13:33:33 +0000  copying file ./Frameworks/GoogleDataTransport.framework/Info.plist ... 
2026-04-14 13:33:33 +0000  805 bytes for ./Frameworks/GoogleDataTransport.framework/Info.plist
2026-04-14 13:33:33 +0000  copying file ./Frameworks/Permutive_iOS.framework/_CodeSignature/CodeResources ... 
2026-04-14 13:33:33 +0000  3778 bytes for ./Frameworks/Permutive_iOS.framework/_CodeSignature/CodeResources
2026-04-14 13:33:33 +0000  copying file ./Frameworks/Permutive_iOS.framework/Permutive_iOS_V3toV4_MappingModel.cdm ... 
2026-04-14 13:33:33 +0000  18995 bytes for ./Frameworks/Permutive_iOS.framework/Permutive_iOS_V3toV4_MappingModel.cdm
2026-04-14 13:33:33 +0000  copying file ./Frameworks/Permutive_iOS.framework/Permutive_iOS ... 
2026-04-14 13:33:33 +0000  4960976 bytes for ./Frameworks/Permutive_iOS.framework/Permutive_iOS
2026-04-14 13:33:33 +0000  copying file ./Frameworks/Permutive_iOS.framework/PrivacyInfo.xcprivacy ... 
2026-04-14 13:33:33 +0000  598 bytes for ./Frameworks/Permutive_iOS.framework/PrivacyInfo.xcprivacy
2026-04-14 13:33:33 +0000  copying file ./Frameworks/Permutive_iOS.framework/Permutive.momd/Permutive_v4.mom ... 
2026-04-14 13:33:33 +0000  10663 bytes for ./Frameworks/Permutive_iOS.framework/Permutive.momd/Permutive_v4.mom
2026-04-14 13:33:33 +0000  copying file ./Frameworks/Permutive_iOS.framework/Permutive.momd/Permutive_v3.mom ... 
2026-04-14 13:33:33 +0000  9587 bytes for ./Frameworks/Permutive_iOS.framework/Permutive.momd/Permutive_v3.mom
2026-04-14 13:33:33 +0000  copying file ./Frameworks/Permutive_iOS.framework/Permutive.momd/Permutive_v2.mom ... 
2026-04-14 13:33:33 +0000  9444 bytes for ./Frameworks/Permutive_iOS.framework/Permutive.momd/Permutive_v2.mom
2026-04-14 13:33:33 +0000  copying file ./Frameworks/Permutive_iOS.framework/Permutive.momd/VersionInfo.plist ... 
2026-04-14 13:33:33 +0000  2618 bytes for ./Frameworks/Permutive_iOS.framework/Permutive.momd/VersionInfo.plist
2026-04-14 13:33:33 +0000  copying file ./Frameworks/Permutive_iOS.framework/Permutive.momd/Permutive.mom ... 
2026-04-14 13:33:33 +0000  8757 bytes for ./Frameworks/Permutive_iOS.framework/Permutive.momd/Permutive.mom
2026-04-14 13:33:33 +0000  copying file ./Frameworks/Permutive_iOS.framework/Permutive.momd/Permutive_v4.omo ... 
2026-04-14 13:33:33 +0000  22400 bytes for ./Frameworks/Permutive_iOS.framework/Permutive.momd/Permutive_v4.omo
2026-04-14 13:33:33 +0000  copying file ./Frameworks/Permutive_iOS.framework/Info.plist ... 
2026-04-14 13:33:33 +0000  766 bytes for ./Frameworks/Permutive_iOS.framework/Info.plist
2026-04-14 13:33:33 +0000  copying file ./Frameworks/Kingfisher.framework/_CodeSignature/CodeResources ... 
2026-04-14 13:33:33 +0000  2312 bytes for ./Frameworks/Kingfisher.framework/_CodeSignature/CodeResources
2026-04-14 13:33:33 +0000  copying file ./Frameworks/Kingfisher.framework/Kingfisher.bundle/PrivacyInfo.xcprivacy ... 
2026-04-14 13:33:33 +0000  707 bytes for ./Frameworks/Kingfisher.framework/Kingfisher.bundle/PrivacyInfo.xcprivacy
2026-04-14 13:33:33 +0000  copying file ./Frameworks/Kingfisher.framework/Kingfisher.bundle/Info.plist ... 
2026-04-14 13:33:33 +0000  760 bytes for ./Frameworks/Kingfisher.framework/Kingfisher.bundle/Info.plist
2026-04-14 13:33:33 +0000  copying file ./Frameworks/Kingfisher.framework/Kingfisher ... 
2026-04-14 13:33:33 +0000  1332800 bytes for ./Frameworks/Kingfisher.framework/Kingfisher
2026-04-14 13:33:33 +0000  copying file ./Frameworks/Kingfisher.framework/Info.plist ... 
2026-04-14 13:33:33 +0000  785 bytes for ./Frameworks/Kingfisher.framework/Info.plist
2026-04-14 13:33:33 +0000  copying file ./Frameworks/FBSDKShareKit.framework/_CodeSignature/CodeResources ... 
2026-04-14 13:33:33 +0000  2034 bytes for ./Frameworks/FBSDKShareKit.framework/_CodeSignature/CodeResources
2026-04-14 13:33:33 +0000  copying file ./Frameworks/FBSDKShareKit.framework/PrivacyInfo.xcprivacy ... 
2026-04-14 13:33:33 +0000  1650 bytes for ./Frameworks/FBSDKShareKit.framework/PrivacyInfo.xcprivacy
2026-04-14 13:33:33 +0000  copying file ./Frameworks/FBSDKShareKit.framework/Info.plist ... 
2026-04-14 13:33:33 +0000  802 bytes for ./Frameworks/FBSDKShareKit.framework/Info.plist
2026-04-14 13:33:33 +0000  copying file ./Frameworks/FBSDKShareKit.framework/FBSDKShareKit ... 
2026-04-14 13:33:33 +0000  805152 bytes for ./Frameworks/FBSDKShareKit.framework/FBSDKShareKit
2026-04-14 13:33:33 +0000  copying file ./Frameworks/MZAppearance.framework/_CodeSignature/CodeResources ... 
2026-04-14 13:33:33 +0000  1798 bytes for ./Frameworks/MZAppearance.framework/_CodeSignature/CodeResources
2026-04-14 13:33:33 +0000  copying file ./Frameworks/MZAppearance.framework/MZAppearance ... 
2026-04-14 13:33:33 +0000  90384 bytes for ./Frameworks/MZAppearance.framework/MZAppearance
2026-04-14 13:33:33 +0000  copying file ./Frameworks/MZAppearance.framework/Info.plist ... 
2026-04-14 13:33:33 +0000  789 bytes for ./Frameworks/MZAppearance.framework/Info.plist
2026-04-14 13:33:33 +0000  copying file ./Frameworks/FirebaseCrashlytics.framework/_CodeSignature/CodeResources ... 
2026-04-14 13:33:33 +0000  2380 bytes for ./Frameworks/FirebaseCrashlytics.framework/_CodeSignature/CodeResources
2026-04-14 13:33:33 +0000  copying file ./Frameworks/FirebaseCrashlytics.framework/FirebaseCrashlytics ... 
2026-04-14 13:33:33 +0000  646048 bytes for ./Frameworks/FirebaseCrashlytics.framework/FirebaseCrashlytics
2026-04-14 13:33:33 +0000  copying file ./Frameworks/FirebaseCrashlytics.framework/FirebaseCrashlytics_Privacy.bundle/PrivacyInfo.xcprivacy ... 
2026-04-14 13:33:33 +0000  1383 bytes for ./Frameworks/FirebaseCrashlytics.framework/FirebaseCrashlytics_Privacy.bundle/PrivacyInfo.xcprivacy
2026-04-14 13:33:33 +0000  copying file ./Frameworks/FirebaseCrashlytics.framework/FirebaseCrashlytics_Privacy.bundle/Info.plist ... 
2026-04-14 13:33:33 +0000  798 bytes for ./Frameworks/FirebaseCrashlytics.framework/FirebaseCrashlytics_Privacy.bundle/Info.plist
2026-04-14 13:33:33 +0000  copying file ./Frameworks/FirebaseCrashlytics.framework/Info.plist ... 
2026-04-14 13:33:33 +0000  807 bytes for ./Frameworks/FirebaseCrashlytics.framework/Info.plist
2026-04-14 13:33:33 +0000  copying file ./Frameworks/GTMSessionFetcher.framework/_CodeSignature/CodeResources ... 
2026-04-14 13:33:33 +0000  2392 bytes for ./Frameworks/GTMSessionFetcher.framework/_CodeSignature/CodeResources
2026-04-14 13:33:33 +0000  copying file ./Frameworks/GTMSessionFetcher.framework/GTMSessionFetcher ... 
2026-04-14 13:33:33 +0000  364448 bytes for ./Frameworks/GTMSessionFetcher.framework/GTMSessionFetcher
2026-04-14 13:33:33 +0000  copying file ./Frameworks/GTMSessionFetcher.framework/GTMSessionFetcher_Core_Privacy.bundle/PrivacyInfo.xcprivacy ... 
2026-04-14 13:33:33 +0000  598 bytes for ./Frameworks/GTMSessionFetcher.framework/GTMSessionFetcher_Core_Privacy.bundle/PrivacyInfo.xcprivacy
2026-04-14 13:33:33 +0000  copying file ./Frameworks/GTMSessionFetcher.framework/GTMSessionFetcher_Core_Privacy.bundle/Info.plist ... 
2026-04-14 13:33:33 +0000  802 bytes for ./Frameworks/GTMSessionFetcher.framework/GTMSessionFetcher_Core_Privacy.bundle/Info.plist
2026-04-14 13:33:33 +0000  copying file ./Frameworks/GTMSessionFetcher.framework/Info.plist ... 
2026-04-14 13:33:33 +0000  801 bytes for ./Frameworks/GTMSessionFetcher.framework/Info.plist
2026-04-14 13:33:33 +0000  copying file ./Frameworks/FBLPromises.framework/_CodeSignature/CodeResources ... 
2026-04-14 13:33:33 +0000  2348 bytes for ./Frameworks/FBLPromises.framework/_CodeSignature/CodeResources
2026-04-14 13:33:33 +0000  copying file ./Frameworks/FBLPromises.framework/FBLPromises_Privacy.bundle/PrivacyInfo.xcprivacy ... 
2026-04-14 13:33:33 +0000  373 bytes for ./Frameworks/FBLPromises.framework/FBLPromises_Privacy.bundle/PrivacyInfo.xcprivacy
2026-04-14 13:33:33 +0000  copying file ./Frameworks/FBLPromises.framework/FBLPromises_Privacy.bundle/Info.plist ... 
2026-04-14 13:33:33 +0000  780 bytes for ./Frameworks/FBLPromises.framework/FBLPromises_Privacy.bundle/Info.plist
2026-04-14 13:33:33 +0000  copying file ./Frameworks/FBLPromises.framework/FBLPromises ... 
2026-04-14 13:33:33 +0000  157920 bytes for ./Frameworks/FBLPromises.framework/FBLPromises
2026-04-14 13:33:33 +0000  copying file ./Frameworks/FBLPromises.framework/Info.plist ... 
2026-04-14 13:33:33 +0000  787 bytes for ./Frameworks/FBLPromises.framework/Info.plist
2026-04-14 13:33:33 +0000  copying file ./Frameworks/GTMAppAuth.framework/_CodeSignature/CodeResources ... 
2026-04-14 13:33:33 +0000  2344 bytes for ./Frameworks/GTMAppAuth.framework/_CodeSignature/CodeResources
2026-04-14 13:33:33 +0000  copying file ./Frameworks/GTMAppAuth.framework/GTMAppAuth_Privacy.bundle/PrivacyInfo.xcprivacy ... 
2026-04-14 13:33:33 +0000  373 bytes for ./Frameworks/GTMAppAuth.framework/GTMAppAuth_Privacy.bundle/PrivacyInfo.xcprivacy
2026-04-14 13:33:33 +0000  copying file ./Frameworks/GTMAppAuth.framework/GTMAppAuth_Privacy.bundle/Info.plist ... 
2026-04-14 13:33:33 +0000  778 bytes for ./Frameworks/GTMAppAuth.framework/GTMAppAuth_Privacy.bundle/Info.plist
2026-04-14 13:33:33 +0000  copying file ./Frameworks/GTMAppAuth.framework/Info.plist ... 
2026-04-14 13:33:33 +0000  785 bytes for ./Frameworks/GTMAppAuth.framework/Info.plist
2026-04-14 13:33:33 +0000  copying file ./Frameworks/GTMAppAuth.framework/GTMAppAuth ... 
2026-04-14 13:33:33 +0000  206448 bytes for ./Frameworks/GTMAppAuth.framework/GTMAppAuth
2026-04-14 13:33:33 +0000  copying file ./Frameworks/FirebaseCoreInternal.framework/_CodeSignature/CodeResources ... 
2026-04-14 13:33:33 +0000  2384 bytes for ./Frameworks/FirebaseCoreInternal.framework/_CodeSignature/CodeResources
copying file ./Frameworks/FirebaseCoreInternal.framework/FirebaseCoreInternal_Privacy.bundle/PrivacyInfo.xcprivacy ... 
2026-04-14 13:33:33 +0000  855 bytes for ./Frameworks/FirebaseCoreInternal.framework/FirebaseCoreInternal_Privacy.bundle/PrivacyInfo.xcprivacy
2026-04-14 13:33:33 +0000  copying file ./Frameworks/FirebaseCoreInternal.framework/FirebaseCoreInternal_Privacy.bundle/Info.plist ... 
2026-04-14 13:33:33 +0000  800 bytes for ./Frameworks/FirebaseCoreInternal.framework/FirebaseCoreInternal_Privacy.bundle/Info.plist
2026-04-14 13:33:33 +0000  copying file ./Frameworks/FirebaseCoreInternal.framework/FirebaseCoreInternal ... 
2026-04-14 13:33:33 +0000  189776 bytes for ./Frameworks/FirebaseCoreInternal.framework/FirebaseCoreInternal
2026-04-14 13:33:33 +0000  copying file ./Frameworks/FirebaseCoreInternal.framework/Info.plist ... 
2026-04-14 13:33:33 +0000  809 bytes for ./Frameworks/FirebaseCoreInternal.framework/Info.plist
2026-04-14 13:33:33 +0000  copying file ./Frameworks/FirebaseSharedSwift.framework/_CodeSignature/CodeResources ... 
2026-04-14 13:33:33 +0000  1798 bytes for ./Frameworks/FirebaseSharedSwift.framework/_CodeSignature/CodeResources
copying file ./Frameworks/FirebaseSharedSwift.framework/FirebaseSharedSwift ... 
2026-04-14 13:33:33 +0000  304848 bytes for ./Frameworks/FirebaseSharedSwift.framework/FirebaseSharedSwift
2026-04-14 13:33:33 +0000  copying file ./Frameworks/FirebaseSharedSwift.framework/Info.plist ... 
2026-04-14 13:33:33 +0000  807 bytes for ./Frameworks/FirebaseSharedSwift.framework/Info.plist
2026-04-14 13:33:33 +0000  copying file ./Frameworks/FirebaseCore.framework/_CodeSignature/CodeResources ... 
2026-04-14 13:33:33 +0000  2352 bytes for ./Frameworks/FirebaseCore.framework/_CodeSignature/CodeResources
2026-04-14 13:33:33 +0000  copying file ./Frameworks/FirebaseCore.framework/FirebaseCore_Privacy.bundle/PrivacyInfo.xcprivacy ... 
2026-04-14 13:33:33 +0000  855 bytes for ./Frameworks/FirebaseCore.framework/FirebaseCore_Privacy.bundle/PrivacyInfo.xcprivacy
2026-04-14 13:33:33 +0000  copying file ./Frameworks/FirebaseCore.framework/FirebaseCore_Privacy.bundle/Info.plist ... 
2026-04-14 13:33:33 +0000  784 bytes for ./Frameworks/FirebaseCore.framework/FirebaseCore_Privacy.bundle/Info.plist
2026-04-14 13:33:33 +0000  copying file ./Frameworks/FirebaseCore.framework/FirebaseCore ... 
2026-04-14 13:33:33 +0000  174592 bytes for ./Frameworks/FirebaseCore.framework/FirebaseCore
2026-04-14 13:33:33 +0000  copying file ./Frameworks/FirebaseCore.framework/Info.plist ... 
2026-04-14 13:33:33 +0000  791 bytes for ./Frameworks/FirebaseCore.framework/Info.plist
2026-04-14 13:33:33 +0000  copying file ./Frameworks/AppAuth.framework/_CodeSignature/CodeResources ... 
2026-04-14 13:33:33 +0000  2348 bytes for ./Frameworks/AppAuth.framework/_CodeSignature/CodeResources
2026-04-14 13:33:33 +0000  copying file ./Frameworks/AppAuth.framework/AppAuth ... 
2026-04-14 13:33:33 +0000  280528 bytes for ./Frameworks/AppAuth.framework/AppAuth
copying file ./Frameworks/AppAuth.framework/AppAuthCore_Privacy.bundle/PrivacyInfo.xcprivacy ... 
2026-04-14 13:33:33 +0000  391 bytes for ./Frameworks/AppAuth.framework/AppAuthCore_Privacy.bundle/PrivacyInfo.xcprivacy
copying file ./Frameworks/AppAuth.framework/AppAuthCore_Privacy.bundle/Info.plist ... 
2026-04-14 13:33:33 +0000  780 bytes for ./Frameworks/AppAuth.framework/AppAuthCore_Privacy.bundle/Info.plist
2026-04-14 13:33:33 +0000  copying file ./Frameworks/AppAuth.framework/Info.plist ... 
2026-04-14 13:33:33 +0000  779 bytes for ./Frameworks/AppAuth.framework/Info.plist
2026-04-14 13:33:33 +0000  copying file ./Frameworks/FirebaseRemoteConfig.framework/_CodeSignature/CodeResources ... 
2026-04-14 13:33:33 +0000  2384 bytes for ./Frameworks/FirebaseRemoteConfig.framework/_CodeSignature/CodeResources
2026-04-14 13:33:33 +0000  copying file ./Frameworks/FirebaseRemoteConfig.framework/FirebaseRemoteConfig_Privacy.bundle/PrivacyInfo.xcprivacy ... 
2026-04-14 13:33:33 +0000  1482 bytes for ./Frameworks/FirebaseRemoteConfig.framework/FirebaseRemoteConfig_Privacy.bundle/PrivacyInfo.xcprivacy
2026-04-14 13:33:33 +0000  copying file ./Frameworks/FirebaseRemoteConfig.framework/FirebaseRemoteConfig_Privacy.bundle/Info.plist ... 
2026-04-14 13:33:33 +0000  800 bytes for ./Frameworks/FirebaseRemoteConfig.framework/FirebaseRemoteConfig_Privacy.bundle/Info.plist
2026-04-14 13:33:33 +0000  copying file ./Frameworks/FirebaseRemoteConfig.framework/FirebaseRemoteConfig ... 
2026-04-14 13:33:33 +0000  352688 bytes for ./Frameworks/FirebaseRemoteConfig.framework/FirebaseRemoteConfig
2026-04-14 13:33:33 +0000  copying file ./Frameworks/FirebaseRemoteConfig.framework/Info.plist ... 
2026-04-14 13:33:33 +0000  809 bytes for ./Frameworks/FirebaseRemoteConfig.framework/Info.plist
2026-04-14 13:33:33 +0000  copying file ./Frameworks/FirebaseSessions.framework/_CodeSignature/CodeResources ... 
2026-04-14 13:33:33 +0000  1798 bytes for ./Frameworks/FirebaseSessions.framework/_CodeSignature/CodeResources
2026-04-14 13:33:33 +0000  copying file ./Frameworks/FirebaseSessions.framework/FirebaseSessions ... 
2026-04-14 13:33:33 +0000  211488 bytes for ./Frameworks/FirebaseSessions.framework/FirebaseSessions
2026-04-14 13:33:33 +0000  copying file ./Frameworks/FirebaseSessions.framework/Info.plist ... 
2026-04-14 13:33:33 +0000  801 bytes for ./Frameworks/FirebaseSessions.framework/Info.plist
2026-04-14 13:33:33 +0000  copying file ./Frameworks/GoogleUtilities.framework/_CodeSignature/CodeResources ... 
2026-04-14 13:33:33 +0000  2364 bytes for ./Frameworks/GoogleUtilities.framework/_CodeSignature/CodeResources
2026-04-14 13:33:33 +0000  copying file ./Frameworks/GoogleUtilities.framework/GoogleUtilities_Privacy.bundle/PrivacyInfo.xcprivacy ... 
2026-04-14 13:33:33 +0000  1289 bytes for ./Frameworks/GoogleUtilities.framework/GoogleUtilities_Privacy.bundle/PrivacyInfo.xcprivacy
2026-04-14 13:33:33 +0000  copying file ./Frameworks/GoogleUtilities.framework/GoogleUtilities_Privacy.bundle/Info.plist ... 
2026-04-14 13:33:33 +0000  789 bytes for ./Frameworks/GoogleUtilities.framework/GoogleUtilities_Privacy.bundle/Info.plist
2026-04-14 13:33:33 +0000  copying file ./Frameworks/GoogleUtilities.framework/GoogleUtilities ... 
2026-04-14 13:33:33 +0000  242848 bytes for ./Frameworks/GoogleUtilities.framework/GoogleUtilities
copying file ./Frameworks/GoogleUtilities.framework/Info.plist ... 
2026-04-14 13:33:33 +0000  798 bytes for ./Frameworks/GoogleUtilities.framework/Info.plist
2026-04-14 13:33:33 +0000  copying file ./Frameworks/MoEngageMessaging.framework/_CodeSignature/CodeResources ... 
2026-04-14 13:33:33 +0000  1798 bytes for ./Frameworks/MoEngageMessaging.framework/_CodeSignature/CodeResources
2026-04-14 13:33:33 +0000  copying file ./Frameworks/MoEngageMessaging.framework/Info.plist ... 
2026-04-14 13:33:33 +0000  935 bytes for ./Frameworks/MoEngageMessaging.framework/Info.plist
2026-04-14 13:33:33 +0000  copying file ./Frameworks/MoEngageMessaging.framework/MoEngageMessaging ... 
2026-04-14 13:33:33 +0000  476848 bytes for ./Frameworks/MoEngageMessaging.framework/MoEngageMessaging
2026-04-14 13:33:33 +0000  copying file ./Frameworks/Mantle.framework/_CodeSignature/CodeResources ... 
2026-04-14 13:33:33 +0000  1798 bytes for ./Frameworks/Mantle.framework/_CodeSignature/CodeResources
2026-04-14 13:33:33 +0000  copying file ./Frameworks/Mantle.framework/Mantle ... 
2026-04-14 13:33:33 +0000  172384 bytes for ./Frameworks/Mantle.framework/Mantle
2026-04-14 13:33:33 +0000  copying file ./Frameworks/Mantle.framework/Info.plist ... 
2026-04-14 13:33:33 +0000  777 bytes for ./Frameworks/Mantle.framework/Info.plist
2026-04-14 13:33:33 +0000  copying file ./Frameworks/MoEngageSDK.framework/_CodeSignature/CodeResources ... 
2026-04-14 13:33:33 +0000  2034 bytes for ./Frameworks/MoEngageSDK.framework/_CodeSignature/CodeResources
2026-04-14 13:33:33 +0000  copying file ./Frameworks/MoEngageSDK.framework/PrivacyInfo.xcprivacy ... 
2026-04-14 13:33:33 +0000  2150 bytes for ./Frameworks/MoEngageSDK.framework/PrivacyInfo.xcprivacy
2026-04-14 13:33:33 +0000  copying file ./Frameworks/MoEngageSDK.framework/Info.plist ... 
2026-04-14 13:33:33 +0000  922 bytes for ./Frameworks/MoEngageSDK.framework/Info.plist
2026-04-14 13:33:33 +0000  copying file ./Frameworks/MoEngageSDK.framework/MoEngageSDK ... 
2026-04-14 13:33:33 +0000  120416 bytes for ./Frameworks/MoEngageSDK.framework/MoEngageSDK
2026-04-14 13:33:33 +0000  copying file ./Frameworks/SwipeCellKit.framework/_CodeSignature/CodeResources ... 
2026-04-14 13:33:33 +0000  1798 bytes for ./Frameworks/SwipeCellKit.framework/_CodeSignature/CodeResources
2026-04-14 13:33:33 +0000  copying file ./Frameworks/SwipeCellKit.framework/SwipeCellKit ... 
2026-04-14 13:33:33 +0000  268496 bytes for ./Frameworks/SwipeCellKit.framework/SwipeCellKit
2026-04-14 13:33:33 +0000  copying file ./Frameworks/SwipeCellKit.framework/Info.plist ... 
2026-04-14 13:33:33 +0000  789 bytes for ./Frameworks/SwipeCellKit.framework/Info.plist
2026-04-14 13:33:33 +0000  copying file ./Frameworks/GoogleInteractiveMediaAds.framework/_CodeSignature/CodeResources ... 
2026-04-14 13:33:33 +0000  2440 bytes for ./Frameworks/GoogleInteractiveMediaAds.framework/_CodeSignature/CodeResources
2026-04-14 13:33:33 +0000  copying file ./Frameworks/GoogleInteractiveMediaAds.framework/VERSION ... 
2026-04-14 13:33:33 +0000  8 bytes for ./Frameworks/GoogleInteractiveMediaAds.framework/VERSION
2026-04-14 13:33:33 +0000  copying file ./Frameworks/GoogleInteractiveMediaAds.framework/PrivacyInfo.xcprivacy ... 
2026-04-14 13:33:33 +0000  4216 bytes for ./Frameworks/GoogleInteractiveMediaAds.framework/PrivacyInfo.xcprivacy
2026-04-14 13:33:33 +0000  copying file ./Frameworks/GoogleInteractiveMediaAds.framework/README.txt ... 
2026-04-14 13:33:33 +0000  372 bytes for ./Frameworks/GoogleInteractiveMediaAds.framework/README.txt
2026-04-14 13:33:33 +0000  copying file ./Frameworks/GoogleInteractiveMediaAds.framework/GoogleInteractiveMediaAds ... 
2026-04-14 13:33:33 +0000  2841120 bytes for ./Frameworks/GoogleInteractiveMediaAds.framework/GoogleInteractiveMediaAds
2026-04-14 13:33:33 +0000  copying file ./Frameworks/GoogleInteractiveMediaAds.framework/Info.plist ... 
2026-04-14 13:33:33 +0000  779 bytes for ./Frameworks/GoogleInteractiveMediaAds.framework/Info.plist
2026-04-14 13:33:33 +0000  copying file ./Frameworks/AdjustSigSdk.framework/_CodeSignature/CodeResources ... 
2026-04-14 13:33:33 +0000  2034 bytes for ./Frameworks/AdjustSigSdk.framework/_CodeSignature/CodeResources
2026-04-14 13:33:33 +0000  copying file ./Frameworks/AdjustSigSdk.framework/AdjustSigSdk ... 
2026-04-14 13:33:33 +0000  601664 bytes for ./Frameworks/AdjustSigSdk.framework/AdjustSigSdk
2026-04-14 13:33:33 +0000  copying file ./Frameworks/AdjustSigSdk.framework/PrivacyInfo.xcprivacy ... 
2026-04-14 13:33:33 +0000  1149 bytes for ./Frameworks/AdjustSigSdk.framework/PrivacyInfo.xcprivacy
2026-04-14 13:33:33 +0000  copying file ./Frameworks/AdjustSigSdk.framework/Info.plist ... 
2026-04-14 13:33:33 +0000  780 bytes for ./Frameworks/AdjustSigSdk.framework/Info.plist
2026-04-14 13:33:33 +0000  copying file ./Frameworks/FirebaseCoreExtension.framework/_CodeSignature/CodeResources ... 
2026-04-14 13:33:33 +0000  2388 bytes for ./Frameworks/FirebaseCoreExtension.framework/_CodeSignature/CodeResources
2026-04-14 13:33:33 +0000  copying file ./Frameworks/FirebaseCoreExtension.framework/FirebaseCoreExtension ... 
2026-04-14 13:33:33 +0000  85072 bytes for ./Frameworks/FirebaseCoreExtension.framework/FirebaseCoreExtension
2026-04-14 13:33:33 +0000  copying file ./Frameworks/FirebaseCoreExtension.framework/FirebaseCoreExtension_Privacy.bundle/PrivacyInfo.xcprivacy ... 
2026-04-14 13:33:33 +0000  478 bytes for ./Frameworks/FirebaseCoreExtension.framework/FirebaseCoreExtension_Privacy.bundle/PrivacyInfo.xcprivacy
2026-04-14 13:33:33 +0000  copying file ./Frameworks/FirebaseCoreExtension.framework/FirebaseCoreExtension_Privacy.bundle/Info.plist ... 
2026-04-14 13:33:33 +0000  802 bytes for ./Frameworks/FirebaseCoreExtension.framework/FirebaseCoreExtension_Privacy.bundle/Info.plist
2026-04-14 13:33:33 +0000  copying file ./Frameworks/FirebaseCoreExtension.framework/Info.plist ... 
2026-04-14 13:33:33 +0000  811 bytes for ./Frameworks/FirebaseCoreExtension.framework/Info.plist
2026-04-14 13:33:33 +0000  copying file ./Frameworks/nanopb.framework/_CodeSignature/CodeResources ... 
2026-04-14 13:33:33 +0000  2328 bytes for ./Frameworks/nanopb.framework/_CodeSignature/CodeResources
2026-04-14 13:33:33 +0000  copying file ./Frameworks/nanopb.framework/nanopb_Privacy.bundle/PrivacyInfo.xcprivacy ... 
2026-04-14 13:33:33 +0000  374 bytes for ./Frameworks/nanopb.framework/nanopb_Privacy.bundle/PrivacyInfo.xcprivacy
2026-04-14 13:33:33 +0000  copying file ./Frameworks/nanopb.framework/nanopb_Privacy.bundle/Info.plist ... 
2026-04-14 13:33:33 +0000  772 bytes for ./Frameworks/nanopb.framework/nanopb_Privacy.bundle/Info.plist
2026-04-14 13:33:33 +0000  copying file ./Frameworks/nanopb.framework/nanopb ... 
2026-04-14 13:33:33 +0000  88368 bytes for ./Frameworks/nanopb.framework/nanopb
2026-04-14 13:33:33 +0000  copying file ./Frameworks/nanopb.framework/Info.plist ... 
2026-04-14 13:33:33 +0000  781 bytes for ./Frameworks/nanopb.framework/Info.plist
2026-04-14 13:33:33 +0000  copying file ./Frameworks/FBAEMKit.framework/_CodeSignature/CodeResources ... 
2026-04-14 13:33:33 +0000  2034 bytes for ./Frameworks/FBAEMKit.framework/_CodeSignature/CodeResources
2026-04-14 13:33:33 +0000  copying file ./Frameworks/FBAEMKit.framework/FBAEMKit ... 
2026-04-14 13:33:33 +0000  601024 bytes for ./Frameworks/FBAEMKit.framework/FBAEMKit
2026-04-14 13:33:33 +0000  copying file ./Frameworks/FBAEMKit.framework/PrivacyInfo.xcprivacy ... 
2026-04-14 13:33:33 +0000  551 bytes for ./Frameworks/FBAEMKit.framework/PrivacyInfo.xcprivacy
2026-04-14 13:33:33 +0000  copying file ./Frameworks/FBAEMKit.framework/Info.plist ... 
2026-04-14 13:33:33 +0000  792 bytes for ./Frameworks/FBAEMKit.framework/Info.plist
2026-04-14 13:33:33 +0000  copying file ./Frameworks/FirebaseRemoteConfigInterop.framework/_CodeSignature/CodeResources ... 
2026-04-14 13:33:33 +0000  1798 bytes for ./Frameworks/FirebaseRemoteConfigInterop.framework/_CodeSignature/CodeResources
2026-04-14 13:33:33 +0000  copying file ./Frameworks/FirebaseRemoteConfigInterop.framework/FirebaseRemoteConfigInterop ... 
2026-04-14 13:33:33 +0000  99216 bytes for ./Frameworks/FirebaseRemoteConfigInterop.framework/FirebaseRemoteConfigInterop
2026-04-14 13:33:33 +0000  copying file ./Frameworks/FirebaseRemoteConfigInterop.framework/Info.plist ... 
2026-04-14 13:33:33 +0000  823 bytes for ./Frameworks/FirebaseRemoteConfigInterop.framework/Info.plist
2026-04-14 13:33:33 +0000  copying file ./Frameworks/MoEngageInApps.framework/_CodeSignature/CodeResources ... 
2026-04-14 13:33:33 +0000  2470 bytes for ./Frameworks/MoEngageInApps.framework/_CodeSignature/CodeResources
2026-04-14 13:33:33 +0000  copying file ./Frameworks/MoEngageInApps.framework/MoEngageInApps ... 
2026-04-14 13:33:33 +0000  2050240 bytes for ./Frameworks/MoEngageInApps.framework/MoEngageInApps
2026-04-14 13:33:33 +0000  copying file ./Frameworks/MoEngageInApps.framework/Assets.car ... 
2026-04-14 13:33:33 +0000  56040 bytes for ./Frameworks/MoEngageInApps.framework/Assets.car
2026-04-14 13:33:33 +0000  copying file ./Frameworks/MoEngageInApps.framework/PrivacyInfo.xcprivacy ... 
2026-04-14 13:33:33 +0000  1088 bytes for ./Frameworks/MoEngageInApps.framework/PrivacyInfo.xcprivacy
2026-04-14 13:33:33 +0000  copying file ./Frameworks/MoEngageInApps.framework/defaultCloseButton.png ... 
2026-04-14 13:33:33 +0000  3037 bytes for ./Frameworks/MoEngageInApps.framework/defaultCloseButton.png
2026-04-14 13:33:33 +0000  copying file ./Frameworks/MoEngageInApps.framework/Info.plist ... 
2026-04-14 13:33:33 +0000  927 bytes for ./Frameworks/MoEngageInApps.framework/Info.plist
2026-04-14 13:33:33 +0000  copying file ./Frameworks/Promises.framework/_CodeSignature/CodeResources ... 
2026-04-14 13:33:33 +0000  2336 bytes for ./Frameworks/Promises.framework/_CodeSignature/CodeResources
2026-04-14 13:33:33 +0000  copying file ./Frameworks/Promises.framework/Promises ... 
2026-04-14 13:33:33 +0000  158944 bytes for ./Frameworks/Promises.framework/Promises
2026-04-14 13:33:33 +0000  copying file ./Frameworks/Promises.framework/Info.plist ... 
2026-04-14 13:33:33 +0000  781 bytes for ./Frameworks/Promises.framework/Info.plist
2026-04-14 13:33:33 +0000  copying file ./Frameworks/Promises.framework/Promises_Privacy.bundle/PrivacyInfo.xcprivacy ... 
2026-04-14 13:33:33 +0000  373 bytes for ./Frameworks/Promises.framework/Promises_Privacy.bundle/PrivacyInfo.xcprivacy
2026-04-14 13:33:33 +0000  copying file ./Frameworks/Promises.framework/Promises_Privacy.bundle/Info.plist ... 
2026-04-14 13:33:33 +0000  774 bytes for ./Frameworks/Promises.framework/Promises_Privacy.bundle/Info.plist
2026-04-14 13:33:33 +0000  copying file ./Frameworks/TTTLocalizedPluralString.framework/_CodeSignature/CodeResources ... 
2026-04-14 13:33:33 +0000  1798 bytes for ./Frameworks/TTTLocalizedPluralString.framework/_CodeSignature/CodeResources
2026-04-14 13:33:33 +0000  copying file ./Frameworks/TTTLocalizedPluralString.framework/Info.plist ... 
2026-04-14 13:33:33 +0000  815 bytes for ./Frameworks/TTTLocalizedPluralString.framework/Info.plist
2026-04-14 13:33:33 +0000  copying file ./Frameworks/TTTLocalizedPluralString.framework/TTTLocalizedPluralString ... 
2026-04-14 13:33:33 +0000  85952 bytes for ./Frameworks/TTTLocalizedPluralString.framework/TTTLocalizedPluralString
2026-04-14 13:33:33 +0000  copying file ./Frameworks/PanModal.framework/_CodeSignature/CodeResources ... 
2026-04-14 13:33:33 +0000  1798 bytes for ./Frameworks/PanModal.framework/_CodeSignature/CodeResources
2026-04-14 13:33:33 +0000  copying file ./Frameworks/PanModal.framework/PanModal ... 
2026-04-14 13:33:33 +0000  164048 bytes for ./Frameworks/PanModal.framework/PanModal
2026-04-14 13:33:33 +0000  copying file ./Frameworks/PanModal.framework/Info.plist ... 
2026-04-14 13:33:33 +0000  781 bytes for ./Frameworks/PanModal.framework/Info.plist
2026-04-14 13:33:33 +0000  copying file ./Frameworks/FBSDKCoreKit.framework/_CodeSignature/CodeResources ... 
2026-04-14 13:33:33 +0000  20698 bytes for ./Frameworks/FBSDKCoreKit.framework/_CodeSignature/CodeResources
2026-04-14 13:33:33 +0000  copying file ./Frameworks/FBSDKCoreKit.framework/FBSDKCoreKit ... 
2026-04-14 13:33:33 +0000  3872768 bytes for ./Frameworks/FBSDKCoreKit.framework/FBSDKCoreKit
2026-04-14 13:33:33 +0000  copying file ./Frameworks/FBSDKCoreKit.framework/FacebookSDKStrings.bundle/Resources/de.lproj/FacebookSDK.strings ... 
2026-04-14 13:33:33 +0000  4943 bytes for ./Frameworks/FBSDKCoreKit.framework/FacebookSDKStrings.bundle/Resources/de.lproj/FacebookSDK.strings
2026-04-14 13:33:33 +0000  copying file ./Frameworks/FBSDKCoreKit.framework/FacebookSDKStrings.bundle/Resources/he.lproj/FacebookSDK.strings ... 
2026-04-14 13:33:33 +0000  5055 bytes for ./Frameworks/FBSDKCoreKit.framework/FacebookSDKStrings.bundle/Resources/he.lproj/FacebookSDK.strings
2026-04-14 13:33:33 +0000  copying file ./Frameworks/FBSDKCoreKit.framework/FacebookSDKStrings.bundle/Resources/ar.lproj/FacebookSDK.strings ... 
2026-04-14 13:33:33 +0000  5374 bytes for ./Frameworks/FBSDKCoreKit.framework/FacebookSDKStrings.bundle/Resources/ar.lproj/FacebookSDK.strings
2026-04-14 13:33:33 +0000  copying file ./Frameworks/FBSDKCoreKit.framework/FacebookSDKStrings.bundle/Resources/el.lproj/FacebookSDK.strings ... 
2026-04-14 13:33:33 +0000  5916 bytes for ./Frameworks/FBSDKCoreKit.framework/FacebookSDKStrings.bundle/Resources/el.lproj/FacebookSDK.strings
2026-04-14 13:33:33 +0000  copying file ./Frameworks/FBSDKCoreKit.framework/FacebookSDKStrings.bundle/Resources/ja.lproj/FacebookSDK.strings ... 
2026-04-14 13:33:33 +0000  5182 bytes for ./Frameworks/FBSDKCoreKit.framework/FacebookSDKStrings.bundle/Resources/ja.lproj/FacebookSDK.strings
2026-04-14 13:33:33 +0000  copying file ./Frameworks/FBSDKCoreKit.framework/FacebookSDKStrings.bundle/Resources/mr.lproj/FacebookSDK.strings ... 
2026-04-14 13:33:33 +0000  6504 bytes for ./Frameworks/FBSDKCoreKit.framework/FacebookSDKStrings.bundle/Resources/mr.lproj/FacebookSDK.strings
2026-04-14 13:33:33 +0000  copying file ./Frameworks/FBSDKCoreKit.framework/FacebookSDKStrings.bundle/Resources/en.lproj/FacebookSDK.strings ... 
2026-04-14 13:33:33 +0000  8672 bytes for ./Frameworks/FBSDKCoreKit.framework/FacebookSDKStrings.bundle/Resources/en.lproj/FacebookSDK.strings
2026-04-14 13:33:33 +0000  copying file ./Frameworks/FBSDKCoreKit.framework/FacebookSDKStrings.bundle/Resources/gu.lproj/FacebookSDK.strings ... 
2026-04-14 13:33:33 +0000  6497 bytes for ./Frameworks/FBSDKCoreKit.framework/FacebookSDKStrings.bundle/Resources/gu.lproj/FacebookSDK.strings
2026-04-14 13:33:33 +0000  copying file ./Frameworks/FBSDKCoreKit.framework/FacebookSDKStrings.bundle/Resources/kn.lproj/FacebookSDK.strings ... 
2026-04-14 13:33:33 +0000  5695 bytes for ./Frameworks/FBSDKCoreKit.framework/FacebookSDKStrings.bundle/Resources/kn.lproj/FacebookSDK.strings
2026-04-14 13:33:33 +0000  copying file ./Frameworks/FBSDKCoreKit.framework/FacebookSDKStrings.bundle/Resources/nb.lproj/FacebookSDK.strings ... 
2026-04-14 13:33:33 +0000  4695 bytes for ./Frameworks/FBSDKCoreKit.framework/FacebookSDKStrings.bundle/Resources/nb.lproj/FacebookSDK.strings
2026-04-14 13:33:33 +0000  copying file ./Frameworks/FBSDKCoreKit.framework/FacebookSDKStrings.bundle/Resources/pa.lproj/FacebookSDK.strings ... 
2026-04-14 13:33:33 +0000  6610 bytes for ./Frameworks/FBSDKCoreKit.framework/FacebookSDKStrings.bundle/Resources/pa.lproj/FacebookSDK.strings
2026-04-14 13:33:33 +0000  copying file ./Frameworks/FBSDKCoreKit.framework/FacebookSDKStrings.bundle/Resources/es.lproj/FacebookSDK.strings ... 
2026-04-14 13:33:33 +0000  4887 bytes for ./Frameworks/FBSDKCoreKit.framework/FacebookSDKStrings.bundle/Resources/es.lproj/FacebookSDK.strings
2026-04-14 13:33:33 +0000  copying file ./Frameworks/FBSDKCoreKit.framework/FacebookSDKStrings.bundle/Resources/da.lproj/FacebookSDK.strings ... 
2026-04-14 13:33:33 +0000  4742 bytes for ./Frameworks/FBSDKCoreKit.framework/FacebookSDKStrings.bundle/Resources/da.lproj/FacebookSDK.strings
2026-04-14 13:33:33 +0000  copying file ./Frameworks/FBSDKCoreKit.framework/FacebookSDKStrings.bundle/Resources/it.lproj/FacebookSDK.strings ... 
2026-04-14 13:33:33 +0000  4793 bytes for ./Frameworks/FBSDKCoreKit.framework/FacebookSDKStrings.bundle/Resources/it.lproj/FacebookSDK.strings
2026-04-14 13:33:33 +0000  copying file ./Frameworks/FBSDKCoreKit.framework/FacebookSDKStrings.bundle/Resources/sk.lproj/FacebookSDK.strings ... 
2026-04-14 13:33:33 +0000  4893 bytes for ./Frameworks/FBSDKCoreKit.framework/FacebookSDKStrings.bundle/Resources/sk.lproj/FacebookSDK.strings
2026-04-14 13:33:33 +0000  copying file ./Frameworks/FBSDKCoreKit.framework/FacebookSDKStrings.bundle/Resources/pt_PT.lproj/FacebookSDK.strings ... 
4921 bytes for ./Frameworks/FBSDKCoreKit.framework/FacebookSDKStrings.bundle/Resources/pt_PT.lproj/FacebookSDK.strings
copying file ./Frameworks/FBSDKCoreKit.framework/FacebookSDKStrings.bundle/Resources/ms.lproj/FacebookSDK.strings ... 
4772 bytes for ./Frameworks/FBSDKCoreKit.framework/FacebookSDKStrings.bundle/Resources/ms.lproj/FacebookSDK.strings
copying file ./Frameworks/FBSDKCoreKit.framework/FacebookSDKStrings.bundle/Resources/ta.lproj/FacebookSDK.strings ... 
2026-04-14 13:33:33 +0000  6760 bytes for ./Frameworks/FBSDKCoreKit.framework/FacebookSDKStrings.bundle/Resources/ta.lproj/FacebookSDK.strings
2026-04-14 13:33:33 +0000  copying file ./Frameworks/FBSDKCoreKit.framework/FacebookSDKStrings.bundle/Resources/ml.lproj/FacebookSDK.strings ... 
2026-04-14 13:33:33 +0000  7100 bytes for ./Frameworks/FBSDKCoreKit.framework/FacebookSDKStrings.bundle/Resources/ml.lproj/FacebookSDK.strings
2026-04-14 13:33:33 +0000  copying file ./Frameworks/FBSDKCoreKit.framework/FacebookSDKStrings.bundle/Resources/sv.lproj/FacebookSDK.strings ... 
2026-04-14 13:33:33 +0000  4721 bytes for ./Frameworks/FBSDKCoreKit.framework/FacebookSDKStrings.bundle/Resources/sv.lproj/FacebookSDK.strings
2026-04-14 13:33:33 +0000  copying file ./Frameworks/FBSDKCoreKit.framework/FacebookSDKStrings.bundle/Resources/te.lproj/FacebookSDK.strings ... 
2026-04-14 13:33:33 +0000  6743 bytes for ./Frameworks/FBSDKCoreKit.framework/FacebookSDKStrings.bundle/Resources/te.lproj/FacebookSDK.strings
2026-04-14 13:33:33 +0000  copying file ./Frameworks/FBSDKCoreKit.framework/FacebookSDKStrings.bundle/Resources/cs.lproj/FacebookSDK.strings ... 
2026-04-14 13:33:33 +0000  4874 bytes for ./Frameworks/FBSDKCoreKit.framework/FacebookSDKStrings.bundle/Resources/cs.lproj/FacebookSDK.strings
2026-04-14 13:33:33 +0000  copying file ./Frameworks/FBSDKCoreKit.framework/FacebookSDKStrings.bundle/Resources/ko.lproj/FacebookSDK.strings ... 
2026-04-14 13:33:33 +0000  4912 bytes for ./Frameworks/FBSDKCoreKit.framework/FacebookSDKStrings.bundle/Resources/ko.lproj/FacebookSDK.strings
2026-04-14 13:33:33 +0000  copying file ./Frameworks/FBSDKCoreKit.framework/FacebookSDKStrings.bundle/Resources/fil.lproj/FacebookSDK.strings ... 
2026-04-14 13:33:33 +0000  4912 bytes for ./Frameworks/FBSDKCoreKit.framework/FacebookSDKStrings.bundle/Resources/fil.lproj/FacebookSDK.strings
2026-04-14 13:33:33 +0000  copying file ./Frameworks/FBSDKCoreKit.framework/FacebookSDKStrings.bundle/Resources/hu.lproj/FacebookSDK.strings ... 
2026-04-14 13:33:33 +0000  5011 bytes for ./Frameworks/FBSDKCoreKit.framework/FacebookSDKStrings.bundle/Resources/hu.lproj/FacebookSDK.strings
2026-04-14 13:33:33 +0000  copying file ./Frameworks/FBSDKCoreKit.framework/FacebookSDKStrings.bundle/Resources/tr.lproj/FacebookSDK.strings ... 
2026-04-14 13:33:33 +0000  4784 bytes for ./Frameworks/FBSDKCoreKit.framework/FacebookSDKStrings.bundle/Resources/tr.lproj/FacebookSDK.strings
2026-04-14 13:33:33 +0000  copying file ./Frameworks/FBSDKCoreKit.framework/FacebookSDKStrings.bundle/Resources/pl.lproj/FacebookSDK.strings ... 
2026-04-14 13:33:33 +0000  4860 bytes for ./Frameworks/FBSDKCoreKit.framework/FacebookSDKStrings.bundle/Resources/pl.lproj/FacebookSDK.strings
2026-04-14 13:33:33 +0000  copying file ./Frameworks/FBSDKCoreKit.framework/FacebookSDKStrings.bundle/Resources/en_GB.lproj/FacebookSDK.strings ... 
2026-04-14 13:33:33 +0000  4293 bytes for ./Frameworks/FBSDKCoreKit.framework/FacebookSDKStrings.bundle/Resources/en_GB.lproj/FacebookSDK.strings
2026-04-14 13:33:33 +0000  copying file ./Frameworks/FBSDKCoreKit.framework/FacebookSDKStrings.bundle/Resources/zh_Hant_TW.lproj/FacebookSDK.strings ... 
2026-04-14 13:33:33 +0000  4675 bytes for ./Frameworks/FBSDKCoreKit.framework/FacebookSDKStrings.bundle/Resources/zh_Hant_TW.lproj/FacebookSDK.strings
2026-04-14 13:33:33 +0000  copying file ./Frameworks/FBSDKCoreKit.framework/FacebookSDKStrings.bundle/Resources/vi.lproj/FacebookSDK.strings ... 
2026-04-14 13:33:33 +0000  5169 bytes for ./Frameworks/FBSDKCoreKit.framework/FacebookSDKStrings.bundle/Resources/vi.lproj/FacebookSDK.strings
copying file ./Frameworks/FBSDKCoreKit.framework/FacebookSDKStrings.bundle/Resources/ru.lproj/FacebookSDK.strings ... 
5466 bytes for ./Frameworks/FBSDKCoreKit.framework/FacebookSDKStrings.bundle/Resources/ru.lproj/FacebookSDK.strings
2026-04-14 13:33:33 +0000  copying file ./Frameworks/FBSDKCoreKit.framework/FacebookSDKStrings.bundle/Resources/zh_Hant_HK.lproj/FacebookSDK.strings ... 
2026-04-14 13:33:33 +0000  4631 bytes for ./Frameworks/FBSDKCoreKit.framework/FacebookSDKStrings.bundle/Resources/zh_Hant_HK.lproj/FacebookSDK.strings
2026-04-14 13:33:33 +0000  copying file ./Frameworks/FBSDKCoreKit.framework/FacebookSDKStrings.bundle/Resources/af.lproj/FacebookSDK.strings ... 
2026-04-14 13:33:33 +0000  4793 bytes for ./Frameworks/FBSDKCoreKit.framework/FacebookSDKStrings.bundle/Resources/af.lproj/FacebookSDK.strings
2026-04-14 13:33:33 +0000  copying file ./Frameworks/FBSDKCoreKit.framework/FacebookSDKStrings.bundle/Resources/es_ES.lproj/FacebookSDK.strings ... 
2026-04-14 13:33:33 +0000  4905 bytes for ./Frameworks/FBSDKCoreKit.framework/FacebookSDKStrings.bundle/Resources/es_ES.lproj/FacebookSDK.strings
2026-04-14 13:33:33 +0000  copying file ./Frameworks/FBSDKCoreKit.framework/FacebookSDKStrings.bundle/Resources/fr.lproj/FacebookSDK.strings ... 
2026-04-14 13:33:33 +0000  4998 bytes for ./Frameworks/FBSDKCoreKit.framework/FacebookSDKStrings.bundle/Resources/fr.lproj/FacebookSDK.strings
2026-04-14 13:33:33 +0000  copying file ./Frameworks/FBSDKCoreKit.framework/FacebookSDKStrings.bundle/Resources/fi.lproj/FacebookSDK.strings ... 
2026-04-14 13:33:33 +0000  4873 bytes for ./Frameworks/FBSDKCoreKit.framework/FacebookSDKStrings.bundle/Resources/fi.lproj/FacebookSDK.strings
2026-04-14 13:33:33 +0000  copying file ./Frameworks/FBSDKCoreKit.framework/FacebookSDKStrings.bundle/Resources/id.lproj/FacebookSDK.strings ... 
2026-04-14 13:33:33 +0000  4714 bytes for ./Frameworks/FBSDKCoreKit.framework/FacebookSDKStrings.bundle/Resources/id.lproj/FacebookSDK.strings
2026-04-14 13:33:33 +0000  copying file ./Frameworks/FBSDKCoreKit.framework/FacebookSDKStrings.bundle/Resources/nl.lproj/FacebookSDK.strings ... 
2026-04-14 13:33:33 +0000  4783 bytes for ./Frameworks/FBSDKCoreKit.framework/FacebookSDKStrings.bundle/Resources/nl.lproj/FacebookSDK.strings
2026-04-14 13:33:33 +0000  copying file ./Frameworks/FBSDKCoreKit.framework/FacebookSDKStrings.bundle/Resources/th.lproj/FacebookSDK.strings ... 
2026-04-14 13:33:33 +0000  6509 bytes for ./Frameworks/FBSDKCoreKit.framework/FacebookSDKStrings.bundle/Resources/th.lproj/FacebookSDK.strings
2026-04-14 13:33:33 +0000  copying file ./Frameworks/FBSDKCoreKit.framework/FacebookSDKStrings.bundle/Resources/pt.lproj/FacebookSDK.strings ... 
2026-04-14 13:33:33 +0000  4824 bytes for ./Frameworks/FBSDKCoreKit.framework/FacebookSDKStrings.bundle/Resources/pt.lproj/FacebookSDK.strings
2026-04-14 13:33:33 +0000  copying file ./Frameworks/FBSDKCoreKit.framework/FacebookSDKStrings.bundle/Resources/bn.lproj/FacebookSDK.strings ... 
2026-04-14 13:33:33 +0000  6746 bytes for ./Frameworks/FBSDKCoreKit.framework/FacebookSDKStrings.bundle/Resources/bn.lproj/FacebookSDK.strings
2026-04-14 13:33:33 +0000  copying file ./Frameworks/FBSDKCoreKit.framework/FacebookSDKStrings.bundle/Resources/hr.lproj/FacebookSDK.strings ... 
2026-04-14 13:33:33 +0000  4730 bytes for ./Frameworks/FBSDKCoreKit.framework/FacebookSDKStrings.bundle/Resources/hr.lproj/FacebookSDK.strings
2026-04-14 13:33:33 +0000  copying file ./Frameworks/FBSDKCoreKit.framework/FacebookSDKStrings.bundle/Resources/hi.lproj/FacebookSDK.strings ... 
2026-04-14 13:33:33 +0000  6528 bytes for ./Frameworks/FBSDKCoreKit.framework/FacebookSDKStrings.bundle/Resources/hi.lproj/FacebookSDK.strings
2026-04-14 13:33:33 +0000  copying file ./Frameworks/FBSDKCoreKit.framework/FacebookSDKStrings.bundle/Resources/zh.lproj/FacebookSDK.strings ... 
2026-04-14 13:33:33 +0000  4617 bytes for ./Frameworks/FBSDKCoreKit.framework/FacebookSDKStrings.bundle/Resources/zh.lproj/FacebookSDK.strings
2026-04-14 13:33:33 +0000  copying file ./Frameworks/FBSDKCoreKit.framework/PrivacyInfo.xcprivacy ... 
2026-04-14 13:33:33 +0000  1923 bytes for ./Frameworks/FBSDKCoreKit.framework/PrivacyInfo.xcprivacy
2026-04-14 13:33:33 +0000  copying file ./Frameworks/FBSDKCoreKit.framework/Info.plist ... 
2026-04-14 13:33:33 +0000  800 bytes for ./Frameworks/FBSDKCoreKit.framework/Info.plist
2026-04-14 13:33:33 +0000  copying file ./Frameworks/PromiseKit.framework/_CodeSignature/CodeResources ... 
2026-04-14 13:33:33 +0000  1798 bytes for ./Frameworks/PromiseKit.framework/_CodeSignature/CodeResources
2026-04-14 13:33:33 +0000  copying file ./Frameworks/PromiseKit.framework/PromiseKit ... 
2026-04-14 13:33:33 +0000  385728 bytes for ./Frameworks/PromiseKit.framework/PromiseKit
2026-04-14 13:33:33 +0000  copying file ./Frameworks/PromiseKit.framework/Info.plist ... 
2026-04-14 13:33:33 +0000  786 bytes for ./Frameworks/PromiseKit.framework/Info.plist
2026-04-14 13:33:33 +0000  copying file ./Frameworks/LPSnackbar.framework/_CodeSignature/CodeResources ... 
2026-04-14 13:33:33 +0000  2028 bytes for ./Frameworks/LPSnackbar.framework/_CodeSignature/CodeResources
2026-04-14 13:33:33 +0000  copying file ./Frameworks/LPSnackbar.framework/LPSnackbar ... 
2026-04-14 13:33:33 +0000  163264 bytes for ./Frameworks/LPSnackbar.framework/LPSnackbar
2026-04-14 13:33:33 +0000  copying file ./Frameworks/LPSnackbar.framework/LPSnackbarView.nib ... 
2026-04-14 13:33:33 +0000  5860 bytes for ./Frameworks/LPSnackbar.framework/LPSnackbarView.nib
2026-04-14 13:33:33 +0000  copying file ./Frameworks/LPSnackbar.framework/Info.plist ... 
2026-04-14 13:33:33 +0000  785 bytes for ./Frameworks/LPSnackbar.framework/Info.plist
2026-04-14 13:33:33 +0000  copying file ./Frameworks/MBProgressHUD.framework/_CodeSignature/CodeResources ... 
2026-04-14 13:33:33 +0000  1798 bytes for ./Frameworks/MBProgressHUD.framework/_CodeSignature/CodeResources
2026-04-14 13:33:33 +0000  copying file ./Frameworks/MBProgressHUD.framework/MBProgressHUD ... 
2026-04-14 13:33:33 +0000  119312 bytes for ./Frameworks/MBProgressHUD.framework/MBProgressHUD
2026-04-14 13:33:33 +0000  copying file ./Frameworks/MBProgressHUD.framework/Info.plist ... 
2026-04-14 13:33:33 +0000  791 bytes for ./Frameworks/MBProgressHUD.framework/Info.plist
2026-04-14 13:33:33 +0000  copying file ./Frameworks/SkeletonView.framework/_CodeSignature/CodeResources ... 
2026-04-14 13:33:33 +0000  1798 bytes for ./Frameworks/SkeletonView.framework/_CodeSignature/CodeResources
2026-04-14 13:33:33 +0000  copying file ./Frameworks/SkeletonView.framework/SkeletonView ... 
2026-04-14 13:33:33 +0000  351328 bytes for ./Frameworks/SkeletonView.framework/SkeletonView
2026-04-14 13:33:33 +0000  copying file ./Frameworks/SkeletonView.framework/Info.plist ... 
2026-04-14 13:33:33 +0000  790 bytes for ./Frameworks/SkeletonView.framework/Info.plist
2026-04-14 13:33:33 +0000  copying file ./Frameworks/BatchExtension.framework/_CodeSignature/CodeResources ... 
2026-04-14 13:33:33 +0000  2328 bytes for ./Frameworks/BatchExtension.framework/_CodeSignature/CodeResources
2026-04-14 13:33:33 +0000  copying file ./Frameworks/BatchExtension.framework/BatchExtension ... 
2026-04-14 13:33:33 +0000  121520 bytes for ./Frameworks/BatchExtension.framework/BatchExtension
2026-04-14 13:33:33 +0000  copying file ./Frameworks/BatchExtension.framework/BatchExtension.bundle/PrivacyInfo.xcprivacy ... 
2026-04-14 13:33:33 +0000  326 bytes for ./Frameworks/BatchExtension.framework/BatchExtension.bundle/PrivacyInfo.xcprivacy
2026-04-14 13:33:33 +0000  copying file ./Frameworks/BatchExtension.framework/BatchExtension.bundle/Info.plist ... 
2026-04-14 13:33:33 +0000  768 bytes for ./Frameworks/BatchExtension.framework/BatchExtension.bundle/Info.plist
2026-04-14 13:33:33 +0000  copying file ./Frameworks/BatchExtension.framework/Info.plist ... 
2026-04-14 13:33:33 +0000  793 bytes for ./Frameworks/BatchExtension.framework/Info.plist
2026-04-14 13:33:33 +0000  copying file ./Frameworks/CancellablePromiseKit.framework/_CodeSignature/CodeResources ... 
2026-04-14 13:33:33 +0000  1798 bytes for ./Frameworks/CancellablePromiseKit.framework/_CodeSignature/CodeResources
2026-04-14 13:33:33 +0000  copying file ./Frameworks/CancellablePromiseKit.framework/CancellablePromiseKit ... 
2026-04-14 13:33:33 +0000  119728 bytes for ./Frameworks/CancellablePromiseKit.framework/CancellablePromiseKit
2026-04-14 13:33:33 +0000  copying file ./Frameworks/CancellablePromiseKit.framework/Info.plist ... 
2026-04-14 13:33:33 +0000  809 bytes for ./Frameworks/CancellablePromiseKit.framework/Info.plist
2026-04-14 13:33:33 +0000  copying file ./Frameworks/AdjustSdk.framework/_CodeSignature/CodeResources ... 
2026-04-14 13:33:33 +0000  2296 bytes for ./Frameworks/AdjustSdk.framework/_CodeSignature/CodeResources
2026-04-14 13:33:33 +0000  copying file ./Frameworks/AdjustSdk.framework/Adjust.bundle/PrivacyInfo.xcprivacy ... 
2026-04-14 13:33:33 +0000  2038 bytes for ./Frameworks/AdjustSdk.framework/Adjust.bundle/PrivacyInfo.xcprivacy
2026-04-14 13:33:33 +0000  copying file ./Frameworks/AdjustSdk.framework/Adjust.bundle/Info.plist ... 
2026-04-14 13:33:33 +0000  752 bytes for ./Frameworks/AdjustSdk.framework/Adjust.bundle/Info.plist
2026-04-14 13:33:33 +0000  copying file ./Frameworks/AdjustSdk.framework/AdjustSdk ... 
2026-04-14 13:33:33 +0000  718208 bytes for ./Frameworks/AdjustSdk.framework/AdjustSdk
2026-04-14 13:33:33 +0000  copying file ./Frameworks/AdjustSdk.framework/Info.plist ... 
2026-04-14 13:33:33 +0000  783 bytes for ./Frameworks/AdjustSdk.framework/Info.plist
2026-04-14 13:33:33 +0000  copying file ./Frameworks/FirebaseInstallations.framework/_CodeSignature/CodeResources ... 
2026-04-14 13:33:33 +0000  2388 bytes for ./Frameworks/FirebaseInstallations.framework/_CodeSignature/CodeResources
2026-04-14 13:33:33 +0000  copying file ./Frameworks/FirebaseInstallations.framework/FirebaseInstallations ... 
2026-04-14 13:33:33 +0000  220208 bytes for ./Frameworks/FirebaseInstallations.framework/FirebaseInstallations
2026-04-14 13:33:33 +0000  copying file ./Frameworks/FirebaseInstallations.framework/FirebaseInstallations_Privacy.bundle/PrivacyInfo.xcprivacy ... 
2026-04-14 13:33:33 +0000  1105 bytes for ./Frameworks/FirebaseInstallations.framework/FirebaseInstallations_Privacy.bundle/PrivacyInfo.xcprivacy
2026-04-14 13:33:33 +0000  copying file ./Frameworks/FirebaseInstallations.framework/FirebaseInstallations_Privacy.bundle/Info.plist ... 
2026-04-14 13:33:33 +0000  802 bytes for ./Frameworks/FirebaseInstallations.framework/FirebaseInstallations_Privacy.bundle/Info.plist
2026-04-14 13:33:33 +0000  copying file ./Frameworks/FirebaseInstallations.framework/Info.plist ... 
2026-04-14 13:33:33 +0000  811 bytes for ./Frameworks/FirebaseInstallations.framework/Info.plist
2026-04-14 13:33:33 +0000  copying file ./Frameworks/MoEngageTriggerEvaluator.framework/_CodeSignature/CodeResources ... 
2026-04-14 13:33:33 +0000  1798 bytes for ./Frameworks/MoEngageTriggerEvaluator.framework/_CodeSignature/CodeResources
2026-04-14 13:33:33 +0000  copying file ./Frameworks/MoEngageTriggerEvaluator.framework/Info.plist ... 
2026-04-14 13:33:33 +0000  949 bytes for ./Frameworks/MoEngageTriggerEvaluator.framework/Info.plist
2026-04-14 13:33:33 +0000  copying file ./Frameworks/MoEngageTriggerEvaluator.framework/MoEngageTriggerEvaluator ... 
2026-04-14 13:33:33 +0000  325232 bytes for ./Frameworks/MoEngageTriggerEvaluator.framework/MoEngageTriggerEvaluator
2026-04-14 13:33:33 +0000  copying file ./Frameworks/Batch.framework/_CodeSignature/CodeResources ... 
2026-04-14 13:33:33 +0000  2034 bytes for ./Frameworks/Batch.framework/_CodeSignature/CodeResources
2026-04-14 13:33:33 +0000  copying file ./Frameworks/Batch.framework/Batch ... 
2026-04-14 13:33:33 +0000  1850160 bytes for ./Frameworks/Batch.framework/Batch
2026-04-14 13:33:33 +0000  copying file ./Frameworks/Batch.framework/PrivacyInfo.xcprivacy ... 
2026-04-14 13:33:33 +0000  3110 bytes for ./Frameworks/Batch.framework/PrivacyInfo.xcprivacy
2026-04-14 13:33:33 +0000  copying file ./Frameworks/Batch.framework/Info.plist ... 
2026-04-14 13:33:33 +0000  745 bytes for ./Frameworks/Batch.framework/Info.plist
2026-04-14 13:33:33 +0000  copying file ./Frameworks/FirebaseABTesting.framework/_CodeSignature/CodeResources ... 
2026-04-14 13:33:33 +0000  2372 bytes for ./Frameworks/FirebaseABTesting.framework/_CodeSignature/CodeResources
2026-04-14 13:33:33 +0000  copying file ./Frameworks/FirebaseABTesting.framework/FirebaseABTesting ... 
2026-04-14 13:33:33 +0000  120272 bytes for ./Frameworks/FirebaseABTesting.framework/FirebaseABTesting
2026-04-14 13:33:33 +0000  copying file ./Frameworks/FirebaseABTesting.framework/Info.plist ... 
2026-04-14 13:33:33 +0000  803 bytes for ./Frameworks/FirebaseABTesting.framework/Info.plist
2026-04-14 13:33:33 +0000  copying file ./Frameworks/FirebaseABTesting.framework/FirebaseABTesting_Privacy.bundle/PrivacyInfo.xcprivacy ... 
2026-04-14 13:33:33 +0000  478 bytes for ./Frameworks/FirebaseABTesting.framework/FirebaseABTesting_Privacy.bundle/PrivacyInfo.xcprivacy
2026-04-14 13:33:33 +0000  copying file ./Frameworks/FirebaseABTesting.framework/FirebaseABTesting_Privacy.bundle/Info.plist ... 
2026-04-14 13:33:33 +0000  794 bytes for ./Frameworks/FirebaseABTesting.framework/FirebaseABTesting_Privacy.bundle/Info.plist
2026-04-14 13:33:33 +0000  copying file ./Frameworks/Amplitude.framework/_CodeSignature/CodeResources ... 
2026-04-14 13:33:33 +0000  2650 bytes for ./Frameworks/Amplitude.framework/_CodeSignature/CodeResources
2026-04-14 13:33:33 +0000  copying file ./Frameworks/Amplitude.framework/Amplitude ... 
2026-04-14 13:33:33 +0000  281072 bytes for ./Frameworks/Amplitude.framework/Amplitude
2026-04-14 13:33:33 +0000  copying file ./Frameworks/Amplitude.framework/Amplitude_Amplitude.bundle/ComodoRsaDomainValidationCA.der ... 
2026-04-14 13:33:33 +0000  1548 bytes for ./Frameworks/Amplitude.framework/Amplitude_Amplitude.bundle/ComodoRsaDomainValidationCA.der
2026-04-14 13:33:33 +0000  copying file ./Frameworks/Amplitude.framework/Amplitude_Amplitude.bundle/PrivacyInfo.xcprivacy ... 
2026-04-14 13:33:33 +0000  1373 bytes for ./Frameworks/Amplitude.framework/Amplitude_Amplitude.bundle/PrivacyInfo.xcprivacy
2026-04-14 13:33:33 +0000  copying file ./Frameworks/Amplitude.framework/Amplitude_Amplitude.bundle/Info.plist ... 
2026-04-14 13:33:33 +0000  781 bytes for ./Frameworks/Amplitude.framework/Amplitude_Amplitude.bundle/Info.plist
2026-04-14 13:33:33 +0000  copying file ./Frameworks/Amplitude.framework/Info.plist ... 
2026-04-14 13:33:33 +0000  784 bytes for ./Frameworks/Amplitude.framework/Info.plist
2026-04-14 13:33:33 +0000  copying file ./Frameworks/libextobjc.framework/_CodeSignature/CodeResources ... 
2026-04-14 13:33:33 +0000  1798 bytes for ./Frameworks/libextobjc.framework/_CodeSignature/CodeResources
2026-04-14 13:33:33 +0000  copying file ./Frameworks/libextobjc.framework/libextobjc ... 
2026-04-14 13:33:33 +0000  96336 bytes for ./Frameworks/libextobjc.framework/libextobjc
2026-04-14 13:33:33 +0000  copying file ./Frameworks/libextobjc.framework/Info.plist ... 
2026-04-14 13:33:33 +0000  785 bytes for ./Frameworks/libextobjc.framework/Info.plist
2026-04-14 13:33:33 +0000  copying file ./Frameworks/MZFormSheetPresentationController.framework/_CodeSignature/CodeResources ... 
2026-04-14 13:33:33 +0000  1798 bytes for ./Frameworks/MZFormSheetPresentationController.framework/_CodeSignature/CodeResources
2026-04-14 13:33:33 +0000  copying file ./Frameworks/MZFormSheetPresentationController.framework/MZFormSheetPresentationController ... 
2026-04-14 13:33:33 +0000  231056 bytes for ./Frameworks/MZFormSheetPresentationController.framework/MZFormSheetPresentationController
copying file ./Frameworks/MZFormSheetPresentationController.framework/Info.plist ... 
2026-04-14 13:33:33 +0000  833 bytes for ./Frameworks/MZFormSheetPresentationController.framework/Info.plist
2026-04-14 13:33:33 +0000  copying file ./Frameworks/MoEngageRichNotification.framework/_CodeSignature/CodeResources ... 
2026-04-14 13:33:33 +0000  3020 bytes for ./Frameworks/MoEngageRichNotification.framework/_CodeSignature/CodeResources
2026-04-14 13:33:33 +0000  copying file ./Frameworks/MoEngageRichNotification.framework/MoEngagePushBodyView.nib ... 
2026-04-14 13:33:33 +0000  4354 bytes for ./Frameworks/MoEngageRichNotification.framework/MoEngagePushBodyView.nib
2026-04-14 13:33:33 +0000  copying file ./Frameworks/MoEngageRichNotification.framework/MoEngagePushMediaView.nib ... 
2026-04-14 13:33:33 +0000  2023 bytes for ./Frameworks/MoEngageRichNotification.framework/MoEngagePushMediaView.nib
copying file ./Frameworks/MoEngageRichNotification.framework/PrivacyInfo.xcprivacy ... 
2026-04-14 13:33:33 +0000  1088 bytes for ./Frameworks/MoEngageRichNotification.framework/PrivacyInfo.xcprivacy
2026-04-14 13:33:33 +0000  copying file ./Frameworks/MoEngageRichNotification.framework/MoEngageCarouselCollectionView.nib ... 
2026-04-14 13:33:33 +0000  3159 bytes for ./Frameworks/MoEngageRichNotification.framework/MoEngageCarouselCollectionView.nib
copying file ./Frameworks/MoEngageRichNotification.framework/MoEngageCarouselCollectionViewCell.nib ... 
2026-04-14 13:33:33 +0000  2121 bytes for ./Frameworks/MoEngageRichNotification.framework/MoEngageCarouselCollectionViewCell.nib
2026-04-14 13:33:33 +0000  copying file ./Frameworks/MoEngageRichNotification.framework/Info.plist ... 
2026-04-14 13:33:33 +0000  949 bytes for ./Frameworks/MoEngageRichNotification.framework/Info.plist
2026-04-14 13:33:33 +0000  copying file ./Frameworks/MoEngageRichNotification.framework/MoEngageRichNotification ... 
2026-04-14 13:33:33 +0000  273328 bytes for ./Frameworks/MoEngageRichNotification.framework/MoEngageRichNotification
2026-04-14 13:33:33 +0000  copying file ./Frameworks/FormatterKit.framework/_CodeSignature/CodeResources ... 
2026-04-14 13:33:33 +0000  4563 bytes for ./Frameworks/FormatterKit.framework/_CodeSignature/CodeResources
2026-04-14 13:33:33 +0000  copying file ./Frameworks/FormatterKit.framework/FormatterKit ... 
2026-04-14 13:33:33 +0000  113616 bytes for ./Frameworks/FormatterKit.framework/FormatterKit
2026-04-14 13:33:33 +0000  copying file ./Frameworks/FormatterKit.framework/FormatterKit.bundle/de.lproj/FormatterKit.strings ... 
2026-04-14 13:33:33 +0000  3729 bytes for ./Frameworks/FormatterKit.framework/FormatterKit.bundle/de.lproj/FormatterKit.strings
2026-04-14 13:33:33 +0000  copying file ./Frameworks/FormatterKit.framework/FormatterKit.bundle/en.lproj/FormatterKit.strings ... 
2026-04-14 13:33:33 +0000  0 bytes for ./Frameworks/FormatterKit.framework/FormatterKit.bundle/en.lproj/FormatterKit.strings
2026-04-14 13:33:33 +0000  copying file ./Frameworks/FormatterKit.framework/FormatterKit.bundle/es.lproj/FormatterKit.strings ... 
5175 bytes for ./Frameworks/FormatterKit.framework/FormatterKit.bundle/es.lproj/FormatterKit.strings
copying file ./Frameworks/FormatterKit.framework/FormatterKit.bundle/pt_BR.lproj/FormatterKit.strings ... 
5139 bytes for ./Frameworks/FormatterKit.framework/FormatterKit.bundle/pt_BR.lproj/FormatterKit.strings
copying file ./Frameworks/FormatterKit.framework/FormatterKit.bundle/fr.lproj/FormatterKit.strings ... 
5179 bytes for ./Frameworks/FormatterKit.framework/FormatterKit.bundle/fr.lproj/FormatterKit.strings
copying file ./Frameworks/FormatterKit.framework/FormatterKit.bundle/pt.lproj/FormatterKit.strings ... 
2026-04-14 13:33:33 +0000  5139 bytes for ./Frameworks/FormatterKit.framework/FormatterKit.bundle/pt.lproj/FormatterKit.strings
2026-04-14 13:33:33 +0000  copying file ./Frameworks/FormatterKit.framework/FormatterKit.bundle/ca.lproj/FormatterKit.strings ... 
2026-04-14 13:33:33 +0000  5150 bytes for ./Frameworks/FormatterKit.framework/FormatterKit.bundle/ca.lproj/FormatterKit.strings
2026-04-14 13:33:33 +0000  copying file ./Frameworks/FormatterKit.framework/Info.plist ... 
2026-04-14 13:33:33 +0000  789 bytes for ./Frameworks/FormatterKit.framework/Info.plist
2026-04-14 13:33:33 +0000  copying file ./Frameworks/GoogleSignIn.framework/_CodeSignature/CodeResources ... 
2026-04-14 13:33:33 +0000  18302 bytes for ./Frameworks/GoogleSignIn.framework/_CodeSignature/CodeResources
2026-04-14 13:33:33 +0000  copying file ./Frameworks/GoogleSignIn.framework/GoogleSignIn.bundle/de.lproj/GoogleSignIn.strings ... 
2026-04-14 13:33:33 +0000  1703 bytes for ./Frameworks/GoogleSignIn.framework/GoogleSignIn.bundle/de.lproj/GoogleSignIn.strings
2026-04-14 13:33:33 +0000  copying file ./Frameworks/GoogleSignIn.framework/GoogleSignIn.bundle/he.lproj/GoogleSignIn.strings ... 
2026-04-14 13:33:33 +0000  1780 bytes for ./Frameworks/GoogleSignIn.framework/GoogleSignIn.bundle/he.lproj/GoogleSignIn.strings
2026-04-14 13:33:33 +0000  copying file ./Frameworks/GoogleSignIn.framework/GoogleSignIn.bundle/ar.lproj/GoogleSignIn.strings ... 
2026-04-14 13:33:33 +0000  1759 bytes for ./Frameworks/GoogleSignIn.framework/GoogleSignIn.bundle/ar.lproj/GoogleSignIn.strings
2026-04-14 13:33:33 +0000  copying file ./Frameworks/GoogleSignIn.framework/GoogleSignIn.bundle/el.lproj/GoogleSignIn.strings ... 
2026-04-14 13:33:33 +0000  2103 bytes for ./Frameworks/GoogleSignIn.framework/GoogleSignIn.bundle/el.lproj/GoogleSignIn.strings
2026-04-14 13:33:33 +0000  copying file ./Frameworks/GoogleSignIn.framework/GoogleSignIn.bundle/ja.lproj/GoogleSignIn.strings ... 
2026-04-14 13:33:33 +0000  1711 bytes for ./Frameworks/GoogleSignIn.framework/GoogleSignIn.bundle/ja.lproj/GoogleSignIn.strings
2026-04-14 13:33:33 +0000  copying file ./Frameworks/GoogleSignIn.framework/GoogleSignIn.bundle/en.lproj/GoogleSignIn.strings ... 
2026-04-14 13:33:33 +0000  1547 bytes for ./Frameworks/GoogleSignIn.framework/GoogleSignIn.bundle/en.lproj/GoogleSignIn.strings
2026-04-14 13:33:33 +0000  copying file ./Frameworks/GoogleSignIn.framework/GoogleSignIn.bundle/uk.lproj/GoogleSignIn.strings ... 
2026-04-14 13:33:33 +0000  1864 bytes for ./Frameworks/GoogleSignIn.framework/GoogleSignIn.bundle/uk.lproj/GoogleSignIn.strings
2026-04-14 13:33:33 +0000  copying file ./Frameworks/GoogleSignIn.framework/GoogleSignIn.bundle/es_MX.lproj/GoogleSignIn.strings ... 
2026-04-14 13:33:33 +0000  1607 bytes for ./Frameworks/GoogleSignIn.framework/GoogleSignIn.bundle/es_MX.lproj/GoogleSignIn.strings
2026-04-14 13:33:33 +0000  copying file ./Frameworks/GoogleSignIn.framework/GoogleSignIn.bundle/zh_CN.lproj/GoogleSignIn.strings ... 
2026-04-14 13:33:33 +0000  1489 bytes for ./Frameworks/GoogleSignIn.framework/GoogleSignIn.bundle/zh_CN.lproj/GoogleSignIn.strings
2026-04-14 13:33:33 +0000  copying file ./Frameworks/GoogleSignIn.framework/GoogleSignIn.bundle/nb.lproj/GoogleSignIn.strings ... 
2026-04-14 13:33:33 +0000  1593 bytes for ./Frameworks/GoogleSignIn.framework/GoogleSignIn.bundle/nb.lproj/GoogleSignIn.strings
2026-04-14 13:33:33 +0000  copying file ./Frameworks/GoogleSignIn.framework/GoogleSignIn.bundle/es.lproj/GoogleSignIn.strings ... 
2026-04-14 13:33:33 +0000  1678 bytes for ./Frameworks/GoogleSignIn.framework/GoogleSignIn.bundle/es.lproj/GoogleSignIn.strings
2026-04-14 13:33:33 +0000  copying file ./Frameworks/GoogleSignIn.framework/GoogleSignIn.bundle/pt_BR.lproj/GoogleSignIn.strings ... 
2026-04-14 13:33:33 +0000  1608 bytes for ./Frameworks/GoogleSignIn.framework/GoogleSignIn.bundle/pt_BR.lproj/GoogleSignIn.strings
2026-04-14 13:33:33 +0000  copying file ./Frameworks/GoogleSignIn.framework/GoogleSignIn.bundle/da.lproj/GoogleSignIn.strings ... 
2026-04-14 13:33:33 +0000  1611 bytes for ./Frameworks/GoogleSignIn.framework/GoogleSignIn.bundle/da.lproj/GoogleSignIn.strings
2026-04-14 13:33:33 +0000  copying file ./Frameworks/GoogleSignIn.framework/GoogleSignIn.bundle/it.lproj/GoogleSignIn.strings ... 
2026-04-14 13:33:33 +0000  1570 bytes for ./Frameworks/GoogleSignIn.framework/GoogleSignIn.bundle/it.lproj/GoogleSignIn.strings
2026-04-14 13:33:33 +0000  copying file ./Frameworks/GoogleSignIn.framework/GoogleSignIn.bundle/sk.lproj/GoogleSignIn.strings ... 
2026-04-14 13:33:33 +0000  1665 bytes for ./Frameworks/GoogleSignIn.framework/GoogleSignIn.bundle/sk.lproj/GoogleSignIn.strings
2026-04-14 13:33:33 +0000  copying file ./Frameworks/GoogleSignIn.framework/GoogleSignIn.bundle/pt_PT.lproj/GoogleSignIn.strings ... 
2026-04-14 13:33:33 +0000  1646 bytes for ./Frameworks/GoogleSignIn.framework/GoogleSignIn.bundle/pt_PT.lproj/GoogleSignIn.strings
2026-04-14 13:33:33 +0000  copying file ./Frameworks/GoogleSignIn.framework/GoogleSignIn.bundle/google@3x.png ... 
2026-04-14 13:33:33 +0000  1773 bytes for ./Frameworks/GoogleSignIn.framework/GoogleSignIn.bundle/google@3x.png
2026-04-14 13:33:33 +0000  copying file ./Frameworks/GoogleSignIn.framework/GoogleSignIn.bundle/ms.lproj/GoogleSignIn.strings ... 
2026-04-14 13:33:33 +0000  1565 bytes for ./Frameworks/GoogleSignIn.framework/GoogleSignIn.bundle/ms.lproj/GoogleSignIn.strings
2026-04-14 13:33:33 +0000  copying file ./Frameworks/GoogleSignIn.framework/GoogleSignIn.bundle/sv.lproj/GoogleSignIn.strings ... 
2026-04-14 13:33:33 +0000  1579 bytes for ./Frameworks/GoogleSignIn.framework/GoogleSignIn.bundle/sv.lproj/GoogleSignIn.strings
2026-04-14 13:33:33 +0000  copying file ./Frameworks/GoogleSignIn.framework/GoogleSignIn.bundle/cs.lproj/GoogleSignIn.strings ... 
2026-04-14 13:33:33 +0000  1615 bytes for ./Frameworks/GoogleSignIn.framework/GoogleSignIn.bundle/cs.lproj/GoogleSignIn.strings
2026-04-14 13:33:33 +0000  copying file ./Frameworks/GoogleSignIn.framework/GoogleSignIn.bundle/google@2x.png ... 
2026-04-14 13:33:33 +0000  1166 bytes for ./Frameworks/GoogleSignIn.framework/GoogleSignIn.bundle/google@2x.png
2026-04-14 13:33:33 +0000  copying file ./Frameworks/GoogleSignIn.framework/GoogleSignIn.bundle/ko.lproj/GoogleSignIn.strings ... 
2026-04-14 13:33:33 +0000  1634 bytes for ./Frameworks/GoogleSignIn.framework/GoogleSignIn.bundle/ko.lproj/GoogleSignIn.strings
2026-04-14 13:33:33 +0000  copying file ./Frameworks/GoogleSignIn.framework/GoogleSignIn.bundle/hu.lproj/GoogleSignIn.strings ... 
2026-04-14 13:33:33 +0000  1663 bytes for ./Frameworks/GoogleSignIn.framework/GoogleSignIn.bundle/hu.lproj/GoogleSignIn.strings
2026-04-14 13:33:33 +0000  copying file ./Frameworks/GoogleSignIn.framework/GoogleSignIn.bundle/tr.lproj/GoogleSignIn.strings ... 
2026-04-14 13:33:33 +0000  1596 bytes for ./Frameworks/GoogleSignIn.framework/GoogleSignIn.bundle/tr.lproj/GoogleSignIn.strings
2026-04-14 13:33:33 +0000  copying file ./Frameworks/GoogleSignIn.framework/GoogleSignIn.bundle/pl.lproj/GoogleSignIn.strings ... 
2026-04-14 13:33:33 +0000  1578 bytes for ./Frameworks/GoogleSignIn.framework/GoogleSignIn.bundle/pl.lproj/GoogleSignIn.strings
2026-04-14 13:33:33 +0000  copying file ./Frameworks/GoogleSignIn.framework/GoogleSignIn.bundle/zh_TW.lproj/GoogleSignIn.strings ... 
2026-04-14 13:33:33 +0000  1525 bytes for ./Frameworks/GoogleSignIn.framework/GoogleSignIn.bundle/zh_TW.lproj/GoogleSignIn.strings
2026-04-14 13:33:33 +0000  copying file ./Frameworks/GoogleSignIn.framework/GoogleSignIn.bundle/en_GB.lproj/GoogleSignIn.strings ... 
2026-04-14 13:33:33 +0000  1547 bytes for ./Frameworks/GoogleSignIn.framework/GoogleSignIn.bundle/en_GB.lproj/GoogleSignIn.strings
2026-04-14 13:33:33 +0000  copying file ./Frameworks/GoogleSignIn.framework/GoogleSignIn.bundle/vi.lproj/GoogleSignIn.strings ... 
2026-04-14 13:33:33 +0000  1717 bytes for ./Frameworks/GoogleSignIn.framework/GoogleSignIn.bundle/vi.lproj/GoogleSignIn.strings
2026-04-14 13:33:33 +0000  copying file ./Frameworks/GoogleSignIn.framework/GoogleSignIn.bundle/PrivacyInfo.xcprivacy ... 
2026-04-14 13:33:33 +0000  3756 bytes for ./Frameworks/GoogleSignIn.framework/GoogleSignIn.bundle/PrivacyInfo.xcprivacy
2026-04-14 13:33:33 +0000  copying file ./Frameworks/GoogleSignIn.framework/GoogleSignIn.bundle/ru.lproj/GoogleSignIn.strings ... 
2026-04-14 13:33:33 +0000  1954 bytes for ./Frameworks/GoogleSignIn.framework/GoogleSignIn.bundle/ru.lproj/GoogleSignIn.strings
2026-04-14 13:33:33 +0000  copying file ./Frameworks/GoogleSignIn.framework/GoogleSignIn.bundle/fr_CA.lproj/GoogleSignIn.strings ... 
2026-04-14 13:33:33 +0000  1657 bytes for ./Frameworks/GoogleSignIn.framework/GoogleSignIn.bundle/fr_CA.lproj/GoogleSignIn.strings
2026-04-14 13:33:33 +0000  copying file ./Frameworks/GoogleSignIn.framework/GoogleSignIn.bundle/fr.lproj/GoogleSignIn.strings ... 
2026-04-14 13:33:33 +0000  1676 bytes for ./Frameworks/GoogleSignIn.framework/GoogleSignIn.bundle/fr.lproj/GoogleSignIn.strings
2026-04-14 13:33:33 +0000  copying file ./Frameworks/GoogleSignIn.framework/GoogleSignIn.bundle/fi.lproj/GoogleSignIn.strings ... 
2026-04-14 13:33:33 +0000  1640 bytes for ./Frameworks/GoogleSignIn.framework/GoogleSignIn.bundle/fi.lproj/GoogleSignIn.strings
2026-04-14 13:33:33 +0000  copying file ./Frameworks/GoogleSignIn.framework/GoogleSignIn.bundle/id.lproj/GoogleSignIn.strings ... 
2026-04-14 13:33:33 +0000  1553 bytes for ./Frameworks/GoogleSignIn.framework/GoogleSignIn.bundle/id.lproj/GoogleSignIn.strings
2026-04-14 13:33:33 +0000  copying file ./Frameworks/GoogleSignIn.framework/GoogleSignIn.bundle/nl.lproj/GoogleSignIn.strings ... 
2026-04-14 13:33:33 +0000  1606 bytes for ./Frameworks/GoogleSignIn.framework/GoogleSignIn.bundle/nl.lproj/GoogleSignIn.strings
2026-04-14 13:33:33 +0000  copying file ./Frameworks/GoogleSignIn.framework/GoogleSignIn.bundle/th.lproj/GoogleSignIn.strings ... 
2026-04-14 13:33:33 +0000  2133 bytes for ./Frameworks/GoogleSignIn.framework/GoogleSignIn.bundle/th.lproj/GoogleSignIn.strings
2026-04-14 13:33:33 +0000  copying file ./Frameworks/GoogleSignIn.framework/GoogleSignIn.bundle/pt.lproj/GoogleSignIn.strings ... 
2026-04-14 13:33:33 +0000  1608 bytes for ./Frameworks/GoogleSignIn.framework/GoogleSignIn.bundle/pt.lproj/GoogleSignIn.strings
2026-04-14 13:33:33 +0000  copying file ./Frameworks/GoogleSignIn.framework/GoogleSignIn.bundle/google.png ... 
2026-04-14 13:33:33 +0000  643 bytes for ./Frameworks/GoogleSignIn.framework/GoogleSignIn.bundle/google.png
2026-04-14 13:33:33 +0000  copying file ./Frameworks/GoogleSignIn.framework/GoogleSignIn.bundle/Roboto-Bold.ttf ... 
2026-04-14 13:33:33 +0000  127744 bytes for ./Frameworks/GoogleSignIn.framework/GoogleSignIn.bundle/Roboto-Bold.ttf
2026-04-14 13:33:33 +0000  copying file ./Frameworks/GoogleSignIn.framework/GoogleSignIn.bundle/ro.lproj/GoogleSignIn.strings ... 
2026-04-14 13:33:33 +0000  1598 bytes for ./Frameworks/GoogleSignIn.framework/GoogleSignIn.bundle/ro.lproj/GoogleSignIn.strings
2026-04-14 13:33:33 +0000  copying file ./Frameworks/GoogleSignIn.framework/GoogleSignIn.bundle/Info.plist ... 
2026-04-14 13:33:33 +0000  764 bytes for ./Frameworks/GoogleSignIn.framework/GoogleSignIn.bundle/Info.plist
2026-04-14 13:33:33 +0000  copying file ./Frameworks/GoogleSignIn.framework/GoogleSignIn.bundle/hr.lproj/GoogleSignIn.strings ... 
2026-04-14 13:33:33 +0000  1621 bytes for ./Frameworks/GoogleSignIn.framework/GoogleSignIn.bundle/hr.lproj/GoogleSignIn.strings
2026-04-14 13:33:33 +0000  copying file ./Frameworks/GoogleSignIn.framework/GoogleSignIn.bundle/hi.lproj/GoogleSignIn.strings ... 
2026-04-14 13:33:33 +0000  2286 bytes for ./Frameworks/GoogleSignIn.framework/GoogleSignIn.bundle/hi.lproj/GoogleSignIn.strings
2026-04-14 13:33:33 +0000  copying file ./Frameworks/GoogleSignIn.framework/GoogleSignIn.bundle/ca.lproj/GoogleSignIn.strings ... 
2026-04-14 13:33:33 +0000  1669 bytes for ./Frameworks/GoogleSignIn.framework/GoogleSignIn.bundle/ca.lproj/GoogleSignIn.strings
2026-04-14 13:33:33 +0000  copying file ./Frameworks/GoogleSignIn.framework/GoogleSignIn ... 
2026-04-14 13:33:33 +0000  215728 bytes for ./Frameworks/GoogleSignIn.framework/GoogleSignIn
2026-04-14 13:33:33 +0000  copying file ./Frameworks/GoogleSignIn.framework/Info.plist ... 
2026-04-14 13:33:33 +0000  789 bytes for ./Frameworks/GoogleSignIn.framework/Info.plist
2026-04-14 13:33:33 +0000  copying file ./Frameworks/PaginatedScrollView.framework/_CodeSignature/CodeResources ... 
2026-04-14 13:33:33 +0000  1798 bytes for ./Frameworks/PaginatedScrollView.framework/_CodeSignature/CodeResources
2026-04-14 13:33:33 +0000  copying file ./Frameworks/PaginatedScrollView.framework/PaginatedScrollView ... 
2026-04-14 13:33:33 +0000  115120 bytes for ./Frameworks/PaginatedScrollView.framework/PaginatedScrollView
2026-04-14 13:33:33 +0000  copying file ./Frameworks/PaginatedScrollView.framework/Info.plist ... 
2026-04-14 13:33:33 +0000  805 bytes for ./Frameworks/PaginatedScrollView.framework/Info.plist
2026-04-14 13:33:33 +0000  copying file ./Frameworks/MagicalRecord.framework/_CodeSignature/CodeResources ... 
2026-04-14 13:33:33 +0000  1798 bytes for ./Frameworks/MagicalRecord.framework/_CodeSignature/CodeResources
2026-04-14 13:33:33 +0000  copying file ./Frameworks/MagicalRecord.framework/MagicalRecord ... 
2026-04-14 13:33:33 +0000  235072 bytes for ./Frameworks/MagicalRecord.framework/MagicalRecord
2026-04-14 13:33:33 +0000  copying file ./Frameworks/MagicalRecord.framework/Info.plist ... 
2026-04-14 13:33:33 +0000  791 bytes for ./Frameworks/MagicalRecord.framework/Info.plist
2026-04-14 13:33:33 +0000  copying file ./Frameworks/FSPagerView.framework/_CodeSignature/CodeResources ... 
2026-04-14 13:33:33 +0000  1798 bytes for ./Frameworks/FSPagerView.framework/_CodeSignature/CodeResources
2026-04-14 13:33:33 +0000  copying file ./Frameworks/FSPagerView.framework/FSPagerView ... 
2026-04-14 13:33:33 +0000  227184 bytes for ./Frameworks/FSPagerView.framework/FSPagerView
2026-04-14 13:33:33 +0000  copying file ./Frameworks/FSPagerView.framework/Info.plist ... 
2026-04-14 13:33:33 +0000  787 bytes for ./Frameworks/FSPagerView.framework/Info.plist
2026-04-14 13:33:33 +0000  copying file ./Frameworks/Lottie.framework/_CodeSignature/CodeResources ... 
2026-04-14 13:33:33 +0000  2340 bytes for ./Frameworks/Lottie.framework/_CodeSignature/CodeResources
2026-04-14 13:33:33 +0000  copying file ./Frameworks/Lottie.framework/LottiePrivacyInfo.bundle/PrivacyInfo.xcprivacy ... 
2026-04-14 13:33:33 +0000  599 bytes for ./Frameworks/Lottie.framework/LottiePrivacyInfo.bundle/PrivacyInfo.xcprivacy
2026-04-14 13:33:33 +0000  copying file ./Frameworks/Lottie.framework/LottiePrivacyInfo.bundle/Info.plist ... 
2026-04-14 13:33:33 +0000  776 bytes for ./Frameworks/Lottie.framework/LottiePrivacyInfo.bundle/Info.plist
2026-04-14 13:33:33 +0000  copying file ./Frameworks/Lottie.framework/Lottie ... 
2026-04-14 13:33:33 +0000  2218320 bytes for ./Frameworks/Lottie.framework/Lottie
2026-04-14 13:33:33 +0000  copying file ./Frameworks/Lottie.framework/Info.plist ... 
2026-04-14 13:33:33 +0000  777 bytes for ./Frameworks/Lottie.framework/Info.plist
2026-04-14 13:33:33 +0000  copying file ./Frameworks/AFNetworking.framework/_CodeSignature/CodeResources ... 
2026-04-14 13:33:33 +0000  1798 bytes for ./Frameworks/AFNetworking.framework/_CodeSignature/CodeResources
2026-04-14 13:33:33 +0000  copying file ./Frameworks/AFNetworking.framework/AFNetworking ... 
2026-04-14 13:33:33 +0000  408048 bytes for ./Frameworks/AFNetworking.framework/AFNetworking
2026-04-14 13:33:33 +0000  copying file ./Frameworks/AFNetworking.framework/Info.plist ... 
2026-04-14 13:33:33 +0000  789 bytes for ./Frameworks/AFNetworking.framework/Info.plist
2026-04-14 13:33:33 +0000  copying file ./Frameworks/Clarity.framework/_CodeSignature/CodeResources ... 
2026-04-14 13:33:33 +0000  2240 bytes for ./Frameworks/Clarity.framework/_CodeSignature/CodeResources
2026-04-14 13:33:33 +0000  copying file ./Frameworks/Clarity.framework/clarity.js ... 
2026-04-14 13:33:33 +0000  57421 bytes for ./Frameworks/Clarity.framework/clarity.js
2026-04-14 13:33:33 +0000  copying file ./Frameworks/Clarity.framework/Clarity ... 
2026-04-14 13:33:33 +0000  3569648 bytes for ./Frameworks/Clarity.framework/Clarity
2026-04-14 13:33:33 +0000  copying file ./Frameworks/Clarity.framework/PrivacyInfo.xcprivacy ... 
2026-04-14 13:33:33 +0000  1911 bytes for ./Frameworks/Clarity.framework/PrivacyInfo.xcprivacy
2026-04-14 13:33:33 +0000  copying file ./Frameworks/Clarity.framework/Info.plist ... 
2026-04-14 13:33:33 +0000  758 bytes for ./Frameworks/Clarity.framework/Info.plist
2026-04-14 13:33:33 +0000  copying file ./Frameworks/ComScore.framework/_CodeSignature/CodeResources ... 
2026-04-14 13:33:33 +0000  2034 bytes for ./Frameworks/ComScore.framework/_CodeSignature/CodeResources
2026-04-14 13:33:33 +0000  copying file ./Frameworks/ComScore.framework/PrivacyInfo.xcprivacy ... 
2026-04-14 13:33:33 +0000  2065 bytes for ./Frameworks/ComScore.framework/PrivacyInfo.xcprivacy
2026-04-14 13:33:33 +0000  copying file ./Frameworks/ComScore.framework/ComScore ... 
2026-04-14 13:33:33 +0000  2028512 bytes for ./Frameworks/ComScore.framework/ComScore
2026-04-14 13:33:33 +0000  copying file ./Frameworks/ComScore.framework/Info.plist ... 
2026-04-14 13:33:33 +0000  790 bytes for ./Frameworks/ComScore.framework/Info.plist
2026-04-14 13:33:33 +0000  copying file ./Frameworks/FBSDKCoreKit_Basics.framework/_CodeSignature/CodeResources ... 
2026-04-14 13:33:33 +0000  2034 bytes for ./Frameworks/FBSDKCoreKit_Basics.framework/_CodeSignature/CodeResources
2026-04-14 13:33:33 +0000  copying file ./Frameworks/FBSDKCoreKit_Basics.framework/PrivacyInfo.xcprivacy ... 
2026-04-14 13:33:33 +0000  937 bytes for ./Frameworks/FBSDKCoreKit_Basics.framework/PrivacyInfo.xcprivacy
2026-04-14 13:33:33 +0000  copying file ./Frameworks/FBSDKCoreKit_Basics.framework/FBSDKCoreKit_Basics ... 
2026-04-14 13:33:33 +0000  159200 bytes for ./Frameworks/FBSDKCoreKit_Basics.framework/FBSDKCoreKit_Basics
2026-04-14 13:33:33 +0000  copying file ./Frameworks/FBSDKCoreKit_Basics.framework/Info.plist ... 
2026-04-14 13:33:33 +0000  815 bytes for ./Frameworks/FBSDKCoreKit_Basics.framework/Info.plist
2026-04-14 13:33:33 +0000  copying file ./Frameworks/Didomi.framework/_CodeSignature/CodeResources ... 
2026-04-14 13:33:33 +0000  18800 bytes for ./Frameworks/Didomi.framework/_CodeSignature/CodeResources
2026-04-14 13:33:33 +0000  copying file ./Frameworks/Didomi.framework/Didomi ... 
2026-04-14 13:33:33 +0000  3395696 bytes for ./Frameworks/Didomi.framework/Didomi
copying file ./Frameworks/Didomi.framework/didomi_iab_purposes_v3_fr.json ... 
2026-04-14 13:33:33 +0000  26394 bytes for ./Frameworks/Didomi.framework/didomi_iab_purposes_v3_fr.json
copying file ./Frameworks/Didomi.framework/didomi_iab_purposes_v3_et.json ... 
2026-04-14 13:33:33 +0000  21072 bytes for ./Frameworks/Didomi.framework/didomi_iab_purposes_v3_et.json
copying file ./Frameworks/Didomi.framework/didomi_iab_purposes_v3_zh-CN.json ... 
2026-04-14 13:33:33 +0000  18044 bytes for ./Frameworks/Didomi.framework/didomi_iab_purposes_v3_zh-CN.json
2026-04-14 13:33:33 +0000  copying file ./Frameworks/Didomi.framework/didomi_iab_purposes_v3_ko.json ... 
2026-04-14 13:33:33 +0000  22544 bytes for ./Frameworks/Didomi.framework/didomi_iab_purposes_v3_ko.json
2026-04-14 13:33:33 +0000  copying file ./Frameworks/Didomi.framework/didomi_iab_purposes_v3_he.json ... 
2026-04-14 13:33:33 +0000  29841 bytes for ./Frameworks/Didomi.framework/didomi_iab_purposes_v3_he.json
2026-04-14 13:33:33 +0000  copying file ./Frameworks/Didomi.framework/didomi_master_config.json ... 
2026-04-14 13:33:33 +0000  1347008 bytes for ./Frameworks/Didomi.framework/didomi_master_config.json
2026-04-14 13:33:33 +0000  copying file ./Frameworks/Didomi.framework/didomi_iab_purposes_v3_pt-PT.json ... 
2026-04-14 13:33:33 +0000  24253 bytes for ./Frameworks/Didomi.framework/didomi_iab_purposes_v3_pt-PT.json
2026-04-14 13:33:33 +0000  copying file ./Frameworks/Didomi.framework/didomi_iab_purposes_v3_bn-IN.json ... 
2026-04-14 13:33:33 +0000  54517 bytes for ./Frameworks/Didomi.framework/didomi_iab_purposes_v3_bn-IN.json
2026-04-14 13:33:33 +0000  copying file ./Frameworks/Didomi.framework/didomi_iab_purposes_v3_el.json ... 
2026-04-14 13:33:33 +0000  45233 bytes for ./Frameworks/Didomi.framework/didomi_iab_purposes_v3_el.json
2026-04-14 13:33:33 +0000  copying file ./Frameworks/Didomi.framework/didomi_iab_purposes_v3_bg.json ... 
2026-04-14 13:33:33 +0000  42245 bytes for ./Frameworks/Didomi.framework/didomi_iab_purposes_v3_bg.json
2026-04-14 13:33:33 +0000  copying file ./Frameworks/Didomi.framework/didomi_iab_purposes_v3_ro.json ... 
2026-04-14 13:33:33 +0000  25767 bytes for ./Frameworks/Didomi.framework/didomi_iab_purposes_v3_ro.json
2026-04-14 13:33:33 +0000  copying file ./Frameworks/Didomi.framework/didomi_iab_purposes_v3_ca.json ... 
2026-04-14 13:33:33 +0000  24420 bytes for ./Frameworks/Didomi.framework/didomi_iab_purposes_v3_ca.json
2026-04-14 13:33:33 +0000  copying file ./Frameworks/Didomi.framework/didomi_iab_purposes_v3_id.json ... 
2026-04-14 13:33:33 +0000  22328 bytes for ./Frameworks/Didomi.framework/didomi_iab_purposes_v3_id.json
2026-04-14 13:33:33 +0000  copying file ./Frameworks/Didomi.framework/didomi_iab_purposes_v3_az-AZ.json ... 
2026-04-14 13:33:33 +0000  24811 bytes for ./Frameworks/Didomi.framework/didomi_iab_purposes_v3_az-AZ.json
2026-04-14 13:33:33 +0000  copying file ./Frameworks/Didomi.framework/didomi_iab_purposes_v3_no.json ... 
2026-04-14 13:33:33 +0000  21763 bytes for ./Frameworks/Didomi.framework/didomi_iab_purposes_v3_no.json
2026-04-14 13:33:33 +0000  copying file ./Frameworks/Didomi.framework/didomi_iab_purposes_v3_lv.json ... 
2026-04-14 13:33:33 +0000  23798 bytes for ./Frameworks/Didomi.framework/didomi_iab_purposes_v3_lv.json
2026-04-14 13:33:33 +0000  copying file ./Frameworks/Didomi.framework/didomi_iab_purposes_v3_sw.json ... 
2026-04-14 13:33:33 +0000  21921 bytes for ./Frameworks/Didomi.framework/didomi_iab_purposes_v3_sw.json
2026-04-14 13:33:33 +0000  copying file ./Frameworks/Didomi.framework/didomi_iab_purposes_v3_da.json ... 
2026-04-14 13:33:33 +0000  22184 bytes for ./Frameworks/Didomi.framework/didomi_iab_purposes_v3_da.json
2026-04-14 13:33:33 +0000  copying file ./Frameworks/Didomi.framework/didomi_iab_purposes_v3_vi.json ... 
2026-04-14 13:33:33 +0000  29972 bytes for ./Frameworks/Didomi.framework/didomi_iab_purposes_v3_vi.json
2026-04-14 13:33:33 +0000  copying file ./Frameworks/Didomi.framework/didomi_iab_purposes_v3_cs.json ... 
2026-04-14 13:33:33 +0000  23774 bytes for ./Frameworks/Didomi.framework/didomi_iab_purposes_v3_cs.json
2026-04-14 13:33:33 +0000  copying file ./Frameworks/Didomi.framework/didomi_iab_purposes_v3_th.json ... 
2026-04-14 13:33:33 +0000  49388 bytes for ./Frameworks/Didomi.framework/didomi_iab_purposes_v3_th.json
2026-04-14 13:33:33 +0000  copying file ./Frameworks/Didomi.framework/didomi_iab_purposes_v3_sv.json ... 
2026-04-14 13:33:33 +0000  22419 bytes for ./Frameworks/Didomi.framework/didomi_iab_purposes_v3_sv.json
2026-04-14 13:33:33 +0000  copying file ./Frameworks/Didomi.framework/dcs-encoder.js ... 
2026-04-14 13:33:33 +0000  58123 bytes for ./Frameworks/Didomi.framework/dcs-encoder.js
2026-04-14 13:33:33 +0000  copying file ./Frameworks/Didomi.framework/didomi_iab_purposes_v3_es.json ... 
2026-04-14 13:33:33 +0000  25660 bytes for ./Frameworks/Didomi.framework/didomi_iab_purposes_v3_es.json
2026-04-14 13:33:33 +0000  copying file ./Frameworks/Didomi.framework/didomi_iab_purposes_v3_ar.json ... 
2026-04-14 13:33:33 +0000  31710 bytes for ./Frameworks/Didomi.framework/didomi_iab_purposes_v3_ar.json
2026-04-14 13:33:33 +0000  copying file ./Frameworks/Didomi.framework/didomi_iab_purposes_v3_hu.json ... 
2026-04-14 13:33:33 +0000  26694 bytes for ./Frameworks/Didomi.framework/didomi_iab_purposes_v3_hu.json
2026-04-14 13:33:33 +0000  copying file ./Frameworks/Didomi.framework/didomi_iab_purposes_v3_lt.json ... 
2026-04-14 13:33:33 +0000  23104 bytes for ./Frameworks/Didomi.framework/didomi_iab_purposes_v3_lt.json
2026-04-14 13:33:33 +0000  copying file ./Frameworks/Didomi.framework/didomi_iab_purposes_v3_fil.json ... 
2026-04-14 13:33:33 +0000  24876 bytes for ./Frameworks/Didomi.framework/didomi_iab_purposes_v3_fil.json
2026-04-14 13:33:33 +0000  copying file ./Frameworks/Didomi.framework/didomi_iab_purposes_v3_sr-Latn.json ... 
2026-04-14 13:33:33 +0000  22915 bytes for ./Frameworks/Didomi.framework/didomi_iab_purposes_v3_sr-Latn.json
copying file ./Frameworks/Didomi.framework/web_sdk_utilities.js ... 
2026-04-14 13:33:33 +0000  19747 bytes for ./Frameworks/Didomi.framework/web_sdk_utilities.js
copying file ./Frameworks/Didomi.framework/didomi_iab_purposes_v3_mk-MK.json ... 
2026-04-14 13:33:33 +0000  39872 bytes for ./Frameworks/Didomi.framework/didomi_iab_purposes_v3_mk-MK.json
copying file ./Frameworks/Didomi.framework/Assets.car ... 
2026-04-14 13:33:33 +0000  133208 bytes for ./Frameworks/Didomi.framework/Assets.car
2026-04-14 13:33:33 +0000  copying file ./Frameworks/Didomi.framework/didomi_iab_purposes_v3_tr.json ... 
2026-04-14 13:33:33 +0000  24021 bytes for ./Frameworks/Didomi.framework/didomi_iab_purposes_v3_tr.json
2026-04-14 13:33:33 +0000  copying file ./Frameworks/Didomi.framework/didomi_iab_purposes_v3_sl.json ... 
2026-04-14 13:33:33 +0000  21924 bytes for ./Frameworks/Didomi.framework/didomi_iab_purposes_v3_sl.json
2026-04-14 13:33:33 +0000  copying file ./Frameworks/Didomi.framework/PrivacyInfo.xcprivacy ... 
2026-04-14 13:33:33 +0000  1019 bytes for ./Frameworks/Didomi.framework/PrivacyInfo.xcprivacy
2026-04-14 13:33:33 +0000  copying file ./Frameworks/Didomi.framework/didomi_iab_purposes_v3_ja.json ... 
2026-04-14 13:33:33 +0000  31108 bytes for ./Frameworks/Didomi.framework/didomi_iab_purposes_v3_ja.json
2026-04-14 13:33:33 +0000  copying file ./Frameworks/Didomi.framework/web_sdk.html ... 
2026-04-14 13:33:33 +0000  272 bytes for ./Frameworks/Didomi.framework/web_sdk.html
2026-04-14 13:33:33 +0000  copying file ./Frameworks/Didomi.framework/didomi_iab_config_v3.json ... 
2026-04-14 13:33:33 +0000  846922 bytes for ./Frameworks/Didomi.framework/didomi_iab_config_v3.json
2026-04-14 13:33:33 +0000  copying file ./Frameworks/Didomi.framework/didomi_iab_purposes_v3_nl.json ... 
2026-04-14 13:33:33 +0000  24519 bytes for ./Frameworks/Didomi.framework/didomi_iab_purposes_v3_nl.json
2026-04-14 13:33:33 +0000  copying file ./Frameworks/Didomi.framework/didomi_iab_purposes_v3_ms.json ... 
2026-04-14 13:33:33 +0000  19103 bytes for ./Frameworks/Didomi.framework/didomi_iab_purposes_v3_ms.json
2026-04-14 13:33:33 +0000  copying file ./Frameworks/Didomi.framework/didomi_iab_purposes_v3_hi-IN.json ... 
2026-04-14 13:33:33 +0000  54549 bytes for ./Frameworks/Didomi.framework/didomi_iab_purposes_v3_hi-IN.json
2026-04-14 13:33:33 +0000  copying file ./Frameworks/Didomi.framework/gpp.js ... 
2026-04-14 13:33:33 +0000  137640 bytes for ./Frameworks/Didomi.framework/gpp.js
2026-04-14 13:33:33 +0000  copying file ./Frameworks/Didomi.framework/didomi_iab_purposes_v3_de.json ... 
2026-04-14 13:33:33 +0000  25505 bytes for ./Frameworks/Didomi.framework/didomi_iab_purposes_v3_de.json
2026-04-14 13:33:33 +0000  copying file ./Frameworks/Didomi.framework/didomi_iab_purposes_v3_pl.json ... 
2026-04-14 13:33:33 +0000  25064 bytes for ./Frameworks/Didomi.framework/didomi_iab_purposes_v3_pl.json
2026-04-14 13:33:33 +0000  copying file ./Frameworks/Didomi.framework/didomi_iab_purposes_v3_ru.json ... 
2026-04-14 13:33:33 +0000  42353 bytes for ./Frameworks/Didomi.framework/didomi_iab_purposes_v3_ru.json
2026-04-14 13:33:33 +0000  copying file ./Frameworks/Didomi.framework/didomi_iab_purposes_v3_uk.json ... 
2026-04-14 13:33:33 +0000  39052 bytes for ./Frameworks/Didomi.framework/didomi_iab_purposes_v3_uk.json
2026-04-14 13:33:33 +0000  copying file ./Frameworks/Didomi.framework/didomi_iab_purposes_v3_fi.json ... 
2026-04-14 13:33:33 +0000  20902 bytes for ./Frameworks/Didomi.framework/didomi_iab_purposes_v3_fi.json
2026-04-14 13:33:33 +0000  copying file ./Frameworks/Didomi.framework/privacy-signals.js ... 
2026-04-14 13:33:33 +0000  10784 bytes for ./Frameworks/Didomi.framework/privacy-signals.js
2026-04-14 13:33:33 +0000  copying file ./Frameworks/Didomi.framework/didomi_iab_purposes_v3_it.json ... 
2026-04-14 13:33:33 +0000  25129 bytes for ./Frameworks/Didomi.framework/didomi_iab_purposes_v3_it.json
2026-04-14 13:33:33 +0000  copying file ./Frameworks/Didomi.framework/didomi_iab_purposes_v3_sr.json ... 
2026-04-14 13:33:33 +0000  38943 bytes for ./Frameworks/Didomi.framework/didomi_iab_purposes_v3_sr.json
2026-04-14 13:33:33 +0000  copying file ./Frameworks/Didomi.framework/didomi_iab_purposes_v3_hr.json ... 
2026-04-14 13:33:33 +0000  22533 bytes for ./Frameworks/Didomi.framework/didomi_iab_purposes_v3_hr.json
2026-04-14 13:33:33 +0000  copying file ./Frameworks/Didomi.framework/Info.plist ... 
2026-04-14 13:33:33 +0000  1080 bytes for ./Frameworks/Didomi.framework/Info.plist
2026-04-14 13:33:33 +0000  copying file ./Frameworks/Didomi.framework/didomi_iab_purposes_v3_sk.json ... 
2026-04-14 13:33:33 +0000  23761 bytes for ./Frameworks/Didomi.framework/didomi_iab_purposes_v3_sk.json
2026-04-14 13:33:33 +0000  copying file ./Frameworks/Didomi.framework/didomi_iab_purposes_v3_pt-BR.json ... 
23578 bytes for ./Frameworks/Didomi.framework/didomi_iab_purposes_v3_pt-BR.json
copying file ./Frameworks/Didomi.framework/didomi_iab_purposes_v3_zh-TW.json ... 
17722 bytes for ./Frameworks/Didomi.framework/didomi_iab_purposes_v3_zh-TW.json
copying file ./Frameworks/MoEngageKMMConditionEvaluator.framework/_CodeSignature/CodeResources ... 
2026-04-14 13:33:33 +0000  1798 bytes for ./Frameworks/MoEngageKMMConditionEvaluator.framework/_CodeSignature/CodeResources
2026-04-14 13:33:33 +0000  copying file ./Frameworks/MoEngageKMMConditionEvaluator.framework/MoEngageKMMConditionEvaluator ... 
2026-04-14 13:33:33 +0000  3474000 bytes for ./Frameworks/MoEngageKMMConditionEvaluator.framework/MoEngageKMMConditionEvaluator
2026-04-14 13:33:33 +0000  copying file ./Frameworks/MoEngageKMMConditionEvaluator.framework/Info.plist ... 
2026-04-14 13:33:33 +0000  1100 bytes for ./Frameworks/MoEngageKMMConditionEvaluator.framework/Info.plist
2026-04-14 13:33:33 +0000  copying file ./ivooxNew.momd/ivooxNew3.2.mom ... 
2026-04-14 13:33:33 +0000  28824 bytes for ./ivooxNew.momd/ivooxNew3.2.mom
2026-04-14 13:33:33 +0000  copying file ./ivooxNew.momd/ivooxNew21.mom ... 
2026-04-14 13:33:33 +0000  40790 bytes for ./ivooxNew.momd/ivooxNew21.mom
2026-04-14 13:33:33 +0000  copying file ./ivooxNew.momd/ivooxNew20.2.mom ... 
2026-04-14 13:33:33 +0000  38602 bytes for ./ivooxNew.momd/ivooxNew20.2.mom
2026-04-14 13:33:33 +0000  copying file ./ivooxNew.momd/ivooxNew22.1.mom ... 
2026-04-14 13:33:33 +0000  40934 bytes for ./ivooxNew.momd/ivooxNew22.1.mom
2026-04-14 13:33:33 +0000  copying file ./ivooxNew.momd/ivooxNew20.mom ... 
2026-04-14 13:33:33 +0000  38481 bytes for ./ivooxNew.momd/ivooxNew20.mom
2026-04-14 13:33:33 +0000  copying file ./ivooxNew.momd/ivooxNew3.3.mom ... 
2026-04-14 13:33:33 +0000  29295 bytes for ./ivooxNew.momd/ivooxNew3.3.mom
2026-04-14 13:33:33 +0000  copying file ./ivooxNew.momd/ivooxNew22.mom ... 
2026-04-14 13:33:33 +0000  41034 bytes for ./ivooxNew.momd/ivooxNew22.mom
2026-04-14 13:33:33 +0000  copying file ./ivooxNew.momd/ivooxNew23.mom ... 
2026-04-14 13:33:33 +0000  45679 bytes for ./ivooxNew.momd/ivooxNew23.mom
2026-04-14 13:33:33 +0000  copying file ./ivooxNew.momd/ivooxNew37.mom ... 
2026-04-14 13:33:33 +0000  47521 bytes for ./ivooxNew.momd/ivooxNew37.mom
2026-04-14 13:33:33 +0000  copying file ./ivooxNew.momd/ivooxNew3.4.mom ... 
2026-04-14 13:33:33 +0000  29402 bytes for ./ivooxNew.momd/ivooxNew3.4.mom
2026-04-14 13:33:33 +0000  copying file ./ivooxNew.momd/ivooxNew3.5.mom ... 
2026-04-14 13:33:33 +0000  29767 bytes for ./ivooxNew.momd/ivooxNew3.5.mom
2026-04-14 13:33:33 +0000  copying file ./ivooxNew.momd/ivooxNew3.7.mom ... 
2026-04-14 13:33:33 +0000  30213 bytes for ./ivooxNew.momd/ivooxNew3.7.mom
2026-04-14 13:33:33 +0000  copying file ./ivooxNew.momd/VersionInfo.plist ... 
2026-04-14 13:33:33 +0000  238887 bytes for ./ivooxNew.momd/VersionInfo.plist
2026-04-14 13:33:33 +0000  copying file ./ivooxNew.momd/ivooxNew24.mom ... 
2026-04-14 13:33:33 +0000  46011 bytes for ./ivooxNew.momd/ivooxNew24.mom
2026-04-14 13:33:33 +0000  copying file ./ivooxNew.momd/ivooxNew18.mom ... 
2026-04-14 13:33:33 +0000  38296 bytes for ./ivooxNew.momd/ivooxNew18.mom
2026-04-14 13:33:33 +0000  copying file ./ivooxNew.momd/ivooxNew25.mom ... 
2026-04-14 13:33:33 +0000  46881 bytes for ./ivooxNew.momd/ivooxNew25.mom
2026-04-14 13:33:33 +0000  copying file ./ivooxNew.momd/ivooxNew42.mom ... 
2026-04-14 13:33:33 +0000  50375 bytes for ./ivooxNew.momd/ivooxNew42.mom
2026-04-14 13:33:33 +0000  copying file ./ivooxNew.momd/ivooxNew56.mom ... 
2026-04-14 13:33:33 +0000  79254 bytes for ./ivooxNew.momd/ivooxNew56.mom
2026-04-14 13:33:33 +0000  copying file ./ivooxNew.momd/ivooxNew57.mom ... 
2026-04-14 13:33:33 +0000  81124 bytes for ./ivooxNew.momd/ivooxNew57.mom
2026-04-14 13:33:33 +0000  copying file ./ivooxNew.momd/ivooxNew43.mom ... 
2026-04-14 13:33:33 +0000  50693 bytes for ./ivooxNew.momd/ivooxNew43.mom
2026-04-14 13:33:33 +0000  copying file ./ivooxNew.momd/ivooxNew3.8.1.mom ... 
2026-04-14 13:33:33 +0000  32109 bytes for ./ivooxNew.momd/ivooxNew3.8.1.mom
2026-04-14 13:33:33 +0000  copying file ./ivooxNew.momd/ivooxNew21.2.mom ... 
2026-04-14 13:33:33 +0000  40904 bytes for ./ivooxNew.momd/ivooxNew21.2.mom
2026-04-14 13:33:33 +0000  copying file ./ivooxNew.momd/ivooxNew69.mom ... 
2026-04-14 13:33:33 +0000  114251 bytes for ./ivooxNew.momd/ivooxNew69.mom
2026-04-14 13:33:33 +0000  copying file ./ivooxNew.momd/ivooxNew55.mom ... 
2026-04-14 13:33:33 +0000  72887 bytes for ./ivooxNew.momd/ivooxNew55.mom
2026-04-14 13:33:33 +0000  copying file ./ivooxNew.momd/ivooxNew41.mom ... 
2026-04-14 13:33:33 +0000  49860 bytes for ./ivooxNew.momd/ivooxNew41.mom
2026-04-14 13:33:33 +0000  copying file ./ivooxNew.momd/ivooxNew40.mom ... 
2026-04-14 13:33:33 +0000  49631 bytes for ./ivooxNew.momd/ivooxNew40.mom
2026-04-14 13:33:33 +0000  copying file ./ivooxNew.momd/ivooxNew54.mom ... 
2026-04-14 13:33:33 +0000  67419 bytes for ./ivooxNew.momd/ivooxNew54.mom
2026-04-14 13:33:33 +0000  copying file ./ivooxNew.momd/ivooxNew68.mom ... 
2026-04-14 13:33:33 +0000  114656 bytes for ./ivooxNew.momd/ivooxNew68.mom
2026-04-14 13:33:33 +0000  copying file ./ivooxNew.momd/ivooxNew70.omo ... 
2026-04-14 13:33:33 +0000  236976 bytes for ./ivooxNew.momd/ivooxNew70.omo
2026-04-14 13:33:33 +0000  copying file ./ivooxNew.momd/ivooxNew50.mom ... 
2026-04-14 13:33:33 +0000  57130 bytes for ./ivooxNew.momd/ivooxNew50.mom
2026-04-14 13:33:33 +0000  copying file ./ivooxNew.momd/ivooxNew44.mom ... 
2026-04-14 13:33:33 +0000  52091 bytes for ./ivooxNew.momd/ivooxNew44.mom
2026-04-14 13:33:33 +0000  copying file ./ivooxNew.momd/ivooxNew45.mom ... 
2026-04-14 13:33:33 +0000  53924 bytes for ./ivooxNew.momd/ivooxNew45.mom
2026-04-14 13:33:33 +0000  copying file ./ivooxNew.momd/ivooxNew51.mom ... 
2026-04-14 13:33:33 +0000  57242 bytes for ./ivooxNew.momd/ivooxNew51.mom
2026-04-14 13:33:33 +0000  copying file ./ivooxNew.momd/ivooxNew.mom ... 
2026-04-14 13:33:33 +0000  27593 bytes for ./ivooxNew.momd/ivooxNew.mom
2026-04-14 13:33:33 +0000  copying file ./ivooxNew.momd/ivooxNew47.mom ... 
2026-04-14 13:33:33 +0000  54456 bytes for ./ivooxNew.momd/ivooxNew47.mom
2026-04-14 13:33:33 +0000  copying file ./ivooxNew.momd/ivooxNew53.mom ... 
2026-04-14 13:33:33 +0000  66396 bytes for ./ivooxNew.momd/ivooxNew53.mom
copying file ./ivooxNew.momd/ivooxNew52.mom ... 
2026-04-14 13:33:33 +0000  58687 bytes for ./ivooxNew.momd/ivooxNew52.mom
2026-04-14 13:33:33 +0000  copying file ./ivooxNew.momd/ivooxNew46.mom ... 
2026-04-14 13:33:33 +0000  54167 bytes for ./ivooxNew.momd/ivooxNew46.mom
2026-04-14 13:33:33 +0000  copying file ./ivooxNew.momd/ivooxNew18.1.mom ... 
2026-04-14 13:33:33 +0000  38373 bytes for ./ivooxNew.momd/ivooxNew18.1.mom
2026-04-14 13:33:33 +0000  copying file ./ivooxNew.momd/ivooxNew63.mom ... 
2026-04-14 13:33:33 +0000  112368 bytes for ./ivooxNew.momd/ivooxNew63.mom
2026-04-14 13:33:33 +0000  copying file ./ivooxNew.momd/ivooxNew62.mom ... 
2026-04-14 13:33:33 +0000  112215 bytes for ./ivooxNew.momd/ivooxNew62.mom
2026-04-14 13:33:33 +0000  copying file ./ivooxNew.momd/ivooxNew48.mom ... 
2026-04-14 13:33:33 +0000  55226 bytes for ./ivooxNew.momd/ivooxNew48.mom
2026-04-14 13:33:33 +0000  copying file ./ivooxNew.momd/ivooxNew60.mom ... 
2026-04-14 13:33:33 +0000  105572 bytes for ./ivooxNew.momd/ivooxNew60.mom
2026-04-14 13:33:33 +0000  copying file ./ivooxNew.momd/ivooxNew3.2.2.mom ... 
2026-04-14 13:33:33 +0000  28950 bytes for ./ivooxNew.momd/ivooxNew3.2.2.mom
2026-04-14 13:33:33 +0000  copying file ./ivooxNew.momd/ivooxNew61.mom ... 
2026-04-14 13:33:33 +0000  108095 bytes for ./ivooxNew.momd/ivooxNew61.mom
2026-04-14 13:33:33 +0000  copying file ./ivooxNew.momd/ivooxNew49.mom ... 
2026-04-14 13:33:33 +0000  56271 bytes for ./ivooxNew.momd/ivooxNew49.mom
2026-04-14 13:33:33 +0000  copying file ./ivooxNew.momd/ivooxNew65.mom ... 
2026-04-14 13:33:33 +0000  113143 bytes for ./ivooxNew.momd/ivooxNew65.mom
2026-04-14 13:33:33 +0000  copying file ./ivooxNew.momd/ivooxNew59.mom ... 
2026-04-14 13:33:33 +0000  105434 bytes for ./ivooxNew.momd/ivooxNew59.mom
2026-04-14 13:33:33 +0000  copying file ./ivooxNew.momd/ivooxNew58.mom ... 
2026-04-14 13:33:33 +0000  82237 bytes for ./ivooxNew.momd/ivooxNew58.mom
2026-04-14 13:33:33 +0000  copying file ./ivooxNew.momd/ivooxNew64.mom ... 
2026-04-14 13:33:33 +0000  112368 bytes for ./ivooxNew.momd/ivooxNew64.mom
2026-04-14 13:33:33 +0000  copying file ./ivooxNew.momd/ivooxNew70.mom ... 
2026-04-14 13:33:33 +0000  116270 bytes for ./ivooxNew.momd/ivooxNew70.mom
2026-04-14 13:33:33 +0000  copying file ./ivooxNew.momd/ivooxNew3.4.1.mom ... 
2026-04-14 13:33:33 +0000  29534 bytes for ./ivooxNew.momd/ivooxNew3.4.1.mom
2026-04-14 13:33:33 +0000  copying file ./ivooxNew.momd/ivooxNew66.mom ... 
2026-04-14 13:33:33 +0000  113145 bytes for ./ivooxNew.momd/ivooxNew66.mom
2026-04-14 13:33:33 +0000  copying file ./ivooxNew.momd/ivooxNew3.12.mom ... 
2026-04-14 13:33:33 +0000  33441 bytes for ./ivooxNew.momd/ivooxNew3.12.mom
2026-04-14 13:33:33 +0000  copying file ./ivooxNew.momd/ivooxNew67.mom ... 
2026-04-14 13:33:33 +0000  113522 bytes for ./ivooxNew.momd/ivooxNew67.mom
2026-04-14 13:33:33 +0000  copying file ./ivooxNew.momd/ivooxNew15.mom ... 
2026-04-14 13:33:33 +0000  34991 bytes for ./ivooxNew.momd/ivooxNew15.mom
2026-04-14 13:33:33 +0000  copying file ./ivooxNew.momd/ivooxNew3.8.mom ... 
2026-04-14 13:33:33 +0000  30899 bytes for ./ivooxNew.momd/ivooxNew3.8.mom
2026-04-14 13:33:33 +0000  copying file ./ivooxNew.momd/ivooxNew3.1.2.mom ... 
2026-04-14 13:33:33 +0000  28127 bytes for ./ivooxNew.momd/ivooxNew3.1.2.mom
2026-04-14 13:33:33 +0000  copying file ./ivooxNew.momd/ivooxNew15.1.mom ... 
2026-04-14 13:33:33 +0000  36292 bytes for ./ivooxNew.momd/ivooxNew15.1.mom
2026-04-14 13:33:33 +0000  copying file ./ivooxNew.momd/ivooxNew13.2.1.mom ... 
2026-04-14 13:33:33 +0000  34441 bytes for ./ivooxNew.momd/ivooxNew13.2.1.mom
2026-04-14 13:33:33 +0000  copying file ./ivooxNew.momd/ivooxNew39.mom ... 
2026-04-14 13:33:33 +0000  48390 bytes for ./ivooxNew.momd/ivooxNew39.mom
2026-04-14 13:33:33 +0000  copying file ./ivooxNew.momd/ivooxNew38.mom ... 
2026-04-14 13:33:33 +0000  47641 bytes for ./ivooxNew.momd/ivooxNew38.mom
2026-04-14 13:33:33 +0000  copying file ./LASSItemProgramCell.nib ... 
2026-04-14 13:33:33 +0000  5561 bytes for ./LASSItemProgramCell.nib
2026-04-14 13:33:33 +0000  copying file ./LibraryAddSubscriptionSearchSuggestionCell.nib ... 
2026-04-14 13:33:33 +0000  6109 bytes for ./LibraryAddSubscriptionSearchSuggestionCell.nib
2026-04-14 13:33:33 +0000  copying file ./PRCarouselCell.nib ... 
2026-04-14 13:33:33 +0000  2067 bytes for ./PRCarouselCell.nib
2026-04-14 13:33:33 +0000  copying file ./DAEmailTypeView.nib ... 
2026-04-14 13:33:33 +0000  9831 bytes for ./DAEmailTypeView.nib
2026-04-14 13:33:33 +0000  copying file ./RadioRelatedProgramsTableHeader.nib ... 
2026-04-14 13:33:33 +0000  2798 bytes for ./RadioRelatedProgramsTableHeader.nib
2026-04-14 13:33:33 +0000  copying file ./ProductsHeaderView.nib ... 
2026-04-14 13:33:33 +0000  4580 bytes for ./ProductsHeaderView.nib
2026-04-14 13:33:33 +0000  copying file ./ProgramCollectionCellList.nib ... 
2026-04-14 13:33:33 +0000  7344 bytes for ./ProgramCollectionCellList.nib
2026-04-14 13:33:33 +0000  copying file ./ProgramSettingsCell.nib ... 
2026-04-14 13:33:33 +0000  4145 bytes for ./ProgramSettingsCell.nib
2026-04-14 13:33:33 +0000  copying file ./embedded.mobileprovision ... 
2026-04-14 13:33:33 +0000  14481 bytes for ./embedded.mobileprovision
2026-04-14 13:33:33 +0000  copying file ./DynamicMainHeaderSkeletonReusableView.nib ... 
2026-04-14 13:33:33 +0000  8238 bytes for ./DynamicMainHeaderSkeletonReusableView.nib
2026-04-14 13:33:33 +0000  copying file ./NoConnectionView.nib ... 
2026-04-14 13:33:33 +0000  6339 bytes for ./NoConnectionView.nib
2026-04-14 13:33:33 +0000  copying file ./CMQTableHeaderView.nib ... 
2026-04-14 13:33:33 +0000  7882 bytes for ./CMQTableHeaderView.nib
2026-04-14 13:33:33 +0000  copying file ./DynamicMainHeaderReusableView.nib ... 
2026-04-14 13:33:33 +0000  6229 bytes for ./DynamicMainHeaderReusableView.nib
2026-04-14 13:33:33 +0000  copying file ./SurpriseMeTopicsView.nib ... 
2026-04-14 13:33:33 +0000  1229 bytes for ./SurpriseMeTopicsView.nib
2026-04-14 13:33:33 +0000  copying file ./LoginWelcomeView.nib ... 
2026-04-14 13:33:33 +0000  6426 bytes for ./LoginWelcomeView.nib
2026-04-14 13:33:33 +0000  copying file ./LibrarySearchHeaderViewComponent.nib ... 
2026-04-14 13:33:33 +0000  2406 bytes for ./LibrarySearchHeaderViewComponent.nib
2026-04-14 13:33:33 +0000  copying file ./PANavControlsView.nib ... 
2026-04-14 13:33:33 +0000  4595 bytes for ./PANavControlsView.nib
2026-04-14 13:33:33 +0000  copying file ./MultiProposalsView.nib ... 
2026-04-14 13:33:33 +0000  3447 bytes for ./MultiProposalsView.nib
2026-04-14 13:33:33 +0000  copying file ./AudioPopupInfoCell.nib ... 
2026-04-14 13:33:33 +0000  4554 bytes for ./AudioPopupInfoCell.nib
2026-04-14 13:33:33 +0000  copying file ./RadioRelatedProgramsHeaderView.nib ... 
2026-04-14 13:33:33 +0000  9316 bytes for ./RadioRelatedProgramsHeaderView.nib
2026-04-14 13:33:33 +0000  copying file ./PreferredCategoryCell.nib ... 
2026-04-14 13:33:33 +0000  3708 bytes for ./PreferredCategoryCell.nib
2026-04-14 13:33:33 +0000  copying file ./RSRRadioCell.nib ... 
2026-04-14 13:33:33 +0000  5184 bytes for ./RSRRadioCell.nib
2026-04-14 13:33:33 +0000  copying file ./CMQueueHeaderView.nib ... 
2026-04-14 13:33:33 +0000  5608 bytes for ./CMQueueHeaderView.nib
2026-04-14 13:33:33 +0000  copying file ./PACoverControlsView.nib ... 
2026-04-14 13:33:33 +0000  2651 bytes for ./PACoverControlsView.nib
2026-04-14 13:33:33 +0000  copying file ./FSCardCell.nib ... 
2026-04-14 13:33:33 +0000  7491 bytes for ./FSCardCell.nib
2026-04-14 13:33:33 +0000  copying file ./PAPromotionalBannerView.nib ... 
2026-04-14 13:33:33 +0000  4279 bytes for ./PAPromotionalBannerView.nib
2026-04-14 13:33:33 +0000  copying file ./LibraryAddSubscriptionSearchHeaderViewComponent.nib ... 
2026-04-14 13:33:33 +0000  2421 bytes for ./LibraryAddSubscriptionSearchHeaderViewComponent.nib
2026-04-14 13:33:33 +0000  copying file ./LoginWelcomeWPView.nib ... 
2026-04-14 13:33:33 +0000  8867 bytes for ./LoginWelcomeWPView.nib
2026-04-14 13:33:33 +0000  copying file ./CarModeRadioView.nib ... 
2026-04-14 13:33:33 +0000  15447 bytes for ./CarModeRadioView.nib
2026-04-14 13:33:33 +0000  copying file ./LibraryHistoricalView.nib ... 
2026-04-14 13:33:33 +0000  3167 bytes for ./LibraryHistoricalView.nib
2026-04-14 13:33:33 +0000  copying file ./PAQUpNextCell.nib ... 
2026-04-14 13:33:33 +0000  5131 bytes for ./PAQUpNextCell.nib
2026-04-14 13:33:33 +0000  copying file ./PurchasePlusSuccessListItem.nib ... 
2026-04-14 13:33:33 +0000  3538 bytes for ./PurchasePlusSuccessListItem.nib
2026-04-14 13:33:33 +0000  copying file ./IVSettingsDetailCell.nib ... 
2026-04-14 13:33:33 +0000  5034 bytes for ./IVSettingsDetailCell.nib
2026-04-14 13:33:33 +0000  copying file ./RadioCollectionCellList.nib ... 
2026-04-14 13:33:33 +0000  7857 bytes for ./RadioCollectionCellList.nib
2026-04-14 13:33:33 +0000  copying file ./AddMarkerViewController.nib ... 
2026-04-14 13:33:33 +0000  7196 bytes for ./AddMarkerViewController.nib
2026-04-14 13:33:33 +0000  copying file ./DPCHeader.nib ... 
2026-04-14 13:33:33 +0000  3977 bytes for ./DPCHeader.nib
2026-04-14 13:33:33 +0000  copying file ./PurchasePlusMainView.nib ... 
2026-04-14 13:33:33 +0000  8557 bytes for ./PurchasePlusMainView.nib
2026-04-14 13:33:33 +0000  copying file ./PanPickerView.nib ... 
2026-04-14 13:33:33 +0000  2638 bytes for ./PanPickerView.nib
2026-04-14 13:33:33 +0000  copying file ./DynamicSectionFooterSkeletonGridReusableView.nib ... 
2026-04-14 13:33:33 +0000  2360 bytes for ./DynamicSectionFooterSkeletonGridReusableView.nib
2026-04-14 13:33:33 +0000  copying file ./ContextMenuAudioQueueView.nib ... 
2026-04-14 13:33:33 +0000  5002 bytes for ./ContextMenuAudioQueueView.nib
2026-04-14 13:33:33 +0000  copying file ./LoginSignUpView.nib ... 
2026-04-14 13:33:33 +0000  2528 bytes for ./LoginSignUpView.nib
2026-04-14 13:33:33 +0000  copying file ./DynamicCampaignView.nib ... 
2026-04-14 13:33:33 +0000  2992 bytes for ./DynamicCampaignView.nib
2026-04-14 13:33:33 +0000  copying file ./ExploreTopListsView.nib ... 
2026-04-14 13:33:33 +0000  3165 bytes for ./ExploreTopListsView.nib
2026-04-14 13:33:33 +0000  copying file ./PlaylistDetailView.nib ... 
2026-04-14 13:33:33 +0000  3144 bytes for ./PlaylistDetailView.nib
2026-04-14 13:33:33 +0000  copying file ./IVHybridSectionTitleCell.nib ... 
2026-04-14 13:33:33 +0000  4603 bytes for ./IVHybridSectionTitleCell.nib
2026-04-14 13:33:33 +0000  copying file ./Info.plist ... 
2026-04-14 13:33:33 +0000  6035 bytes for ./Info.plist
2026-04-14 13:33:33 +0000  copying file ./CMRelatedProgramsErrorView.nib ... 
2026-04-14 13:33:33 +0000  4849 bytes for ./CMRelatedProgramsErrorView.nib
2026-04-14 13:33:33 +0000  copying file ./ProgramSettingsView.nib ... 
2026-04-14 13:33:33 +0000  4107 bytes for ./ProgramSettingsView.nib
2026-04-14 13:33:33 +0000  copying file ./RCPFooterView.nib ... 
2026-04-14 13:33:33 +0000  2467 bytes for ./RCPFooterView.nib
2026-04-14 13:33:33 +0000  copying file ./TooltipView.nib ... 
2026-04-14 13:33:33 +0000  3196 bytes for ./TooltipView.nib
2026-04-14 13:33:33 +0000  copying file ./ExploreiVooxPlusListViewComponent.nib ... 
2026-04-14 13:33:33 +0000  1880 bytes for ./ExploreiVooxPlusListViewComponent.nib
2026-04-14 13:33:33 +0000  copying file ./LoginPassRecoveryView.nib ... 
2026-04-14 13:33:33 +0000  3994 bytes for ./LoginPassRecoveryView.nib
2026-04-14 13:33:33 +0000  copying file ./RSRErrorView.nib ... 
2026-04-14 13:33:33 +0000  3960 bytes for ./RSRErrorView.nib
2026-04-14 13:33:33 +0000  copying file ./PaginatorFooterView.nib ... 
2026-04-14 13:33:33 +0000  2054 bytes for ./PaginatorFooterView.nib
2026-04-14 13:33:33 +0000  copying file ./DynamicGalleryItemVC.nib ... 
2026-04-14 13:33:33 +0000  5441 bytes for ./DynamicGalleryItemVC.nib
2026-04-14 13:33:33 +0000  copying file ./PkgInfo ... 
2026-04-14 13:33:33 +0000  8 bytes for ./PkgInfo
2026-04-14 13:33:33 +0000  copying file ./ExploreRankingView.nib ... 
2026-04-14 13:33:33 +0000  3164 bytes for ./ExploreRankingView.nib
2026-04-14 13:33:33 +0000  copying file ./PurchasePlusMainCarouselPlaceholderItem.nib ... 
2026-04-14 13:33:33 +0000  2990 bytes for ./PurchasePlusMainCarouselPlaceholderItem.nib
2026-04-14 13:33:33 +0000  copying file ./LMPodmarksEmptyView.nib ... 
2026-04-14 13:33:33 +0000  5310 bytes for ./LMPodmarksEmptyView.nib
2026-04-14 13:33:33 +0000  copying file ./IVPremiumSuccessViewController.nib ... 
2026-04-14 13:33:33 +0000  4930 bytes for ./IVPremiumSuccessViewController.nib
2026-04-14 13:33:33 +0000  copying file ./PurchasePlusSuccessListView.nib ... 
2026-04-14 13:33:33 +0000  2537 bytes for ./PurchasePlusSuccessListView.nib
2026-04-14 13:33:33 +0000  copying file ./ca.lproj/IVMainConfig.plist ... 
2026-04-14 13:33:33 +0000  1504 bytes for ./ca.lproj/IVMainConfig.plist
2026-04-14 13:33:33 +0000  copying file ./ca.lproj/Localizable.strings ... 
2026-04-14 13:33:33 +0000  208555 bytes for ./ca.lproj/Localizable.strings
2026-04-14 13:33:33 +0000  copying file ./ca.lproj/InfoPlist.strings ... 
2026-04-14 13:33:33 +0000  208 bytes for ./ca.lproj/InfoPlist.strings
2026-04-14 13:33:33 +0000  copying file ./ca.lproj/Localizable.stringsdict ... 
2026-04-14 13:33:33 +0000  1056 bytes for ./ca.lproj/Localizable.stringsdict
2026-04-14 13:33:33 +0000  copying file ./ca.lproj/LocalizablePlurals.strings ... 
2026-04-14 13:33:33 +0000  2632 bytes for ./ca.lproj/LocalizablePlurals.strings
2026-04-14 13:33:33 +0000  copying file ./ca.lproj/ReleaseNotes.plist ... 
2026-04-14 13:33:33 +0000  168 bytes for ./ca.lproj/ReleaseNotes.plist
2026-04-14 13:33:33 +0000  copying file ./SystemTheme-Light.plist ... 
2026-04-14 13:33:33 +0000  1704 bytes for ./SystemTheme-Light.plist
2026-04-14 13:33:33 +0000  copying file ./CMRPLoaderCell.nib ... 
2026-04-14 13:33:33 +0000  2281 bytes for ./CMRPLoaderCell.nib
2026-04-14 13:33:33 +0000  copying file ./SectionRectangleCarouselCell.nib ... 
2026-04-14 13:33:33 +0000  1530 bytes for ./SectionRectangleCarouselCell.nib
2026-04-14 13:33:33 +0000  copying file ./DynamicCarouselCell.nib ... 
2026-04-14 13:33:33 +0000  7421 bytes for ./DynamicCarouselCell.nib
2026-04-14 13:33:33 +0000  copying file ./LibraryDownloadsView.nib ... 
2026-04-14 13:33:33 +0000  3166 bytes for ./LibraryDownloadsView.nib
2026-04-14 13:33:33 +0000  copying file ./LoginWelcomeWPPaidProgramView.nib ... 
2026-04-14 13:33:33 +0000  4796 bytes for ./LoginWelcomeWPPaidProgramView.nib
2026-04-14 13:33:33 +0000  copying file ./ProgramPostImageVideoCell.nib ... 
2026-04-14 13:33:33 +0000  10095 bytes for ./ProgramPostImageVideoCell.nib
2026-04-14 13:33:33 +0000  copying file ./ProgramDetailView.nib ... 
2026-04-14 13:33:33 +0000  3193 bytes for ./ProgramDetailView.nib
2026-04-14 13:33:33 +0000  copying file ./ExploreDetailOnDemandHeaderViewComponent.nib ... 
2026-04-14 13:33:33 +0000  2414 bytes for ./ExploreDetailOnDemandHeaderViewComponent.nib
2026-04-14 13:33:33 +0000  copying file ./PurchaseInAppFAQView.nib ... 
2026-04-14 13:33:33 +0000  3676 bytes for ./PurchaseInAppFAQView.nib
2026-04-14 13:33:33 +0000  /usr/bin/ditto exited with 0
2026-04-14 13:33:33 +0000  Processing step: IDEDistributionEmbedProfileStep
2026-04-14 13:33:33 +0000  Skipping profile for item: <IDEDistributionItem: 0x7c421ab80; bundleID='org.cocoapods.Alamofire', path='<DVTFilePath:0x7bf4cce00:'/Users/clseva/Library/Developer/Xcode/Archives/2026-04-14/iVooxApp 14-04-2026, 15.25.xcarchive/Products/Applications/ivooxNew.app/Watch/iVooxWatch.app/Frameworks/Alamofire.framework'>', codeSigningInfo='<_DVTCodeSigningInformation_Path: 0x7c4b4bba0; isSigned='1', isAdHocSigned='0', signingCertificate='<DVTSigningCertificate: 0x7c45fa940; name='Apple Distribution: iVoox Global Podcasting Service SL (GXW5YSU35M)', hash='B0336B54C8EE75D6A73481A7B34B1F9C75AAF5D3', serialNumber='11B69D8EB5EF84EBF19CD9772E089711', certificateKinds='(
    "1.2.840.113635.100.6.1.7",
    "1.2.840.113635.100.6.1.4"
), issueDate='2026-02-13 22:07:26 +0000''>', entitlements='(null)', teamID='GXW5YSU35M', identifier='org.cocoapods.Alamofire', executablePath='<DVTFilePath:0x7c49047e0:'/Users/clseva/Library/Developer/Xcode/Archives/2026-04-14/iVooxApp 14-04-2026, 15.25.xcarchive/Products/Applications/ivooxNew.app/Watch/iVooxWatch.app/Frameworks/Alamofire.framework/Alamofire'>', hardenedRuntime='0'>'>
2026-04-14 13:33:33 +0000  Skipping profile for item: <IDEDistributionItem: 0x7c4b4b1e0; bundleID='org.cocoapods.DeviceKit', path='<DVTFilePath:0x7bf4ccf50:'/Users/clseva/Library/Developer/Xcode/Archives/2026-04-14/iVooxApp 14-04-2026, 15.25.xcarchive/Products/Applications/ivooxNew.app/Watch/iVooxWatch.app/Frameworks/DeviceKit.framework'>', codeSigningInfo='<_DVTCodeSigningInformation_Path: 0x7c4b4adc0; isSigned='1', isAdHocSigned='0', signingCertificate='<DVTSigningCertificate: 0x7c45fa940; name='Apple Distribution: iVoox Global Podcasting Service SL (GXW5YSU35M)', hash='B0336B54C8EE75D6A73481A7B34B1F9C75AAF5D3', serialNumber='11B69D8EB5EF84EBF19CD9772E089711', certificateKinds='(
    "1.2.840.113635.100.6.1.7",
    "1.2.840.113635.100.6.1.4"
), issueDate='2026-02-13 22:07:26 +0000''>', entitlements='(null)', teamID='GXW5YSU35M', identifier='org.cocoapods.DeviceKit', executablePath='<DVTFilePath:0x7c4904cc0:'/Users/clseva/Library/Developer/Xcode/Archives/2026-04-14/iVooxApp 14-04-2026, 15.25.xcarchive/Products/Applications/ivooxNew.app/Watch/iVooxWatch.app/Frameworks/DeviceKit.framework/DeviceKit'>', hardenedRuntime='0'>'>
2026-04-14 13:33:33 +0000  Skipping profile for item: <IDEDistributionItem: 0x7c4b48360; bundleID='org.cocoapods.Kingfisher', path='<DVTFilePath:0x7bf4cd340:'/Users/clseva/Library/Developer/Xcode/Archives/2026-04-14/iVooxApp 14-04-2026, 15.25.xcarchive/Products/Applications/ivooxNew.app/Watch/iVooxWatch.app/Frameworks/Kingfisher.framework'>', codeSigningInfo='<_DVTCodeSigningInformation_Path: 0x7c4b4a6a0; isSigned='1', isAdHocSigned='0', signingCertificate='<DVTSigningCertificate: 0x7c45fa940; name='Apple Distribution: iVoox Global Podcasting Service SL (GXW5YSU35M)', hash='B0336B54C8EE75D6A73481A7B34B1F9C75AAF5D3', serialNumber='11B69D8EB5EF84EBF19CD9772E089711', certificateKinds='(
    "1.2.840.113635.100.6.1.7",
    "1.2.840.113635.100.6.1.4"
), issueDate='2026-02-13 22:07:26 +0000''>', entitlements='(null)', teamID='GXW5YSU35M', identifier='org.cocoapods.Kingfisher', executablePath='<DVTFilePath:0x7c4905260:'/Users/clseva/Library/Developer/Xcode/Archives/2026-04-14/iVooxApp 14-04-2026, 15.25.xcarchive/Products/Applications/ivooxNew.app/Watch/iVooxWatch.app/Frameworks/Kingfisher.framework/Kingfisher'>', hardenedRuntime='0'>'>
2026-04-14 13:33:33 +0000  Skipping profile for item: <IDEDistributionItem: 0x7c4b4ad60; bundleID='org.cocoapods.Moya', path='<DVTFilePath:0x7c49054a0:'/Users/clseva/Library/Developer/Xcode/Archives/2026-04-14/iVooxApp 14-04-2026, 15.25.xcarchive/Products/Applications/ivooxNew.app/Watch/iVooxWatch.app/Frameworks/Moya.framework'>', codeSigningInfo='<_DVTCodeSigningInformation_Path: 0x7c4b4a760; isSigned='1', isAdHocSigned='0', signingCertificate='<DVTSigningCertificate: 0x7c45fa940; name='Apple Distribution: iVoox Global Podcasting Service SL (GXW5YSU35M)', hash='B0336B54C8EE75D6A73481A7B34B1F9C75AAF5D3', serialNumber='11B69D8EB5EF84EBF19CD9772E089711', certificateKinds='(
    "1.2.840.113635.100.6.1.7",
    "1.2.840.113635.100.6.1.4"
), issueDate='2026-02-13 22:07:26 +0000''>', entitlements='(null)', teamID='GXW5YSU35M', identifier='org.cocoapods.Moya', executablePath='<DVTFilePath:0x7c49057a0:'/Users/clseva/Library/Developer/Xcode/Archives/2026-04-14/iVooxApp 14-04-2026, 15.25.xcarchive/Products/Applications/ivooxNew.app/Watch/iVooxWatch.app/Frameworks/Moya.framework/Moya'>', hardenedRuntime='0'>'>
2026-04-14 13:33:33 +0000  Skipping profile for item: <IDEDistributionItem: 0x7c4b4a8e0; bundleID='org.cocoapods.ObjectMapper', path='<DVTFilePath:0x7bf4cd030:'/Users/clseva/Library/Developer/Xcode/Archives/2026-04-14/iVooxApp 14-04-2026, 15.25.xcarchive/Products/Applications/ivooxNew.app/Watch/iVooxWatch.app/Frameworks/ObjectMapper.framework'>', codeSigningInfo='<_DVTCodeSigningInformation_Path: 0x7c421a520; isSigned='1', isAdHocSigned='0', signingCertificate='<DVTSigningCertificate: 0x7c45fa940; name='Apple Distribution: iVoox Global Podcasting Service SL (GXW5YSU35M)', hash='B0336B54C8EE75D6A73481A7B34B1F9C75AAF5D3', serialNumber='11B69D8EB5EF84EBF19CD9772E089711', certificateKinds='(
    "1.2.840.113635.100.6.1.7",
    "1.2.840.113635.100.6.1.4"
), issueDate='2026-02-13 22:07:26 +0000''>', entitlements='(null)', teamID='GXW5YSU35M', identifier='org.cocoapods.ObjectMapper', executablePath='<DVTFilePath:0x7c4905b00:'/Users/clseva/Library/Developer/Xcode/Archives/2026-04-14/iVooxApp 14-04-2026, 15.25.xcarchive/Products/Applications/ivooxNew.app/Watch/iVooxWatch.app/Frameworks/ObjectMapper.framework/ObjectMapper'>', hardenedRuntime='0'>'>
2026-04-14 13:33:33 +0000  Skipping profile for item: <IDEDistributionItem: 0x7c4b4ae80; bundleID='org.cocoapods.Realm', path='<DVTFilePath:0x7c4905da0:'/Users/clseva/Library/Developer/Xcode/Archives/2026-04-14/iVooxApp 14-04-2026, 15.25.xcarchive/Products/Applications/ivooxNew.app/Watch/iVooxWatch.app/Frameworks/Realm.framework'>', codeSigningInfo='<_DVTCodeSigningInformation_Path: 0x7c4b4a4c0; isSigned='1', isAdHocSigned='0', signingCertificate='<DVTSigningCertificate: 0x7c45fa940; name='Apple Distribution: iVoox Global Podcasting Service SL (GXW5YSU35M)', hash='B0336B54C8EE75D6A73481A7B34B1F9C75AAF5D3', serialNumber='11B69D8EB5EF84EBF19CD9772E089711', certificateKinds='(
    "1.2.840.113635.100.6.1.7",
    "1.2.840.113635.100.6.1.4"
), issueDate='2026-02-13 22:07:26 +0000''>', entitlements='(null)', teamID='GXW5YSU35M', identifier='org.cocoapods.Realm', executablePath='<DVTFilePath:0x7c49060a0:'/Users/clseva/Library/Developer/Xcode/Archives/2026-04-14/iVooxApp 14-04-2026, 15.25.xcarchive/Products/Applications/ivooxNew.app/Watch/iVooxWatch.app/Frameworks/Realm.framework/Realm'>', hardenedRuntime='0'>'>
2026-04-14 13:33:33 +0000  Skipping profile for item: <IDEDistributionItem: 0x7c421aac0; bundleID='org.cocoapods.RealmSwift', path='<DVTFilePath:0x7bf4cd650:'/Users/clseva/Library/Developer/Xcode/Archives/2026-04-14/iVooxApp 14-04-2026, 15.25.xcarchive/Products/Applications/ivooxNew.app/Watch/iVooxWatch.app/Frameworks/RealmSwift.framework'>', codeSigningInfo='<_DVTCodeSigningInformation_Path: 0x7c421aa00; isSigned='1', isAdHocSigned='0', signingCertificate='<DVTSigningCertificate: 0x7c45fa940; name='Apple Distribution: iVoox Global Podcasting Service SL (GXW5YSU35M)', hash='B0336B54C8EE75D6A73481A7B34B1F9C75AAF5D3', serialNumber='11B69D8EB5EF84EBF19CD9772E089711', certificateKinds='(
    "1.2.840.113635.100.6.1.7",
    "1.2.840.113635.100.6.1.4"
), issueDate='2026-02-13 22:07:26 +0000''>', entitlements='(null)', teamID='GXW5YSU35M', identifier='org.cocoapods.RealmSwift', executablePath='<DVTFilePath:0x7c4906700:'/Users/clseva/Library/Developer/Xcode/Archives/2026-04-14/iVooxApp 14-04-2026, 15.25.xcarchive/Products/Applications/ivooxNew.app/Watch/iVooxWatch.app/Frameworks/RealmSwift.framework/RealmSwift'>', hardenedRuntime='0'>'>
2026-04-14 13:33:33 +0000  Skipping profile for item: <IDEDistributionItem: 0x7c4b48300; bundleID='org.cocoapods.RxSwift', path='<DVTFilePath:0x7bf4cd5e0:'/Users/clseva/Library/Developer/Xcode/Archives/2026-04-14/iVooxApp 14-04-2026, 15.25.xcarchive/Products/Applications/ivooxNew.app/Watch/iVooxWatch.app/Frameworks/RxSwift.framework'>', codeSigningInfo='<_DVTCodeSigningInformation_Path: 0x7c4b483c0; isSigned='1', isAdHocSigned='0', signingCertificate='<DVTSigningCertificate: 0x7c45fa940; name='Apple Distribution: iVoox Global Podcasting Service SL (GXW5YSU35M)', hash='B0336B54C8EE75D6A73481A7B34B1F9C75AAF5D3', serialNumber='11B69D8EB5EF84EBF19CD9772E089711', certificateKinds='(
    "1.2.840.113635.100.6.1.7",
    "1.2.840.113635.100.6.1.4"
), issueDate='2026-02-13 22:07:26 +0000''>', entitlements='(null)', teamID='GXW5YSU35M', identifier='org.cocoapods.RxSwift', executablePath='<DVTFilePath:0x7c4906a60:'/Users/clseva/Library/Developer/Xcode/Archives/2026-04-14/iVooxApp 14-04-2026, 15.25.xcarchive/Products/Applications/ivooxNew.app/Watch/iVooxWatch.app/Frameworks/RxSwift.framework/RxSwift'>', hardenedRuntime='0'>'>
2026-04-14 13:33:33 +0000  Skipping profile for item: <IDEDistributionItem: 0x7c20cafa0; bundleID='com.alamofire.AFNetworking', path='<DVTFilePath:0x7c46bdf80:'/Users/clseva/Library/Developer/Xcode/Archives/2026-04-14/iVooxApp 14-04-2026, 15.25.xcarchive/Products/Applications/ivooxNew.app/Frameworks/AFNetworking.framework'>', codeSigningInfo='<_DVTCodeSigningInformation_Path: 0x7c20cb960; isSigned='1', isAdHocSigned='0', signingCertificate='<DVTSigningCertificate: 0x7c45fa940; name='Apple Distribution: iVoox Global Podcasting Service SL (GXW5YSU35M)', hash='B0336B54C8EE75D6A73481A7B34B1F9C75AAF5D3', serialNumber='11B69D8EB5EF84EBF19CD9772E089711', certificateKinds='(
    "1.2.840.113635.100.6.1.7",
    "1.2.840.113635.100.6.1.4"
), issueDate='2026-02-13 22:07:26 +0000''>', entitlements='(null)', teamID='GXW5YSU35M', identifier='com.alamofire.AFNetworking', executablePath='<DVTFilePath:0x7c4a609c0:'/Users/clseva/Library/Developer/Xcode/Archives/2026-04-14/iVooxApp 14-04-2026, 15.25.xcarchive/Products/Applications/ivooxNew.app/Frameworks/AFNetworking.framework/AFNetworking'>', hardenedRuntime='0'>'>
2026-04-14 13:33:33 +0000  Skipping profile for item: <IDEDistributionItem: 0x7c4219aa0; bundleID='org.cocoapods.AdjustSdk', path='<DVTFilePath:0x7c46c1730:'/Users/clseva/Library/Developer/Xcode/Archives/2026-04-14/iVooxApp 14-04-2026, 15.25.xcarchive/Products/Applications/ivooxNew.app/Frameworks/AdjustSdk.framework'>', codeSigningInfo='<_DVTCodeSigningInformation_Path: 0x7c20c9c20; isSigned='1', isAdHocSigned='0', signingCertificate='<DVTSigningCertificate: 0x7c45fa940; name='Apple Distribution: iVoox Global Podcasting Service SL (GXW5YSU35M)', hash='B0336B54C8EE75D6A73481A7B34B1F9C75AAF5D3', serialNumber='11B69D8EB5EF84EBF19CD9772E089711', certificateKinds='(
    "1.2.840.113635.100.6.1.7",
    "1.2.840.113635.100.6.1.4"
), issueDate='2026-02-13 22:07:26 +0000''>', entitlements='(null)', teamID='GXW5YSU35M', identifier='org.cocoapods.AdjustSdk', executablePath='<DVTFilePath:0x7c4a179c0:'/Users/clseva/Library/Developer/Xcode/Archives/2026-04-14/iVooxApp 14-04-2026, 15.25.xcarchive/Products/Applications/ivooxNew.app/Frameworks/AdjustSdk.framework/AdjustSdk'>', hardenedRuntime='0'>'>
2026-04-14 13:33:33 +0000  Skipping profile for item: <IDEDistributionItem: 0x7c20c8de0; bundleID='com.adjust.sdk.sig', path='<DVTFilePath:0x7c46b3090:'/Users/clseva/Library/Developer/Xcode/Archives/2026-04-14/iVooxApp 14-04-2026, 15.25.xcarchive/Products/Applications/ivooxNew.app/Frameworks/AdjustSigSdk.framework'>', codeSigningInfo='<_DVTCodeSigningInformation_Path: 0x7c20cb060; isSigned='1', isAdHocSigned='0', signingCertificate='<DVTSigningCertificate: 0x7c45fa940; name='Apple Distribution: iVoox Global Podcasting Service SL (GXW5YSU35M)', hash='B0336B54C8EE75D6A73481A7B34B1F9C75AAF5D3', serialNumber='11B69D8EB5EF84EBF19CD9772E089711', certificateKinds='(
    "1.2.840.113635.100.6.1.7",
    "1.2.840.113635.100.6.1.4"
), issueDate='2026-02-13 22:07:26 +0000''>', entitlements='(null)', teamID='GXW5YSU35M', identifier='com.adjust.sdk.sig', executablePath='<DVTFilePath:0x7c49e6820:'/Users/clseva/Library/Developer/Xcode/Archives/2026-04-14/iVooxApp 14-04-2026, 15.25.xcarchive/Products/Applications/ivooxNew.app/Frameworks/AdjustSigSdk.framework/AdjustSigSdk'>', hardenedRuntime='0'>'>
2026-04-14 13:33:33 +0000  Skipping profile for item: <IDEDistributionItem: 0x7c4b4bc60; bundleID='org.cocoapods.Amplitude', path='<DVTFilePath:0x7c46c1ce0:'/Users/clseva/Library/Developer/Xcode/Archives/2026-04-14/iVooxApp 14-04-2026, 15.25.xcarchive/Products/Applications/ivooxNew.app/Frameworks/Amplitude.framework'>', codeSigningInfo='<_DVTCodeSigningInformation_Path: 0x7c4b4bcc0; isSigned='1', isAdHocSigned='0', signingCertificate='<DVTSigningCertificate: 0x7c45fa940; name='Apple Distribution: iVoox Global Podcasting Service SL (GXW5YSU35M)', hash='B0336B54C8EE75D6A73481A7B34B1F9C75AAF5D3', serialNumber='11B69D8EB5EF84EBF19CD9772E089711', certificateKinds='(
    "1.2.840.113635.100.6.1.7",
    "1.2.840.113635.100.6.1.4"
), issueDate='2026-02-13 22:07:26 +0000''>', entitlements='(null)', teamID='GXW5YSU35M', identifier='org.cocoapods.Amplitude', executablePath='<DVTFilePath:0x7c4a29200:'/Users/clseva/Library/Developer/Xcode/Archives/2026-04-14/iVooxApp 14-04-2026, 15.25.xcarchive/Products/Applications/ivooxNew.app/Frameworks/Amplitude.framework/Amplitude'>', hardenedRuntime='0'>'>
2026-04-14 13:33:33 +0000  Skipping profile for item: <IDEDistributionItem: 0x7c4b493e0; bundleID='org.cocoapods.AnalyticsConnector', path='<DVTFilePath:0x7c46b0bd0:'/Users/clseva/Library/Developer/Xcode/Archives/2026-04-14/iVooxApp 14-04-2026, 15.25.xcarchive/Products/Applications/ivooxNew.app/Frameworks/AnalyticsConnector.framework'>', codeSigningInfo='<_DVTCodeSigningInformation_Path: 0x7c421a9a0; isSigned='1', isAdHocSigned='0', signingCertificate='<DVTSigningCertificate: 0x7c45fa940; name='Apple Distribution: iVoox Global Podcasting Service SL (GXW5YSU35M)', hash='B0336B54C8EE75D6A73481A7B34B1F9C75AAF5D3', serialNumber='11B69D8EB5EF84EBF19CD9772E089711', certificateKinds='(
    "1.2.840.113635.100.6.1.7",
    "1.2.840.113635.100.6.1.4"
), issueDate='2026-02-13 22:07:26 +0000''>', entitlements='(null)', teamID='GXW5YSU35M', identifier='org.cocoapods.AnalyticsConnector', executablePath='<DVTFilePath:0x7c46b0c40:'/Users/clseva/Library/Developer/Xcode/Archives/2026-04-14/iVooxApp 14-04-2026, 15.25.xcarchive/Products/Applications/ivooxNew.app/Frameworks/AnalyticsConnector.framework/AnalyticsConnector'>', hardenedRuntime='0'>'>
2026-04-14 13:33:33 +0000  Skipping profile for item: <IDEDistributionItem: 0x7c4b4be40; bundleID='org.cocoapods.AppAuth', path='<DVTFilePath:0x7c46b2760:'/Users/clseva/Library/Developer/Xcode/Archives/2026-04-14/iVooxApp 14-04-2026, 15.25.xcarchive/Products/Applications/ivooxNew.app/Frameworks/AppAuth.framework'>', codeSigningInfo='<_DVTCodeSigningInformation_Path: 0x7c4219b00; isSigned='1', isAdHocSigned='0', signingCertificate='<DVTSigningCertificate: 0x7c45fa940; name='Apple Distribution: iVoox Global Podcasting Service SL (GXW5YSU35M)', hash='B0336B54C8EE75D6A73481A7B34B1F9C75AAF5D3', serialNumber='11B69D8EB5EF84EBF19CD9772E089711', certificateKinds='(
    "1.2.840.113635.100.6.1.7",
    "1.2.840.113635.100.6.1.4"
), issueDate='2026-02-13 22:07:26 +0000''>', entitlements='(null)', teamID='GXW5YSU35M', identifier='org.cocoapods.AppAuth', executablePath='<DVTFilePath:0x7c49cbc60:'/Users/clseva/Library/Developer/Xcode/Archives/2026-04-14/iVooxApp 14-04-2026, 15.25.xcarchive/Products/Applications/ivooxNew.app/Frameworks/AppAuth.framework/AppAuth'>', hardenedRuntime='0'>'>
2026-04-14 13:33:33 +0000  Skipping profile for item: <IDEDistributionItem: 0x7c4b48c00; bundleID='com.batch.Batch', path='<DVTFilePath:0x7c4a28540:'/Users/clseva/Library/Developer/Xcode/Archives/2026-04-14/iVooxApp 14-04-2026, 15.25.xcarchive/Products/Applications/ivooxNew.app/Frameworks/Batch.framework'>', codeSigningInfo='<_DVTCodeSigningInformation_Path: 0x7c4b48cc0; isSigned='1', isAdHocSigned='0', signingCertificate='<DVTSigningCertificate: 0x7c45fa940; name='Apple Distribution: iVoox Global Podcasting Service SL (GXW5YSU35M)', hash='B0336B54C8EE75D6A73481A7B34B1F9C75AAF5D3', serialNumber='11B69D8EB5EF84EBF19CD9772E089711', certificateKinds='(
    "1.2.840.113635.100.6.1.7",
    "1.2.840.113635.100.6.1.4"
), issueDate='2026-02-13 22:07:26 +0000''>', entitlements='(null)', teamID='GXW5YSU35M', identifier='com.batch.Batch', executablePath='<DVTFilePath:0x7c4a287e0:'/Users/clseva/Library/Developer/Xcode/Archives/2026-04-14/iVooxApp 14-04-2026, 15.25.xcarchive/Products/Applications/ivooxNew.app/Frameworks/Batch.framework/Batch'>', hardenedRuntime='0'>'>
2026-04-14 13:33:33 +0000  Skipping profile for item: <IDEDistributionItem: 0x7c4b485a0; bundleID='org.cocoapods.BatchExtension', path='<DVTFilePath:0x7c46c1490:'/Users/clseva/Library/Developer/Xcode/Archives/2026-04-14/iVooxApp 14-04-2026, 15.25.xcarchive/Products/Applications/ivooxNew.app/Frameworks/BatchExtension.framework'>', codeSigningInfo='<_DVTCodeSigningInformation_Path: 0x7c421a160; isSigned='1', isAdHocSigned='0', signingCertificate='<DVTSigningCertificate: 0x7c45fa940; name='Apple Distribution: iVoox Global Podcasting Service SL (GXW5YSU35M)', hash='B0336B54C8EE75D6A73481A7B34B1F9C75AAF5D3', serialNumber='11B69D8EB5EF84EBF19CD9772E089711', certificateKinds='(
    "1.2.840.113635.100.6.1.7",
    "1.2.840.113635.100.6.1.4"
), issueDate='2026-02-13 22:07:26 +0000''>', entitlements='(null)', teamID='GXW5YSU35M', identifier='org.cocoapods.BatchExtension', executablePath='<DVTFilePath:0x7c4a16dc0:'/Users/clseva/Library/Developer/Xcode/Archives/2026-04-14/iVooxApp 14-04-2026, 15.25.xcarchive/Products/Applications/ivooxNew.app/Frameworks/BatchExtension.framework/BatchExtension'>', hardenedRuntime='0'>'>
2026-04-14 13:33:33 +0000  Skipping profile for item: <IDEDistributionItem: 0x7c20ca3a0; bundleID='org.cocoapods.CancellablePromiseKit', path='<DVTFilePath:0x7c46c1570:'/Users/clseva/Library/Developer/Xcode/Archives/2026-04-14/iVooxApp 14-04-2026, 15.25.xcarchive/Products/Applications/ivooxNew.app/Frameworks/CancellablePromiseKit.framework'>', codeSigningInfo='<_DVTCodeSigningInformation_Path: 0x7c4b4bf60; isSigned='1', isAdHocSigned='0', signingCertificate='<DVTSigningCertificate: 0x7c45fa940; name='Apple Distribution: iVoox Global Podcasting Service SL (GXW5YSU35M)', hash='B0336B54C8EE75D6A73481A7B34B1F9C75AAF5D3', serialNumber='11B69D8EB5EF84EBF19CD9772E089711', certificateKinds='(
    "1.2.840.113635.100.6.1.7",
    "1.2.840.113635.100.6.1.4"
), issueDate='2026-02-13 22:07:26 +0000''>', entitlements='(null)', teamID='GXW5YSU35M', identifier='org.cocoapods.CancellablePromiseKit', executablePath='<DVTFilePath:0x7c46c16c0:'/Users/clseva/Library/Developer/Xcode/Archives/2026-04-14/iVooxApp 14-04-2026, 15.25.xcarchive/Products/Applications/ivooxNew.app/Frameworks/CancellablePromiseKit.framework/CancellablePromiseKit'>', hardenedRuntime='0'>'>
2026-04-14 13:33:33 +0000  Skipping profile for item: <IDEDistributionItem: 0x7c20c96e0; bundleID='com.microsoft.clarity.Clarity', path='<DVTFilePath:0x7c46bdf10:'/Users/clseva/Library/Developer/Xcode/Archives/2026-04-14/iVooxApp 14-04-2026, 15.25.xcarchive/Products/Applications/ivooxNew.app/Frameworks/Clarity.framework'>', codeSigningInfo='<_DVTCodeSigningInformation_Path: 0x7c4219bc0; isSigned='1', isAdHocSigned='0', signingCertificate='<DVTSigningCertificate: 0x7c45fa940; name='Apple Distribution: iVoox Global Podcasting Service SL (GXW5YSU35M)', hash='B0336B54C8EE75D6A73481A7B34B1F9C75AAF5D3', serialNumber='11B69D8EB5EF84EBF19CD9772E089711', certificateKinds='(
    "1.2.840.113635.100.6.1.7",
    "1.2.840.113635.100.6.1.4"
), issueDate='2026-02-13 22:07:26 +0000''>', entitlements='(null)', teamID='GXW5YSU35M', identifier='com.microsoft.clarity.Clarity', executablePath='<DVTFilePath:0x7c4a60ea0:'/Users/clseva/Library/Developer/Xcode/Archives/2026-04-14/iVooxApp 14-04-2026, 15.25.xcarchive/Products/Applications/ivooxNew.app/Frameworks/Clarity.framework/Clarity'>', hardenedRuntime='0'>'>
2026-04-14 13:33:33 +0000  Skipping profile for item: <IDEDistributionItem: 0x7c421b0c0; bundleID='com.comscore.ComScore', path='<DVTFilePath:0x7c46bd810:'/Users/clseva/Library/Developer/Xcode/Archives/2026-04-14/iVooxApp 14-04-2026, 15.25.xcarchive/Products/Applications/ivooxNew.app/Frameworks/ComScore.framework'>', codeSigningInfo='<_DVTCodeSigningInformation_Path: 0x7c421b060; isSigned='1', isAdHocSigned='0', signingCertificate='<DVTSigningCertificate: 0x7c45fa940; name='Apple Distribution: iVoox Global Podcasting Service SL (GXW5YSU35M)', hash='B0336B54C8EE75D6A73481A7B34B1F9C75AAF5D3', serialNumber='11B69D8EB5EF84EBF19CD9772E089711', certificateKinds='(
    "1.2.840.113635.100.6.1.7",
    "1.2.840.113635.100.6.1.4"
), issueDate='2026-02-13 22:07:26 +0000''>', entitlements='(null)', teamID='GXW5YSU35M', identifier='com.comscore.ComScore', executablePath='<DVTFilePath:0x7c4a61380:'/Users/clseva/Library/Developer/Xcode/Archives/2026-04-14/iVooxApp 14-04-2026, 15.25.xcarchive/Products/Applications/ivooxNew.app/Frameworks/ComScore.framework/ComScore'>', hardenedRuntime='0'>'>
2026-04-14 13:33:33 +0000  Skipping profile for item: <IDEDistributionItem: 0x7c421afa0; bundleID='io.didomi.Didomi', path='<DVTFilePath:0x7c46bc070:'/Users/clseva/Library/Developer/Xcode/Archives/2026-04-14/iVooxApp 14-04-2026, 15.25.xcarchive/Products/Applications/ivooxNew.app/Frameworks/Didomi.framework'>', codeSigningInfo='<_DVTCodeSigningInformation_Path: 0x7c4b4a9a0; isSigned='1', isAdHocSigned='0', signingCertificate='<DVTSigningCertificate: 0x7c45fa940; name='Apple Distribution: iVoox Global Podcasting Service SL (GXW5YSU35M)', hash='B0336B54C8EE75D6A73481A7B34B1F9C75AAF5D3', serialNumber='11B69D8EB5EF84EBF19CD9772E089711', certificateKinds='(
    "1.2.840.113635.100.6.1.7",
    "1.2.840.113635.100.6.1.4"
), issueDate='2026-02-13 22:07:26 +0000''>', entitlements='(null)', teamID='GXW5YSU35M', identifier='io.didomi.Didomi', executablePath='<DVTFilePath:0x7c4a61bc0:'/Users/clseva/Library/Developer/Xcode/Archives/2026-04-14/iVooxApp 14-04-2026, 15.25.xcarchive/Products/Applications/ivooxNew.app/Frameworks/Didomi.framework/Didomi'>', hardenedRuntime='0'>'>
2026-04-14 13:33:33 +0000  Skipping profile for item: <IDEDistributionItem: 0x7c4b48e40; bundleID='com.facebook.sdk.FBAEMKit', path='<DVTFilePath:0x7c46b3480:'/Users/clseva/Library/Developer/Xcode/Archives/2026-04-14/iVooxApp 14-04-2026, 15.25.xcarchive/Products/Applications/ivooxNew.app/Frameworks/FBAEMKit.framework'>', codeSigningInfo='<_DVTCodeSigningInformation_Path: 0x7c4b48de0; isSigned='1', isAdHocSigned='0', signingCertificate='<DVTSigningCertificate: 0x7c45fa940; name='Apple Distribution: iVoox Global Podcasting Service SL (GXW5YSU35M)', hash='B0336B54C8EE75D6A73481A7B34B1F9C75AAF5D3', serialNumber='11B69D8EB5EF84EBF19CD9772E089711', certificateKinds='(
    "1.2.840.113635.100.6.1.7",
    "1.2.840.113635.100.6.1.4"
), issueDate='2026-02-13 22:07:26 +0000''>', entitlements='(null)', teamID='GXW5YSU35M', identifier='com.facebook.sdk.FBAEMKit', executablePath='<DVTFilePath:0x7c49e7840:'/Users/clseva/Library/Developer/Xcode/Archives/2026-04-14/iVooxApp 14-04-2026, 15.25.xcarchive/Products/Applications/ivooxNew.app/Frameworks/FBAEMKit.framework/FBAEMKit'>', hardenedRuntime='0'>'>
2026-04-14 13:33:33 +0000  Skipping profile for item: <IDEDistributionItem: 0x7c4219980; bundleID='org.cocoapods.FBLPromises', path='<DVTFilePath:0x7c46b2140:'/Users/clseva/Library/Developer/Xcode/Archives/2026-04-14/iVooxApp 14-04-2026, 15.25.xcarchive/Products/Applications/ivooxNew.app/Frameworks/FBLPromises.framework'>', codeSigningInfo='<_DVTCodeSigningInformation_Path: 0x7c4219860; isSigned='1', isAdHocSigned='0', signingCertificate='<DVTSigningCertificate: 0x7c45fa940; name='Apple Distribution: iVoox Global Podcasting Service SL (GXW5YSU35M)', hash='B0336B54C8EE75D6A73481A7B34B1F9C75AAF5D3', serialNumber='11B69D8EB5EF84EBF19CD9772E089711', certificateKinds='(
    "1.2.840.113635.100.6.1.7",
    "1.2.840.113635.100.6.1.4"
), issueDate='2026-02-13 22:07:26 +0000''>', entitlements='(null)', teamID='GXW5YSU35M', identifier='org.cocoapods.FBLPromises', executablePath='<DVTFilePath:0x7c49ca2e0:'/Users/clseva/Library/Developer/Xcode/Archives/2026-04-14/iVooxApp 14-04-2026, 15.25.xcarchive/Products/Applications/ivooxNew.app/Frameworks/FBLPromises.framework/FBLPromises'>', hardenedRuntime='0'>'>
2026-04-14 13:33:33 +0000  Skipping profile for item: <IDEDistributionItem: 0x7c4b49320; bundleID='com.facebook.sdk.FBSDKCoreKit', path='<DVTFilePath:0x7c46b3bf0:'/Users/clseva/Library/Developer/Xcode/Archives/2026-04-14/iVooxApp 14-04-2026, 15.25.xcarchive/Products/Applications/ivooxNew.app/Frameworks/FBSDKCoreKit.framework'>', codeSigningInfo='<_DVTCodeSigningInformation_Path: 0x7c421a5e0; isSigned='1', isAdHocSigned='0', signingCertificate='<DVTSigningCertificate: 0x7c45fa940; name='Apple Distribution: iVoox Global Podcasting Service SL (GXW5YSU35M)', hash='B0336B54C8EE75D6A73481A7B34B1F9C75AAF5D3', serialNumber='11B69D8EB5EF84EBF19CD9772E089711', certificateKinds='(
    "1.2.840.113635.100.6.1.7",
    "1.2.840.113635.100.6.1.4"
), issueDate='2026-02-13 22:07:26 +0000''>', entitlements='(null)', teamID='GXW5YSU35M', identifier='com.facebook.sdk.FBSDKCoreKit', executablePath='<DVTFilePath:0x7c49f94a0:'/Users/clseva/Library/Developer/Xcode/Archives/2026-04-14/iVooxApp 14-04-2026, 15.25.xcarchive/Products/Applications/ivooxNew.app/Frameworks/FBSDKCoreKit.framework/FBSDKCoreKit'>', hardenedRuntime='0'>'>
2026-04-14 13:33:33 +0000  Skipping profile for item: <IDEDistributionItem: 0x7c20c91a0; bundleID='com.facebook.sdk.FBSDKCoreKitBasics', path='<DVTFilePath:0x7c46bc000:'/Users/clseva/Library/Developer/Xcode/Archives/2026-04-14/iVooxApp 14-04-2026, 15.25.xcarchive/Products/Applications/ivooxNew.app/Frameworks/FBSDKCoreKit_Basics.framework'>', codeSigningInfo='<_DVTCodeSigningInformation_Path: 0x7c42196e0; isSigned='1', isAdHocSigned='0', signingCertificate='<DVTSigningCertificate: 0x7c45fa940; name='Apple Distribution: iVoox Global Podcasting Service SL (GXW5YSU35M)', hash='B0336B54C8EE75D6A73481A7B34B1F9C75AAF5D3', serialNumber='11B69D8EB5EF84EBF19CD9772E089711', certificateKinds='(
    "1.2.840.113635.100.6.1.7",
    "1.2.840.113635.100.6.1.4"
), issueDate='2026-02-13 22:07:26 +0000''>', entitlements='(null)', teamID='GXW5YSU35M', identifier='com.facebook.sdk.FBSDKCoreKitBasics', executablePath='<DVTFilePath:0x7c46bc150:'/Users/clseva/Library/Developer/Xcode/Archives/2026-04-14/iVooxApp 14-04-2026, 15.25.xcarchive/Products/Applications/ivooxNew.app/Frameworks/FBSDKCoreKit_Basics.framework/FBSDKCoreKit_Basics'>', hardenedRuntime='0'>'>
2026-04-14 13:33:33 +0000  Skipping profile for item: <IDEDistributionItem: 0x7c4b484e0; bundleID='com.facebook.sdk.FBSDKLoginKit', path='<DVTFilePath:0x7c46b1650:'/Users/clseva/Library/Developer/Xcode/Archives/2026-04-14/iVooxApp 14-04-2026, 15.25.xcarchive/Products/Applications/ivooxNew.app/Frameworks/FBSDKLoginKit.framework'>', codeSigningInfo='<_DVTCodeSigningInformation_Path: 0x7c4219f80; isSigned='1', isAdHocSigned='0', signingCertificate='<DVTSigningCertificate: 0x7c45fa940; name='Apple Distribution: iVoox Global Podcasting Service SL (GXW5YSU35M)', hash='B0336B54C8EE75D6A73481A7B34B1F9C75AAF5D3', serialNumber='11B69D8EB5EF84EBF19CD9772E089711', certificateKinds='(
    "1.2.840.113635.100.6.1.7",
    "1.2.840.113635.100.6.1.4"
), issueDate='2026-02-13 22:07:26 +0000''>', entitlements='(null)', teamID='GXW5YSU35M', identifier='com.facebook.sdk.FBSDKLoginKit', executablePath='<DVTFilePath:0x7c49b7120:'/Users/clseva/Library/Developer/Xcode/Archives/2026-04-14/iVooxApp 14-04-2026, 15.25.xcarchive/Products/Applications/ivooxNew.app/Frameworks/FBSDKLoginKit.framework/FBSDKLoginKit'>', hardenedRuntime='0'>'>
2026-04-14 13:33:33 +0000  Skipping profile for item: <IDEDistributionItem: 0x7c421a820; bundleID='com.facebook.sdk.FBSDKShareKit', path='<DVTFilePath:0x7c46b1ce0:'/Users/clseva/Library/Developer/Xcode/Archives/2026-04-14/iVooxApp 14-04-2026, 15.25.xcarchive/Products/Applications/ivooxNew.app/Frameworks/FBSDKShareKit.framework'>', codeSigningInfo='<_DVTCodeSigningInformation_Path: 0x7c4b48d80; isSigned='1', isAdHocSigned='0', signingCertificate='<DVTSigningCertificate: 0x7c45fa940; name='Apple Distribution: iVoox Global Podcasting Service SL (GXW5YSU35M)', hash='B0336B54C8EE75D6A73481A7B34B1F9C75AAF5D3', serialNumber='11B69D8EB5EF84EBF19CD9772E089711', certificateKinds='(
    "1.2.840.113635.100.6.1.7",
    "1.2.840.113635.100.6.1.4"
), issueDate='2026-02-13 22:07:26 +0000''>', entitlements='(null)', teamID='GXW5YSU35M', identifier='com.facebook.sdk.FBSDKShareKit', executablePath='<DVTFilePath:0x7c49c8e40:'/Users/clseva/Library/Developer/Xcode/Archives/2026-04-14/iVooxApp 14-04-2026, 15.25.xcarchive/Products/Applications/ivooxNew.app/Frameworks/FBSDKShareKit.framework/FBSDKShareKit'>', hardenedRuntime='0'>'>
2026-04-14 13:33:33 +0000  Skipping profile for item: <IDEDistributionItem: 0x7c4b480c0; bundleID='org.cocoapods.FSPagerView', path='<DVTFilePath:0x7b67634f0:'/Users/clseva/Library/Developer/Xcode/Archives/2026-04-14/iVooxApp 14-04-2026, 15.25.xcarchive/Products/Applications/ivooxNew.app/Frameworks/FSPagerView.framework'>', codeSigningInfo='<_DVTCodeSigningInformation_Path: 0x7c4b4b6c0; isSigned='1', isAdHocSigned='0', signingCertificate='<DVTSigningCertificate: 0x7c45fa940; name='Apple Distribution: iVoox Global Podcasting Service SL (GXW5YSU35M)', hash='B0336B54C8EE75D6A73481A7B34B1F9C75AAF5D3', serialNumber='11B69D8EB5EF84EBF19CD9772E089711', certificateKinds='(
    "1.2.840.113635.100.6.1.7",
    "1.2.840.113635.100.6.1.4"
), issueDate='2026-02-13 22:07:26 +0000''>', entitlements='(null)', teamID='GXW5YSU35M', identifier='org.cocoapods.FSPagerView', executablePath='<DVTFilePath:0x7c4a4bf60:'/Users/clseva/Library/Developer/Xcode/Archives/2026-04-14/iVooxApp 14-04-2026, 15.25.xcarchive/Products/Applications/ivooxNew.app/Frameworks/FSPagerView.framework/FSPagerView'>', hardenedRuntime='0'>'>
2026-04-14 13:33:33 +0000  Skipping profile for item: <IDEDistributionItem: 0x7c4b492c0; bundleID='org.cocoapods.FirebaseABTesting', path='<DVTFilePath:0x7c46c1a40:'/Users/clseva/Library/Developer/Xcode/Archives/2026-04-14/iVooxApp 14-04-2026, 15.25.xcarchive/Products/Applications/ivooxNew.app/Frameworks/FirebaseABTesting.framework'>', codeSigningInfo='<_DVTCodeSigningInformation_Path: 0x7c4219ce0; isSigned='1', isAdHocSigned='0', signingCertificate='<DVTSigningCertificate: 0x7c45fa940; name='Apple Distribution: iVoox Global Podcasting Service SL (GXW5YSU35M)', hash='B0336B54C8EE75D6A73481A7B34B1F9C75AAF5D3', serialNumber='11B69D8EB5EF84EBF19CD9772E089711', certificateKinds='(
    "1.2.840.113635.100.6.1.7",
    "1.2.840.113635.100.6.1.4"
), issueDate='2026-02-13 22:07:26 +0000''>', entitlements='(null)', teamID='GXW5YSU35M', identifier='org.cocoapods.FirebaseABTesting', executablePath='<DVTFilePath:0x7c46c1b20:'/Users/clseva/Library/Developer/Xcode/Archives/2026-04-14/iVooxApp 14-04-2026, 15.25.xcarchive/Products/Applications/ivooxNew.app/Frameworks/FirebaseABTesting.framework/FirebaseABTesting'>', hardenedRuntime='0'>'>
2026-04-14 13:33:33 +0000  Skipping profile for item: <IDEDistributionItem: 0x7c4b4bde0; bundleID='org.cocoapods.FirebaseCore', path='<DVTFilePath:0x7c46b26f0:'/Users/clseva/Library/Developer/Xcode/Archives/2026-04-14/iVooxApp 14-04-2026, 15.25.xcarchive/Products/Applications/ivooxNew.app/Frameworks/FirebaseCore.framework'>', codeSigningInfo='<_DVTCodeSigningInformation_Path: 0x7c4b4bd20; isSigned='1', isAdHocSigned='0', signingCertificate='<DVTSigningCertificate: 0x7c45fa940; name='Apple Distribution: iVoox Global Podcasting Service SL (GXW5YSU35M)', hash='B0336B54C8EE75D6A73481A7B34B1F9C75AAF5D3', serialNumber='11B69D8EB5EF84EBF19CD9772E089711', certificateKinds='(
    "1.2.840.113635.100.6.1.7",
    "1.2.840.113635.100.6.1.4"
), issueDate='2026-02-13 22:07:26 +0000''>', entitlements='(null)', teamID='GXW5YSU35M', identifier='org.cocoapods.FirebaseCore', executablePath='<DVTFilePath:0x7c49cb840:'/Users/clseva/Library/Developer/Xcode/Archives/2026-04-14/iVooxApp 14-04-2026, 15.25.xcarchive/Products/Applications/ivooxNew.app/Frameworks/FirebaseCore.framework/FirebaseCore'>', hardenedRuntime='0'>'>
2026-04-14 13:33:33 +0000  Skipping profile for item: <IDEDistributionItem: 0x7c4b4a5e0; bundleID='org.cocoapods.FirebaseCoreExtension', path='<DVTFilePath:0x7c46b3250:'/Users/clseva/Library/Developer/Xcode/Archives/2026-04-14/iVooxApp 14-04-2026, 15.25.xcarchive/Products/Applications/ivooxNew.app/Frameworks/FirebaseCoreExtension.framework'>', codeSigningInfo='<_DVTCodeSigningInformation_Path: 0x7c4b4b8a0; isSigned='1', isAdHocSigned='0', signingCertificate='<DVTSigningCertificate: 0x7c45fa940; name='Apple Distribution: iVoox Global Podcasting Service SL (GXW5YSU35M)', hash='B0336B54C8EE75D6A73481A7B34B1F9C75AAF5D3', serialNumber='11B69D8EB5EF84EBF19CD9772E089711', certificateKinds='(
    "1.2.840.113635.100.6.1.7",
    "1.2.840.113635.100.6.1.4"
), issueDate='2026-02-13 22:07:26 +0000''>', entitlements='(null)', teamID='GXW5YSU35M', identifier='org.cocoapods.FirebaseCoreExtension', executablePath='<DVTFilePath:0x7c46b3170:'/Users/clseva/Library/Developer/Xcode/Archives/2026-04-14/iVooxApp 14-04-2026, 15.25.xcarchive/Products/Applications/ivooxNew.app/Frameworks/FirebaseCoreExtension.framework/FirebaseCoreExtension'>', hardenedRuntime='0'>'>
2026-04-14 13:33:33 +0000  Skipping profile for item: <IDEDistributionItem: 0x7c4b491a0; bundleID='org.cocoapods.FirebaseCoreInternal', path='<DVTFilePath:0x7c46b2450:'/Users/clseva/Library/Developer/Xcode/Archives/2026-04-14/iVooxApp 14-04-2026, 15.25.xcarchive/Products/Applications/ivooxNew.app/Frameworks/FirebaseCoreInternal.framework'>', codeSigningInfo='<_DVTCodeSigningInformation_Path: 0x7c4b49140; isSigned='1', isAdHocSigned='0', signingCertificate='<DVTSigningCertificate: 0x7c45fa940; name='Apple Distribution: iVoox Global Podcasting Service SL (GXW5YSU35M)', hash='B0336B54C8EE75D6A73481A7B34B1F9C75AAF5D3', serialNumber='11B69D8EB5EF84EBF19CD9772E089711', certificateKinds='(
    "1.2.840.113635.100.6.1.7",
    "1.2.840.113635.100.6.1.4"
), issueDate='2026-02-13 22:07:26 +0000''>', entitlements='(null)', teamID='GXW5YSU35M', identifier='org.cocoapods.FirebaseCoreInternal', executablePath='<DVTFilePath:0x7c46b2530:'/Users/clseva/Library/Developer/Xcode/Archives/2026-04-14/iVooxApp 14-04-2026, 15.25.xcarchive/Products/Applications/ivooxNew.app/Frameworks/FirebaseCoreInternal.framework/FirebaseCoreInternal'>', hardenedRuntime='0'>'>
2026-04-14 13:33:33 +0000  Skipping profile for item: <IDEDistributionItem: 0x7c4b48600; bundleID='org.cocoapods.FirebaseCrashlytics', path='<DVTFilePath:0x7c46b1ea0:'/Users/clseva/Library/Developer/Xcode/Archives/2026-04-14/iVooxApp 14-04-2026, 15.25.xcarchive/Products/Applications/ivooxNew.app/Frameworks/FirebaseCrashlytics.framework'>', codeSigningInfo='<_DVTCodeSigningInformation_Path: 0x7c4219f20; isSigned='1', isAdHocSigned='0', signingCertificate='<DVTSigningCertificate: 0x7c45fa940; name='Apple Distribution: iVoox Global Podcasting Service SL (GXW5YSU35M)', hash='B0336B54C8EE75D6A73481A7B34B1F9C75AAF5D3', serialNumber='11B69D8EB5EF84EBF19CD9772E089711', certificateKinds='(
    "1.2.840.113635.100.6.1.7",
    "1.2.840.113635.100.6.1.4"
), issueDate='2026-02-13 22:07:26 +0000''>', entitlements='(null)', teamID='GXW5YSU35M', identifier='org.cocoapods.FirebaseCrashlytics', executablePath='<DVTFilePath:0x7c46b2060:'/Users/clseva/Library/Developer/Xcode/Archives/2026-04-14/iVooxApp 14-04-2026, 15.25.xcarchive/Products/Applications/ivooxNew.app/Frameworks/FirebaseCrashlytics.framework/FirebaseCrashlytics'>', hardenedRuntime='0'>'>
2026-04-14 13:33:33 +0000  Skipping profile for item: <IDEDistributionItem: 0x7c4b4b540; bundleID='org.cocoapods.FirebaseInstallations', path='<DVTFilePath:0x7c46c18f0:'/Users/clseva/Library/Developer/Xcode/Archives/2026-04-14/iVooxApp 14-04-2026, 15.25.xcarchive/Products/Applications/ivooxNew.app/Frameworks/FirebaseInstallations.framework'>', codeSigningInfo='<_DVTCodeSigningInformation_Path: 0x7c4b4a340; isSigned='1', isAdHocSigned='0', signingCertificate='<DVTSigningCertificate: 0x7c45fa940; name='Apple Distribution: iVoox Global Podcasting Service SL (GXW5YSU35M)', hash='B0336B54C8EE75D6A73481A7B34B1F9C75AAF5D3', serialNumber='11B69D8EB5EF84EBF19CD9772E089711', certificateKinds='(
    "1.2.840.113635.100.6.1.7",
    "1.2.840.113635.100.6.1.4"
), issueDate='2026-02-13 22:07:26 +0000''>', entitlements='(null)', teamID='GXW5YSU35M', identifier='org.cocoapods.FirebaseInstallations', executablePath='<DVTFilePath:0x7c46c1810:'/Users/clseva/Library/Developer/Xcode/Archives/2026-04-14/iVooxApp 14-04-2026, 15.25.xcarchive/Products/Applications/ivooxNew.app/Frameworks/FirebaseInstallations.framework/FirebaseInstallations'>', hardenedRuntime='0'>'>
2026-04-14 13:33:33 +0000  Skipping profile for item: <IDEDistributionItem: 0x7c4b4b5a0; bundleID='org.cocoapods.FirebaseRemoteConfig', path='<DVTFilePath:0x7c46b2990:'/Users/clseva/Library/Developer/Xcode/Archives/2026-04-14/iVooxApp 14-04-2026, 15.25.xcarchive/Products/Applications/ivooxNew.app/Frameworks/FirebaseRemoteConfig.framework'>', codeSigningInfo='<_DVTCodeSigningInformation_Path: 0x7c4b4b780; isSigned='1', isAdHocSigned='0', signingCertificate='<DVTSigningCertificate: 0x7c45fa940; name='Apple Distribution: iVoox Global Podcasting Service SL (GXW5YSU35M)', hash='B0336B54C8EE75D6A73481A7B34B1F9C75AAF5D3', serialNumber='11B69D8EB5EF84EBF19CD9772E089711', certificateKinds='(
    "1.2.840.113635.100.6.1.7",
    "1.2.840.113635.100.6.1.4"
), issueDate='2026-02-13 22:07:26 +0000''>', entitlements='(null)', teamID='GXW5YSU35M', identifier='org.cocoapods.FirebaseRemoteConfig', executablePath='<DVTFilePath:0x7c46b2a00:'/Users/clseva/Library/Developer/Xcode/Archives/2026-04-14/iVooxApp 14-04-2026, 15.25.xcarchive/Products/Applications/ivooxNew.app/Frameworks/FirebaseRemoteConfig.framework/FirebaseRemoteConfig'>', hardenedRuntime='0'>'>
2026-04-14 13:33:33 +0000  Skipping profile for item: <IDEDistributionItem: 0x7c4b486c0; bundleID='org.cocoapods.FirebaseRemoteConfigInterop', path='<DVTFilePath:0x79dab7a00:'/Users/clseva/Library/Developer/Xcode/Archives/2026-04-14/iVooxApp 14-04-2026, 15.25.xcarchive/Products/Applications/ivooxNew.app/Frameworks/FirebaseRemoteConfigInterop.framework'>', codeSigningInfo='<_DVTCodeSigningInformation_Path: 0x7c4b48660; isSigned='1', isAdHocSigned='0', signingCertificate='<DVTSigningCertificate: 0x7c45fa940; name='Apple Distribution: iVoox Global Podcasting Service SL (GXW5YSU35M)', hash='B0336B54C8EE75D6A73481A7B34B1F9C75AAF5D3', serialNumber='11B69D8EB5EF84EBF19CD9772E089711', certificateKinds='(
    "1.2.840.113635.100.6.1.7",
    "1.2.840.113635.100.6.1.4"
), issueDate='2026-02-13 22:07:26 +0000''>', entitlements='(null)', teamID='GXW5YSU35M', identifier='org.cocoapods.FirebaseRemoteConfigInterop', executablePath='<DVTFilePath:0x7c46b3720:'/Users/clseva/Library/Developer/Xcode/Archives/2026-04-14/iVooxApp 14-04-2026, 15.25.xcarchive/Products/Applications/ivooxNew.app/Frameworks/FirebaseRemoteConfigInterop.framework/FirebaseRemoteConfigInterop'>', hardenedRuntime='0'>'>
2026-04-14 13:33:33 +0000  Skipping profile for item: <IDEDistributionItem: 0x7c4b482a0; bundleID='org.cocoapods.FirebaseSessions', path='<DVTFilePath:0x7c46b2ae0:'/Users/clseva/Library/Developer/Xcode/Archives/2026-04-14/iVooxApp 14-04-2026, 15.25.xcarchive/Products/Applications/ivooxNew.app/Frameworks/FirebaseSessions.framework'>', codeSigningInfo='<_DVTCodeSigningInformation_Path: 0x7c4b481e0; isSigned='1', isAdHocSigned='0', signingCertificate='<DVTSigningCertificate: 0x7c45fa940; name='Apple Distribution: iVoox Global Podcasting Service SL (GXW5YSU35M)', hash='B0336B54C8EE75D6A73481A7B34B1F9C75AAF5D3', serialNumber='11B69D8EB5EF84EBF19CD9772E089711', certificateKinds='(
    "1.2.840.113635.100.6.1.7",
    "1.2.840.113635.100.6.1.4"
), issueDate='2026-02-13 22:07:26 +0000''>', entitlements='(null)', teamID='GXW5YSU35M', identifier='org.cocoapods.FirebaseSessions', executablePath='<DVTFilePath:0x7c46b2b50:'/Users/clseva/Library/Developer/Xcode/Archives/2026-04-14/iVooxApp 14-04-2026, 15.25.xcarchive/Products/Applications/ivooxNew.app/Frameworks/FirebaseSessions.framework/FirebaseSessions'>', hardenedRuntime='0'>'>
2026-04-14 13:33:33 +0000  Skipping profile for item: <IDEDistributionItem: 0x7c4b487e0; bundleID='org.cocoapods.FirebaseSharedSwift', path='<DVTFilePath:0x7c46b0e70:'/Users/clseva/Library/Developer/Xcode/Archives/2026-04-14/iVooxApp 14-04-2026, 15.25.xcarchive/Products/Applications/ivooxNew.app/Frameworks/FirebaseSharedSwift.framework'>', codeSigningInfo='<_DVTCodeSigningInformation_Path: 0x7c4b48720; isSigned='1', isAdHocSigned='0', signingCertificate='<DVTSigningCertificate: 0x7c45fa940; name='Apple Distribution: iVoox Global Podcasting Service SL (GXW5YSU35M)', hash='B0336B54C8EE75D6A73481A7B34B1F9C75AAF5D3', serialNumber='11B69D8EB5EF84EBF19CD9772E089711', certificateKinds='(
    "1.2.840.113635.100.6.1.7",
    "1.2.840.113635.100.6.1.4"
), issueDate='2026-02-13 22:07:26 +0000''>', entitlements='(null)', teamID='GXW5YSU35M', identifier='org.cocoapods.FirebaseSharedSwift', executablePath='<DVTFilePath:0x7c46b2680:'/Users/clseva/Library/Developer/Xcode/Archives/2026-04-14/iVooxApp 14-04-2026, 15.25.xcarchive/Products/Applications/ivooxNew.app/Frameworks/FirebaseSharedSwift.framework/FirebaseSharedSwift'>', hardenedRuntime='0'>'>
2026-04-14 13:33:33 +0000  Skipping profile for item: <IDEDistributionItem: 0x7c421ac40; bundleID='org.cocoapods.FormatterKit', path='<DVTFilePath:0x7c46c20d0:'/Users/clseva/Library/Developer/Xcode/Archives/2026-04-14/iVooxApp 14-04-2026, 15.25.xcarchive/Products/Applications/ivooxNew.app/Frameworks/FormatterKit.framework'>', codeSigningInfo='<_DVTCodeSigningInformation_Path: 0x7c4b4af40; isSigned='1', isAdHocSigned='0', signingCertificate='<DVTSigningCertificate: 0x7c45fa940; name='Apple Distribution: iVoox Global Podcasting Service SL (GXW5YSU35M)', hash='B0336B54C8EE75D6A73481A7B34B1F9C75AAF5D3', serialNumber='11B69D8EB5EF84EBF19CD9772E089711', certificateKinds='(
    "1.2.840.113635.100.6.1.7",
    "1.2.840.113635.100.6.1.4"
), issueDate='2026-02-13 22:07:26 +0000''>', entitlements='(null)', teamID='GXW5YSU35M', identifier='org.cocoapods.FormatterKit', executablePath='<DVTFilePath:0x7c4a2a5e0:'/Users/clseva/Library/Developer/Xcode/Archives/2026-04-14/iVooxApp 14-04-2026, 15.25.xcarchive/Products/Applications/ivooxNew.app/Frameworks/FormatterKit.framework/FormatterKit'>', hardenedRuntime='0'>'>
2026-04-14 13:33:33 +0000  Skipping profile for item: <IDEDistributionItem: 0x7c421ae20; bundleID='org.cocoapods.GTMAppAuth', path='<DVTFilePath:0x7c46b2290:'/Users/clseva/Library/Developer/Xcode/Archives/2026-04-14/iVooxApp 14-04-2026, 15.25.xcarchive/Products/Applications/ivooxNew.app/Frameworks/GTMAppAuth.framework'>', codeSigningInfo='<_DVTCodeSigningInformation_Path: 0x7c4b4a700; isSigned='1', isAdHocSigned='0', signingCertificate='<DVTSigningCertificate: 0x7c45fa940; name='Apple Distribution: iVoox Global Podcasting Service SL (GXW5YSU35M)', hash='B0336B54C8EE75D6A73481A7B34B1F9C75AAF5D3', serialNumber='11B69D8EB5EF84EBF19CD9772E089711', certificateKinds='(
    "1.2.840.113635.100.6.1.7",
    "1.2.840.113635.100.6.1.4"
), issueDate='2026-02-13 22:07:26 +0000''>', entitlements='(null)', teamID='GXW5YSU35M', identifier='org.cocoapods.GTMAppAuth', executablePath='<DVTFilePath:0x7c49ca9a0:'/Users/clseva/Library/Developer/Xcode/Archives/2026-04-14/iVooxApp 14-04-2026, 15.25.xcarchive/Products/Applications/ivooxNew.app/Frameworks/GTMAppAuth.framework/GTMAppAuth'>', hardenedRuntime='0'>'>
2026-04-14 13:33:33 +0000  Skipping profile for item: <IDEDistributionItem: 0x7c4907660; bundleID='org.cocoapods.GTMSessionFetcher', path='<DVTFilePath:0x7c46b1f10:'/Users/clseva/Library/Developer/Xcode/Archives/2026-04-14/iVooxApp 14-04-2026, 15.25.xcarchive/Products/Applications/ivooxNew.app/Frameworks/GTMSessionFetcher.framework'>', codeSigningInfo='<_DVTCodeSigningInformation_Path: 0x7c4b4bea0; isSigned='1', isAdHocSigned='0', signingCertificate='<DVTSigningCertificate: 0x7c45fa940; name='Apple Distribution: iVoox Global Podcasting Service SL (GXW5YSU35M)', hash='B0336B54C8EE75D6A73481A7B34B1F9C75AAF5D3', serialNumber='11B69D8EB5EF84EBF19CD9772E089711', certificateKinds='(
    "1.2.840.113635.100.6.1.7",
    "1.2.840.113635.100.6.1.4"
), issueDate='2026-02-13 22:07:26 +0000''>', entitlements='(null)', teamID='GXW5YSU35M', identifier='org.cocoapods.GTMSessionFetcher', executablePath='<DVTFilePath:0x7c46b2610:'/Users/clseva/Library/Developer/Xcode/Archives/2026-04-14/iVooxApp 14-04-2026, 15.25.xcarchive/Products/Applications/ivooxNew.app/Frameworks/GTMSessionFetcher.framework/GTMSessionFetcher'>', hardenedRuntime='0'>'>
2026-04-14 13:33:33 +0000  Skipping profile for item: <IDEDistributionItem: 0x7c4b4a580; bundleID='org.cocoapods.GoogleDataTransport', path='<DVTFilePath:0x7c46b13b0:'/Users/clseva/Library/Developer/Xcode/Archives/2026-04-14/iVooxApp 14-04-2026, 15.25.xcarchive/Products/Applications/ivooxNew.app/Frameworks/GoogleDataTransport.framework'>', codeSigningInfo='<_DVTCodeSigningInformation_Path: 0x7c4b4a880; isSigned='1', isAdHocSigned='0', signingCertificate='<DVTSigningCertificate: 0x7c45fa940; name='Apple Distribution: iVoox Global Podcasting Service SL (GXW5YSU35M)', hash='B0336B54C8EE75D6A73481A7B34B1F9C75AAF5D3', serialNumber='11B69D8EB5EF84EBF19CD9772E089711', certificateKinds='(
    "1.2.840.113635.100.6.1.7",
    "1.2.840.113635.100.6.1.4"
), issueDate='2026-02-13 22:07:26 +0000''>', entitlements='(null)', teamID='GXW5YSU35M', identifier='org.cocoapods.GoogleDataTransport', executablePath='<DVTFilePath:0x7c46b1490:'/Users/clseva/Library/Developer/Xcode/Archives/2026-04-14/iVooxApp 14-04-2026, 15.25.xcarchive/Products/Applications/ivooxNew.app/Frameworks/GoogleDataTransport.framework/GoogleDataTransport'>', hardenedRuntime='0'>'>
2026-04-14 13:33:33 +0000  Skipping profile for item: <IDEDistributionItem: 0x7c4219b60; bundleID='com.google.ios.GoogleInteractiveMediaAds', path='<DVTFilePath:0x79dab7380:'/Users/clseva/Library/Developer/Xcode/Archives/2026-04-14/iVooxApp 14-04-2026, 15.25.xcarchive/Products/Applications/ivooxNew.app/Frameworks/GoogleInteractiveMediaAds.framework'>', codeSigningInfo='<_DVTCodeSigningInformation_Path: 0x7c20cbd20; isSigned='1', isAdHocSigned='0', signingCertificate='<DVTSigningCertificate: 0x7c45fa940; name='Apple Distribution: iVoox Global Podcasting Service SL (GXW5YSU35M)', hash='B0336B54C8EE75D6A73481A7B34B1F9C75AAF5D3', serialNumber='11B69D8EB5EF84EBF19CD9772E089711', certificateKinds='(
    "1.2.840.113635.100.6.1.7",
    "1.2.840.113635.100.6.1.4"
), issueDate='2026-02-13 22:07:26 +0000''>', entitlements='(null)', teamID='GXW5YSU35M', identifier='com.google.ios.GoogleInteractiveMediaAds', executablePath='<DVTFilePath:0x7c46b3100:'/Users/clseva/Library/Developer/Xcode/Archives/2026-04-14/iVooxApp 14-04-2026, 15.25.xcarchive/Products/Applications/ivooxNew.app/Frameworks/GoogleInteractiveMediaAds.framework/GoogleInteractiveMediaAds'>', hardenedRuntime='0'>'>
2026-04-14 13:33:33 +0000  Skipping profile for item: <IDEDistributionItem: 0x7c20c8a20; bundleID='org.cocoapods.GoogleSignIn', path='<DVTFilePath:0x7c46c2610:'/Users/clseva/Library/Developer/Xcode/Archives/2026-04-14/iVooxApp 14-04-2026, 15.25.xcarchive/Products/Applications/ivooxNew.app/Frameworks/GoogleSignIn.framework'>', codeSigningInfo='<_DVTCodeSigningInformation_Path: 0x7c20ca160; isSigned='1', isAdHocSigned='0', signingCertificate='<DVTSigningCertificate: 0x7c45fa940; name='Apple Distribution: iVoox Global Podcasting Service SL (GXW5YSU35M)', hash='B0336B54C8EE75D6A73481A7B34B1F9C75AAF5D3', serialNumber='11B69D8EB5EF84EBF19CD9772E089711', certificateKinds='(
    "1.2.840.113635.100.6.1.7",
    "1.2.840.113635.100.6.1.4"
), issueDate='2026-02-13 22:07:26 +0000''>', entitlements='(null)', teamID='GXW5YSU35M', identifier='org.cocoapods.GoogleSignIn', executablePath='<DVTFilePath:0x7c4a4b360:'/Users/clseva/Library/Developer/Xcode/Archives/2026-04-14/iVooxApp 14-04-2026, 15.25.xcarchive/Products/Applications/ivooxNew.app/Frameworks/GoogleSignIn.framework/GoogleSignIn'>', hardenedRuntime='0'>'>
2026-04-14 13:33:33 +0000  Skipping profile for item: <IDEDistributionItem: 0x7c4b49440; bundleID='org.cocoapods.GoogleUtilities', path='<DVTFilePath:0x7c46b2bc0:'/Users/clseva/Library/Developer/Xcode/Archives/2026-04-14/iVooxApp 14-04-2026, 15.25.xcarchive/Products/Applications/ivooxNew.app/Frameworks/GoogleUtilities.framework'>', codeSigningInfo='<_DVTCodeSigningInformation_Path: 0x7c421a760; isSigned='1', isAdHocSigned='0', signingCertificate='<DVTSigningCertificate: 0x7c45fa940; name='Apple Distribution: iVoox Global Podcasting Service SL (GXW5YSU35M)', hash='B0336B54C8EE75D6A73481A7B34B1F9C75AAF5D3', serialNumber='11B69D8EB5EF84EBF19CD9772E089711', certificateKinds='(
    "1.2.840.113635.100.6.1.7",
    "1.2.840.113635.100.6.1.4"
), issueDate='2026-02-13 22:07:26 +0000''>', entitlements='(null)', teamID='GXW5YSU35M', identifier='org.cocoapods.GoogleUtilities', executablePath='<DVTFilePath:0x7c49e4de0:'/Users/clseva/Library/Developer/Xcode/Archives/2026-04-14/iVooxApp 14-04-2026, 15.25.xcarchive/Products/Applications/ivooxNew.app/Frameworks/GoogleUtilities.framework/GoogleUtilities'>', hardenedRuntime='0'>'>
2026-04-14 13:33:33 +0000  Skipping profile for item: <IDEDistributionItem: 0x7c20c8420; bundleID='org.cocoapods.Kingfisher', path='<DVTFilePath:0x7c46b18f0:'/Users/clseva/Library/Developer/Xcode/Archives/2026-04-14/iVooxApp 14-04-2026, 15.25.xcarchive/Products/Applications/ivooxNew.app/Frameworks/Kingfisher.framework'>', codeSigningInfo='<_DVTCodeSigningInformation_Path: 0x7c4219560; isSigned='1', isAdHocSigned='0', signingCertificate='<DVTSigningCertificate: 0x7c45fa940; name='Apple Distribution: iVoox Global Podcasting Service SL (GXW5YSU35M)', hash='B0336B54C8EE75D6A73481A7B34B1F9C75AAF5D3', serialNumber='11B69D8EB5EF84EBF19CD9772E089711', certificateKinds='(
    "1.2.840.113635.100.6.1.7",
    "1.2.840.113635.100.6.1.4"
), issueDate='2026-02-13 22:07:26 +0000''>', entitlements='(null)', teamID='GXW5YSU35M', identifier='org.cocoapods.Kingfisher', executablePath='<DVTFilePath:0x7c49c8900:'/Users/clseva/Library/Developer/Xcode/Archives/2026-04-14/iVooxApp 14-04-2026, 15.25.xcarchive/Products/Applications/ivooxNew.app/Frameworks/Kingfisher.framework/Kingfisher'>', hardenedRuntime='0'>'>
2026-04-14 13:33:33 +0000  Skipping profile for item: <IDEDistributionItem: 0x7c421a3a0; bundleID='org.cocoapods.LPSnackbar', path='<DVTFilePath:0x7c46c12d0:'/Users/clseva/Library/Developer/Xcode/Archives/2026-04-14/iVooxApp 14-04-2026, 15.25.xcarchive/Products/Applications/ivooxNew.app/Frameworks/LPSnackbar.framework'>', codeSigningInfo='<_DVTCodeSigningInformation_Path: 0x7c4b48d20; isSigned='1', isAdHocSigned='0', signingCertificate='<DVTSigningCertificate: 0x7c45fa940; name='Apple Distribution: iVoox Global Podcasting Service SL (GXW5YSU35M)', hash='B0336B54C8EE75D6A73481A7B34B1F9C75AAF5D3', serialNumber='11B69D8EB5EF84EBF19CD9772E089711', certificateKinds='(
    "1.2.840.113635.100.6.1.7",
    "1.2.840.113635.100.6.1.4"
), issueDate='2026-02-13 22:07:26 +0000''>', entitlements='(null)', teamID='GXW5YSU35M', identifier='org.cocoapods.LPSnackbar', executablePath='<DVTFilePath:0x7c4a16100:'/Users/clseva/Library/Developer/Xcode/Archives/2026-04-14/iVooxApp 14-04-2026, 15.25.xcarchive/Products/Applications/ivooxNew.app/Frameworks/LPSnackbar.framework/LPSnackbar'>', hardenedRuntime='0'>'>
2026-04-14 13:33:33 +0000  Skipping profile for item: <IDEDistributionItem: 0x7c421ad60; bundleID='org.cocoapods.Lottie', path='<DVTFilePath:0x7c46bf090:'/Users/clseva/Library/Developer/Xcode/Archives/2026-04-14/iVooxApp 14-04-2026, 15.25.xcarchive/Products/Applications/ivooxNew.app/Frameworks/Lottie.framework'>', codeSigningInfo='<_DVTCodeSigningInformation_Path: 0x7c4b4aa60; isSigned='1', isAdHocSigned='0', signingCertificate='<DVTSigningCertificate: 0x7c45fa940; name='Apple Distribution: iVoox Global Podcasting Service SL (GXW5YSU35M)', hash='B0336B54C8EE75D6A73481A7B34B1F9C75AAF5D3', serialNumber='11B69D8EB5EF84EBF19CD9772E089711', certificateKinds='(
    "1.2.840.113635.100.6.1.7",
    "1.2.840.113635.100.6.1.4"
), issueDate='2026-02-13 22:07:26 +0000''>', entitlements='(null)', teamID='GXW5YSU35M', identifier='org.cocoapods.Lottie', executablePath='<DVTFilePath:0x7c4a605a0:'/Users/clseva/Library/Developer/Xcode/Archives/2026-04-14/iVooxApp 14-04-2026, 15.25.xcarchive/Products/Applications/ivooxNew.app/Frameworks/Lottie.framework/Lottie'>', hardenedRuntime='0'>'>
2026-04-14 13:33:33 +0000  Skipping profile for item: <IDEDistributionItem: 0x7c4b48a20; bundleID='org.cocoapods.MBProgressHUD', path='<DVTFilePath:0x7c46c1420:'/Users/clseva/Library/Developer/Xcode/Archives/2026-04-14/iVooxApp 14-04-2026, 15.25.xcarchive/Products/Applications/ivooxNew.app/Frameworks/MBProgressHUD.framework'>', codeSigningInfo='<_DVTCodeSigningInformation_Path: 0x7c4b489c0; isSigned='1', isAdHocSigned='0', signingCertificate='<DVTSigningCertificate: 0x7c45fa940; name='Apple Distribution: iVoox Global Podcasting Service SL (GXW5YSU35M)', hash='B0336B54C8EE75D6A73481A7B34B1F9C75AAF5D3', serialNumber='11B69D8EB5EF84EBF19CD9772E089711', certificateKinds='(
    "1.2.840.113635.100.6.1.7",
    "1.2.840.113635.100.6.1.4"
), issueDate='2026-02-13 22:07:26 +0000''>', entitlements='(null)', teamID='GXW5YSU35M', identifier='org.cocoapods.MBProgressHUD', executablePath='<DVTFilePath:0x7c4a16580:'/Users/clseva/Library/Developer/Xcode/Archives/2026-04-14/iVooxApp 14-04-2026, 15.25.xcarchive/Products/Applications/ivooxNew.app/Frameworks/MBProgressHUD.framework/MBProgressHUD'>', hardenedRuntime='0'>'>
2026-04-14 13:33:33 +0000  Skipping profile for item: <IDEDistributionItem: 0x7c4b488a0; bundleID='org.cocoapods.MZAppearance', path='<DVTFilePath:0x7c46b1e30:'/Users/clseva/Library/Developer/Xcode/Archives/2026-04-14/iVooxApp 14-04-2026, 15.25.xcarchive/Products/Applications/ivooxNew.app/Frameworks/MZAppearance.framework'>', codeSigningInfo='<_DVTCodeSigningInformation_Path: 0x7c4b48840; isSigned='1', isAdHocSigned='0', signingCertificate='<DVTSigningCertificate: 0x7c45fa940; name='Apple Distribution: iVoox Global Podcasting Service SL (GXW5YSU35M)', hash='B0336B54C8EE75D6A73481A7B34B1F9C75AAF5D3', serialNumber='11B69D8EB5EF84EBF19CD9772E089711', certificateKinds='(
    "1.2.840.113635.100.6.1.7",
    "1.2.840.113635.100.6.1.4"
), issueDate='2026-02-13 22:07:26 +0000''>', entitlements='(null)', teamID='GXW5YSU35M', identifier='org.cocoapods.MZAppearance', executablePath='<DVTFilePath:0x7c49c91a0:'/Users/clseva/Library/Developer/Xcode/Archives/2026-04-14/iVooxApp 14-04-2026, 15.25.xcarchive/Products/Applications/ivooxNew.app/Frameworks/MZAppearance.framework/MZAppearance'>', hardenedRuntime='0'>'>
2026-04-14 13:33:33 +0000  Skipping profile for item: <IDEDistributionItem: 0x7c4b48b40; bundleID='org.cocoapods.MZFormSheetPresentationController', path='<DVTFilePath:0x79dab7900:'/Users/clseva/Library/Developer/Xcode/Archives/2026-04-14/iVooxApp 14-04-2026, 15.25.xcarchive/Products/Applications/ivooxNew.app/Frameworks/MZFormSheetPresentationController.framework'>', codeSigningInfo='<_DVTCodeSigningInformation_Path: 0x7c4b48c60; isSigned='1', isAdHocSigned='0', signingCertificate='<DVTSigningCertificate: 0x7c45fa940; name='Apple Distribution: iVoox Global Podcasting Service SL (GXW5YSU35M)', hash='B0336B54C8EE75D6A73481A7B34B1F9C75AAF5D3', serialNumber='11B69D8EB5EF84EBF19CD9772E089711', certificateKinds='(
    "1.2.840.113635.100.6.1.7",
    "1.2.840.113635.100.6.1.4"
), issueDate='2026-02-13 22:07:26 +0000''>', entitlements='(null)', teamID='GXW5YSU35M', identifier='org.cocoapods.MZFormSheetPresentationController', executablePath='<DVTFilePath:0x79dab7480:'/Users/clseva/Library/Developer/Xcode/Archives/2026-04-14/iVooxApp 14-04-2026, 15.25.xcarchive/Products/Applications/ivooxNew.app/Frameworks/MZFormSheetPresentationController.framework/MZFormSheetPresentationController'>', hardenedRuntime='0'>'>
2026-04-14 13:33:33 +0000  Skipping profile for item: <IDEDistributionItem: 0x7c4b48fc0; bundleID='org.cocoapods.MagicalRecord', path='<DVTFilePath:0x7b67636b0:'/Users/clseva/Library/Developer/Xcode/Archives/2026-04-14/iVooxApp 14-04-2026, 15.25.xcarchive/Products/Applications/ivooxNew.app/Frameworks/MagicalRecord.framework'>', codeSigningInfo='<_DVTCodeSigningInformation_Path: 0x7c4b48f60; isSigned='1', isAdHocSigned='0', signingCertificate='<DVTSigningCertificate: 0x7c45fa940; name='Apple Distribution: iVoox Global Podcasting Service SL (GXW5YSU35M)', hash='B0336B54C8EE75D6A73481A7B34B1F9C75AAF5D3', serialNumber='11B69D8EB5EF84EBF19CD9772E089711', certificateKinds='(
    "1.2.840.113635.100.6.1.7",
    "1.2.840.113635.100.6.1.4"
), issueDate='2026-02-13 22:07:26 +0000''>', entitlements='(null)', teamID='GXW5YSU35M', identifier='org.cocoapods.MagicalRecord', executablePath='<DVTFilePath:0x7c4a4bb40:'/Users/clseva/Library/Developer/Xcode/Archives/2026-04-14/iVooxApp 14-04-2026, 15.25.xcarchive/Products/Applications/ivooxNew.app/Frameworks/MagicalRecord.framework/MagicalRecord'>', hardenedRuntime='0'>'>
2026-04-14 13:33:33 +0000  Skipping profile for item: <IDEDistributionItem: 0x7c4b4bd80; bundleID='org.cocoapods.Mantle', path='<DVTFilePath:0x7c46b2ed0:'/Users/clseva/Library/Developer/Xcode/Archives/2026-04-14/iVooxApp 14-04-2026, 15.25.xcarchive/Products/Applications/ivooxNew.app/Frameworks/Mantle.framework'>', codeSigningInfo='<_DVTCodeSigningInformation_Path: 0x7c4219da0; isSigned='1', isAdHocSigned='0', signingCertificate='<DVTSigningCertificate: 0x7c45fa940; name='Apple Distribution: iVoox Global Podcasting Service SL (GXW5YSU35M)', hash='B0336B54C8EE75D6A73481A7B34B1F9C75AAF5D3', serialNumber='11B69D8EB5EF84EBF19CD9772E089711', certificateKinds='(
    "1.2.840.113635.100.6.1.7",
    "1.2.840.113635.100.6.1.4"
), issueDate='2026-02-13 22:07:26 +0000''>', entitlements='(null)', teamID='GXW5YSU35M', identifier='org.cocoapods.Mantle', executablePath='<DVTFilePath:0x7c49e55c0:'/Users/clseva/Library/Developer/Xcode/Archives/2026-04-14/iVooxApp 14-04-2026, 15.25.xcarchive/Products/Applications/ivooxNew.app/Frameworks/Mantle.framework/Mantle'>', hardenedRuntime='0'>'>
2026-04-14 13:33:33 +0000  Skipping profile for item: <IDEDistributionItem: 0x7c4b49020; bundleID='org.cocoapods.MarqueeLabel', path='<DVTFilePath:0x7c46b0cb0:'/Users/clseva/Library/Developer/Xcode/Archives/2026-04-14/iVooxApp 14-04-2026, 15.25.xcarchive/Products/Applications/ivooxNew.app/Frameworks/MarqueeLabel.framework'>', codeSigningInfo='<_DVTCodeSigningInformation_Path: 0x7c4b490e0; isSigned='1', isAdHocSigned='0', signingCertificate='<DVTSigningCertificate: 0x7c45fa940; name='Apple Distribution: iVoox Global Podcasting Service SL (GXW5YSU35M)', hash='B0336B54C8EE75D6A73481A7B34B1F9C75AAF5D3', serialNumber='11B69D8EB5EF84EBF19CD9772E089711', certificateKinds='(
    "1.2.840.113635.100.6.1.7",
    "1.2.840.113635.100.6.1.4"
), issueDate='2026-02-13 22:07:26 +0000''>', entitlements='(null)', teamID='GXW5YSU35M', identifier='org.cocoapods.MarqueeLabel', executablePath='<DVTFilePath:0x7c49b6760:'/Users/clseva/Library/Developer/Xcode/Archives/2026-04-14/iVooxApp 14-04-2026, 15.25.xcarchive/Products/Applications/ivooxNew.app/Frameworks/MarqueeLabel.framework/MarqueeLabel'>', hardenedRuntime='0'>'>
2026-04-14 13:33:33 +0000  Skipping profile for item: <IDEDistributionItem: 0x7c20cbb40; bundleID='com.moengage.MoEngageCampaignsCore', path='<DVTFilePath:0x7c46b1030:'/Users/clseva/Library/Developer/Xcode/Archives/2026-04-14/iVooxApp 14-04-2026, 15.25.xcarchive/Products/Applications/ivooxNew.app/Frameworks/MoEngageCampaignsCore.framework'>', codeSigningInfo='<_DVTCodeSigningInformation_Path: 0x7c20ca0a0; isSigned='1', isAdHocSigned='0', signingCertificate='<DVTSigningCertificate: 0x7c45fa940; name='Apple Distribution: iVoox Global Podcasting Service SL (GXW5YSU35M)', hash='B0336B54C8EE75D6A73481A7B34B1F9C75AAF5D3', serialNumber='11B69D8EB5EF84EBF19CD9772E089711', certificateKinds='(
    "1.2.840.113635.100.6.1.7",
    "1.2.840.113635.100.6.1.4"
), issueDate='2026-02-13 22:07:26 +0000''>', entitlements='(null)', teamID='GXW5YSU35M', identifier='com.moengage.MoEngageCampaignsCore', executablePath='<DVTFilePath:0x7c46b1340:'/Users/clseva/Library/Developer/Xcode/Archives/2026-04-14/iVooxApp 14-04-2026, 15.25.xcarchive/Products/Applications/ivooxNew.app/Frameworks/MoEngageCampaignsCore.framework/MoEngageCampaignsCore'>', hardenedRuntime='0'>'>
2026-04-14 13:33:33 +0000  Skipping profile for item: <IDEDistributionItem: 0x7c4b48180; bundleID='com.moengage.MoEngageCore', path='<DVTFilePath:0x7c46b0af0:'/Users/clseva/Library/Developer/Xcode/Archives/2026-04-14/iVooxApp 14-04-2026, 15.25.xcarchive/Products/Applications/ivooxNew.app/Frameworks/MoEngageCore.framework'>', codeSigningInfo='<_DVTCodeSigningInformation_Path: 0x7c421a8e0; isSigned='1', isAdHocSigned='0', signingCertificate='<DVTSigningCertificate: 0x7c45fa940; name='Apple Distribution: iVoox Global Podcasting Service SL (GXW5YSU35M)', hash='B0336B54C8EE75D6A73481A7B34B1F9C75AAF5D3', serialNumber='11B69D8EB5EF84EBF19CD9772E089711', certificateKinds='(
    "1.2.840.113635.100.6.1.7",
    "1.2.840.113635.100.6.1.4"
), issueDate='2026-02-13 22:07:26 +0000''>', entitlements='(null)', teamID='GXW5YSU35M', identifier='com.moengage.MoEngageCore', executablePath='<DVTFilePath:0x7c49b61c0:'/Users/clseva/Library/Developer/Xcode/Archives/2026-04-14/iVooxApp 14-04-2026, 15.25.xcarchive/Products/Applications/ivooxNew.app/Frameworks/MoEngageCore.framework/MoEngageCore'>', hardenedRuntime='0'>'>
2026-04-14 13:33:33 +0000  Skipping profile for item: <IDEDistributionItem: 0x7c4b4b480; bundleID='com.moengage.MoEngageInApps', path='<DVTFilePath:0x7c46b3950:'/Users/clseva/Library/Developer/Xcode/Archives/2026-04-14/iVooxApp 14-04-2026, 15.25.xcarchive/Products/Applications/ivooxNew.app/Frameworks/MoEngageInApps.framework'>', codeSigningInfo='<_DVTCodeSigningInformation_Path: 0x7c421aee0; isSigned='1', isAdHocSigned='0', signingCertificate='<DVTSigningCertificate: 0x7c45fa940; name='Apple Distribution: iVoox Global Podcasting Service SL (GXW5YSU35M)', hash='B0336B54C8EE75D6A73481A7B34B1F9C75AAF5D3', serialNumber='11B69D8EB5EF84EBF19CD9772E089711', certificateKinds='(
    "1.2.840.113635.100.6.1.7",
    "1.2.840.113635.100.6.1.4"
), issueDate='2026-02-13 22:07:26 +0000''>', entitlements='(null)', teamID='GXW5YSU35M', identifier='com.moengage.MoEngageInApps', executablePath='<DVTFilePath:0x7c49f80c0:'/Users/clseva/Library/Developer/Xcode/Archives/2026-04-14/iVooxApp 14-04-2026, 15.25.xcarchive/Products/Applications/ivooxNew.app/Frameworks/MoEngageInApps.framework/MoEngageInApps'>', hardenedRuntime='0'>'>
2026-04-14 13:33:33 +0000  Skipping profile for item: <IDEDistributionItem: 0x7c4b48120; bundleID='com.moengage.condition.evaluator.MoEngageKMMConditionEvaluator', path='<DVTFilePath:0x79db16280:'/Users/clseva/Library/Developer/Xcode/Archives/2026-04-14/iVooxApp 14-04-2026, 15.25.xcarchive/Products/Applications/ivooxNew.app/Frameworks/MoEngageKMMConditionEvaluator.framework'>', codeSigningInfo='<_DVTCodeSigningInformation_Path: 0x7c421b180; isSigned='1', isAdHocSigned='0', signingCertificate='<DVTSigningCertificate: 0x7c45fa940; name='Apple Distribution: iVoox Global Podcasting Service SL (GXW5YSU35M)', hash='B0336B54C8EE75D6A73481A7B34B1F9C75AAF5D3', serialNumber='11B69D8EB5EF84EBF19CD9772E089711', certificateKinds='(
    "1.2.840.113635.100.6.1.7",
    "1.2.840.113635.100.6.1.4"
), issueDate='2026-02-13 22:07:26 +0000''>', entitlements='(null)', teamID='GXW5YSU35M', identifier='com.moengage.condition.evaluator.MoEngageKMMConditionEvaluator', executablePath='<DVTFilePath:0x7c46bd7a0:'/Users/clseva/Library/Developer/Xcode/Archives/2026-04-14/iVooxApp 14-04-2026, 15.25.xcarchive/Products/Applications/ivooxNew.app/Frameworks/MoEngageKMMConditionEvaluator.framework/MoEngageKMMConditionEvaluator'>', hardenedRuntime='0'>'>
2026-04-14 13:33:33 +0000  Skipping profile for item: <IDEDistributionItem: 0x7c4b48ba0; bundleID='com.moengage.MoEngageMessaging', path='<DVTFilePath:0x7c46b2d10:'/Users/clseva/Library/Developer/Xcode/Archives/2026-04-14/iVooxApp 14-04-2026, 15.25.xcarchive/Products/Applications/ivooxNew.app/Frameworks/MoEngageMessaging.framework'>', codeSigningInfo='<_DVTCodeSigningInformation_Path: 0x7c421a280; isSigned='1', isAdHocSigned='0', signingCertificate='<DVTSigningCertificate: 0x7c45fa940; name='Apple Distribution: iVoox Global Podcasting Service SL (GXW5YSU35M)', hash='B0336B54C8EE75D6A73481A7B34B1F9C75AAF5D3', serialNumber='11B69D8EB5EF84EBF19CD9772E089711', certificateKinds='(
    "1.2.840.113635.100.6.1.7",
    "1.2.840.113635.100.6.1.4"
), issueDate='2026-02-13 22:07:26 +0000''>', entitlements='(null)', teamID='GXW5YSU35M', identifier='com.moengage.MoEngageMessaging', executablePath='<DVTFilePath:0x7c46b2df0:'/Users/clseva/Library/Developer/Xcode/Archives/2026-04-14/iVooxApp 14-04-2026, 15.25.xcarchive/Products/Applications/ivooxNew.app/Frameworks/MoEngageMessaging.framework/MoEngageMessaging'>', hardenedRuntime='0'>'>
2026-04-14 13:33:33 +0000  Skipping profile for item: <IDEDistributionItem: 0x7c4b48ae0; bundleID='com.moengage.MoEngageRichNotification', path='<DVTFilePath:0x79dab7980:'/Users/clseva/Library/Developer/Xcode/Archives/2026-04-14/iVooxApp 14-04-2026, 15.25.xcarchive/Products/Applications/ivooxNew.app/Frameworks/MoEngageRichNotification.framework'>', codeSigningInfo='<_DVTCodeSigningInformation_Path: 0x7c4b48a80; isSigned='1', isAdHocSigned='0', signingCertificate='<DVTSigningCertificate: 0x7c45fa940; name='Apple Distribution: iVoox Global Podcasting Service SL (GXW5YSU35M)', hash='B0336B54C8EE75D6A73481A7B34B1F9C75AAF5D3', serialNumber='11B69D8EB5EF84EBF19CD9772E089711', certificateKinds='(
    "1.2.840.113635.100.6.1.7",
    "1.2.840.113635.100.6.1.4"
), issueDate='2026-02-13 22:07:26 +0000''>', entitlements='(null)', teamID='GXW5YSU35M', identifier='com.moengage.MoEngageRichNotification', executablePath='<DVTFilePath:0x7c46c2060:'/Users/clseva/Library/Developer/Xcode/Archives/2026-04-14/iVooxApp 14-04-2026, 15.25.xcarchive/Products/Applications/ivooxNew.app/Frameworks/MoEngageRichNotification.framework/MoEngageRichNotification'>', hardenedRuntime='0'>'>
2026-04-14 13:33:33 +0000  Skipping profile for item: <IDEDistributionItem: 0x7c20cbba0; bundleID='com.moengage.MoEngageSDK', path='<DVTFilePath:0x7c46b2fb0:'/Users/clseva/Library/Developer/Xcode/Archives/2026-04-14/iVooxApp 14-04-2026, 15.25.xcarchive/Products/Applications/ivooxNew.app/Frameworks/MoEngageSDK.framework'>', codeSigningInfo='<_DVTCodeSigningInformation_Path: 0x7c20c9620; isSigned='1', isAdHocSigned='0', signingCertificate='<DVTSigningCertificate: 0x7c45fa940; name='Apple Distribution: iVoox Global Podcasting Service SL (GXW5YSU35M)', hash='B0336B54C8EE75D6A73481A7B34B1F9C75AAF5D3', serialNumber='11B69D8EB5EF84EBF19CD9772E089711', certificateKinds='(
    "1.2.840.113635.100.6.1.7",
    "1.2.840.113635.100.6.1.4"
), issueDate='2026-02-13 22:07:26 +0000''>', entitlements='(null)', teamID='GXW5YSU35M', identifier='com.moengage.MoEngageSDK', executablePath='<DVTFilePath:0x7c49e5b00:'/Users/clseva/Library/Developer/Xcode/Archives/2026-04-14/iVooxApp 14-04-2026, 15.25.xcarchive/Products/Applications/ivooxNew.app/Frameworks/MoEngageSDK.framework/MoEngageSDK'>', hardenedRuntime='0'>'>
2026-04-14 13:33:33 +0000  Skipping profile for item: <IDEDistributionItem: 0x7c4b48540; bundleID='com.moengage.MoEngageSecurity', path='<DVTFilePath:0x7c46b0ee0:'/Users/clseva/Library/Developer/Xcode/Archives/2026-04-14/iVooxApp 14-04-2026, 15.25.xcarchive/Products/Applications/ivooxNew.app/Frameworks/MoEngageSecurity.framework'>', codeSigningInfo='<_DVTCodeSigningInformation_Path: 0x7c4b48000; isSigned='1', isAdHocSigned='0', signingCertificate='<DVTSigningCertificate: 0x7c45fa940; name='Apple Distribution: iVoox Global Podcasting Service SL (GXW5YSU35M)', hash='B0336B54C8EE75D6A73481A7B34B1F9C75AAF5D3', serialNumber='11B69D8EB5EF84EBF19CD9772E089711', certificateKinds='(
    "1.2.840.113635.100.6.1.7",
    "1.2.840.113635.100.6.1.4"
), issueDate='2026-02-13 22:07:26 +0000''>', entitlements='(null)', teamID='GXW5YSU35M', identifier='com.moengage.MoEngageSecurity', executablePath='<DVTFilePath:0x7c46b0f50:'/Users/clseva/Library/Developer/Xcode/Archives/2026-04-14/iVooxApp 14-04-2026, 15.25.xcarchive/Products/Applications/ivooxNew.app/Frameworks/MoEngageSecurity.framework/MoEngageSecurity'>', hardenedRuntime='0'>'>
2026-04-14 13:33:33 +0000  Skipping profile for item: <IDEDistributionItem: 0x7c4b48780; bundleID='com.moengage.MoEngageTriggerEvaluator', path='<DVTFilePath:0x79dab4200:'/Users/clseva/Library/Developer/Xcode/Archives/2026-04-14/iVooxApp 14-04-2026, 15.25.xcarchive/Products/Applications/ivooxNew.app/Frameworks/MoEngageTriggerEvaluator.framework'>', codeSigningInfo='<_DVTCodeSigningInformation_Path: 0x7c4b48900; isSigned='1', isAdHocSigned='0', signingCertificate='<DVTSigningCertificate: 0x7c45fa940; name='Apple Distribution: iVoox Global Podcasting Service SL (GXW5YSU35M)', hash='B0336B54C8EE75D6A73481A7B34B1F9C75AAF5D3', serialNumber='11B69D8EB5EF84EBF19CD9772E089711', certificateKinds='(
    "1.2.840.113635.100.6.1.7",
    "1.2.840.113635.100.6.1.4"
), issueDate='2026-02-13 22:07:26 +0000''>', entitlements='(null)', teamID='GXW5YSU35M', identifier='com.moengage.MoEngageTriggerEvaluator', executablePath='<DVTFilePath:0x7c46c1880:'/Users/clseva/Library/Developer/Xcode/Archives/2026-04-14/iVooxApp 14-04-2026, 15.25.xcarchive/Products/Applications/ivooxNew.app/Frameworks/MoEngageTriggerEvaluator.framework/MoEngageTriggerEvaluator'>', hardenedRuntime='0'>'>
2026-04-14 13:33:33 +0000  Skipping profile for item: <IDEDistributionItem: 0x7c20c87e0; bundleID='org.cocoapods.PaginatedScrollView', path='<DVTFilePath:0x7c46c3db0:'/Users/clseva/Library/Developer/Xcode/Archives/2026-04-14/iVooxApp 14-04-2026, 15.25.xcarchive/Products/Applications/ivooxNew.app/Frameworks/PaginatedScrollView.framework'>', codeSigningInfo='<_DVTCodeSigningInformation_Path: 0x7c20c9560; isSigned='1', isAdHocSigned='0', signingCertificate='<DVTSigningCertificate: 0x7c45fa940; name='Apple Distribution: iVoox Global Podcasting Service SL (GXW5YSU35M)', hash='B0336B54C8EE75D6A73481A7B34B1F9C75AAF5D3', serialNumber='11B69D8EB5EF84EBF19CD9772E089711', certificateKinds='(
    "1.2.840.113635.100.6.1.7",
    "1.2.840.113635.100.6.1.4"
), issueDate='2026-02-13 22:07:26 +0000''>', entitlements='(null)', teamID='GXW5YSU35M', identifier='org.cocoapods.PaginatedScrollView', executablePath='<DVTFilePath:0x7c46c3f70:'/Users/clseva/Library/Developer/Xcode/Archives/2026-04-14/iVooxApp 14-04-2026, 15.25.xcarchive/Products/Applications/ivooxNew.app/Frameworks/PaginatedScrollView.framework/PaginatedScrollView'>', hardenedRuntime='0'>'>
2026-04-14 13:33:33 +0000  Skipping profile for item: <IDEDistributionItem: 0x7c4b48f00; bundleID='org.cocoapods.PanModal', path='<DVTFilePath:0x7c46b3c60:'/Users/clseva/Library/Developer/Xcode/Archives/2026-04-14/iVooxApp 14-04-2026, 15.25.xcarchive/Products/Applications/ivooxNew.app/Frameworks/PanModal.framework'>', codeSigningInfo='<_DVTCodeSigningInformation_Path: 0x7c4b48ea0; isSigned='1', isAdHocSigned='0', signingCertificate='<DVTSigningCertificate: 0x7c45fa940; name='Apple Distribution: iVoox Global Podcasting Service SL (GXW5YSU35M)', hash='B0336B54C8EE75D6A73481A7B34B1F9C75AAF5D3', serialNumber='11B69D8EB5EF84EBF19CD9772E089711', certificateKinds='(
    "1.2.840.113635.100.6.1.7",
    "1.2.840.113635.100.6.1.4"
), issueDate='2026-02-13 22:07:26 +0000''>', entitlements='(null)', teamID='GXW5YSU35M', identifier='org.cocoapods.PanModal', executablePath='<DVTFilePath:0x7c49f9080:'/Users/clseva/Library/Developer/Xcode/Archives/2026-04-14/iVooxApp 14-04-2026, 15.25.xcarchive/Products/Applications/ivooxNew.app/Frameworks/PanModal.framework/PanModal'>', hardenedRuntime='0'>'>
2026-04-14 13:33:33 +0000  Skipping profile for item: <IDEDistributionItem: 0x7c4b49380; bundleID='com.permutive.permutive-ios', path='<DVTFilePath:0x7c46b1420:'/Users/clseva/Library/Developer/Xcode/Archives/2026-04-14/iVooxApp 14-04-2026, 15.25.xcarchive/Products/Applications/ivooxNew.app/Frameworks/Permutive_iOS.framework'>', codeSigningInfo='<_DVTCodeSigningInformation_Path: 0x7c421a640; isSigned='1', isAdHocSigned='0', signingCertificate='<DVTSigningCertificate: 0x7c45fa940; name='Apple Distribution: iVoox Global Podcasting Service SL (GXW5YSU35M)', hash='B0336B54C8EE75D6A73481A7B34B1F9C75AAF5D3', serialNumber='11B69D8EB5EF84EBF19CD9772E089711', certificateKinds='(
    "1.2.840.113635.100.6.1.7",
    "1.2.840.113635.100.6.1.4"
), issueDate='2026-02-13 22:07:26 +0000''>', entitlements='(null)', teamID='GXW5YSU35M', identifier='com.permutive.permutive-ios', executablePath='<DVTFilePath:0x7c49b7f60:'/Users/clseva/Library/Developer/Xcode/Archives/2026-04-14/iVooxApp 14-04-2026, 15.25.xcarchive/Products/Applications/ivooxNew.app/Frameworks/Permutive_iOS.framework/Permutive_iOS'>', hardenedRuntime='0'>'>
2026-04-14 13:33:33 +0000  Skipping profile for item: <IDEDistributionItem: 0x7c4b49200; bundleID='org.cocoapods.PromiseKit', path='<DVTFilePath:0x7c46c1260:'/Users/clseva/Library/Developer/Xcode/Archives/2026-04-14/iVooxApp 14-04-2026, 15.25.xcarchive/Products/Applications/ivooxNew.app/Frameworks/PromiseKit.framework'>', codeSigningInfo='<_DVTCodeSigningInformation_Path: 0x7c4b49260; isSigned='1', isAdHocSigned='0', signingCertificate='<DVTSigningCertificate: 0x7c45fa940; name='Apple Distribution: iVoox Global Podcasting Service SL (GXW5YSU35M)', hash='B0336B54C8EE75D6A73481A7B34B1F9C75AAF5D3', serialNumber='11B69D8EB5EF84EBF19CD9772E089711', certificateKinds='(
    "1.2.840.113635.100.6.1.7",
    "1.2.840.113635.100.6.1.4"
), issueDate='2026-02-13 22:07:26 +0000''>', entitlements='(null)', teamID='GXW5YSU35M', identifier='org.cocoapods.PromiseKit', executablePath='<DVTFilePath:0x7c4a15ce0:'/Users/clseva/Library/Developer/Xcode/Archives/2026-04-14/iVooxApp 14-04-2026, 15.25.xcarchive/Products/Applications/ivooxNew.app/Frameworks/PromiseKit.framework/PromiseKit'>', hardenedRuntime='0'>'>
2026-04-14 13:33:33 +0000  Skipping profile for item: <IDEDistributionItem: 0x7c4b4a100; bundleID='org.cocoapods.Promises', path='<DVTFilePath:0x7c46b3aa0:'/Users/clseva/Library/Developer/Xcode/Archives/2026-04-14/iVooxApp 14-04-2026, 15.25.xcarchive/Products/Applications/ivooxNew.app/Frameworks/Promises.framework'>', codeSigningInfo='<_DVTCodeSigningInformation_Path: 0x7c4b4b9c0; isSigned='1', isAdHocSigned='0', signingCertificate='<DVTSigningCertificate: 0x7c45fa940; name='Apple Distribution: iVoox Global Podcasting Service SL (GXW5YSU35M)', hash='B0336B54C8EE75D6A73481A7B34B1F9C75AAF5D3', serialNumber='11B69D8EB5EF84EBF19CD9772E089711', certificateKinds='(
    "1.2.840.113635.100.6.1.7",
    "1.2.840.113635.100.6.1.4"
), issueDate='2026-02-13 22:07:26 +0000''>', entitlements='(null)', teamID='GXW5YSU35M', identifier='org.cocoapods.Promises', executablePath='<DVTFilePath:0x7c49f8660:'/Users/clseva/Library/Developer/Xcode/Archives/2026-04-14/iVooxApp 14-04-2026, 15.25.xcarchive/Products/Applications/ivooxNew.app/Frameworks/Promises.framework/Promises'>', hardenedRuntime='0'>'>
2026-04-14 13:33:33 +0000  Skipping profile for item: <IDEDistributionItem: 0x7c421a0a0; bundleID='org.cocoapods.SkeletonView', path='<DVTFilePath:0x7c46c1340:'/Users/clseva/Library/Developer/Xcode/Archives/2026-04-14/iVooxApp 14-04-2026, 15.25.xcarchive/Products/Applications/ivooxNew.app/Frameworks/SkeletonView.framework'>', codeSigningInfo='<_DVTCodeSigningInformation_Path: 0x7c421a220; isSigned='1', isAdHocSigned='0', signingCertificate='<DVTSigningCertificate: 0x7c45fa940; name='Apple Distribution: iVoox Global Podcasting Service SL (GXW5YSU35M)', hash='B0336B54C8EE75D6A73481A7B34B1F9C75AAF5D3', serialNumber='11B69D8EB5EF84EBF19CD9772E089711', certificateKinds='(
    "1.2.840.113635.100.6.1.7",
    "1.2.840.113635.100.6.1.4"
), issueDate='2026-02-13 22:07:26 +0000''>', entitlements='(null)', teamID='GXW5YSU35M', identifier='org.cocoapods.SkeletonView', executablePath='<DVTFilePath:0x7c4a169a0:'/Users/clseva/Library/Developer/Xcode/Archives/2026-04-14/iVooxApp 14-04-2026, 15.25.xcarchive/Products/Applications/ivooxNew.app/Frameworks/SkeletonView.framework/SkeletonView'>', hardenedRuntime='0'>'>
2026-04-14 13:33:33 +0000  Skipping profile for item: <IDEDistributionItem: 0x7c4907600; bundleID='org.cocoapods.SwipeCellKit', path='<DVTFilePath:0x7c46b2f40:'/Users/clseva/Library/Developer/Xcode/Archives/2026-04-14/iVooxApp 14-04-2026, 15.25.xcarchive/Products/Applications/ivooxNew.app/Frameworks/SwipeCellKit.framework'>', codeSigningInfo='<_DVTCodeSigningInformation_Path: 0x7c4219e60; isSigned='1', isAdHocSigned='0', signingCertificate='<DVTSigningCertificate: 0x7c45fa940; name='Apple Distribution: iVoox Global Podcasting Service SL (GXW5YSU35M)', hash='B0336B54C8EE75D6A73481A7B34B1F9C75AAF5D3', serialNumber='11B69D8EB5EF84EBF19CD9772E089711', certificateKinds='(
    "1.2.840.113635.100.6.1.7",
    "1.2.840.113635.100.6.1.4"
), issueDate='2026-02-13 22:07:26 +0000''>', entitlements='(null)', teamID='GXW5YSU35M', identifier='org.cocoapods.SwipeCellKit', executablePath='<DVTFilePath:0x7c49e5e60:'/Users/clseva/Library/Developer/Xcode/Archives/2026-04-14/iVooxApp 14-04-2026, 15.25.xcarchive/Products/Applications/ivooxNew.app/Frameworks/SwipeCellKit.framework/SwipeCellKit'>', hardenedRuntime='0'>'>
2026-04-14 13:33:33 +0000  Skipping profile for item: <IDEDistributionItem: 0x7c4b4a460; bundleID='org.cocoapods.TTTLocalizedPluralString', path='<DVTFilePath:0x79dab6e80:'/Users/clseva/Library/Developer/Xcode/Archives/2026-04-14/iVooxApp 14-04-2026, 15.25.xcarchive/Products/Applications/ivooxNew.app/Frameworks/TTTLocalizedPluralString.framework'>', codeSigningInfo='<_DVTCodeSigningInformation_Path: 0x7c4b4b600; isSigned='1', isAdHocSigned='0', signingCertificate='<DVTSigningCertificate: 0x7c45fa940; name='Apple Distribution: iVoox Global Podcasting Service SL (GXW5YSU35M)', hash='B0336B54C8EE75D6A73481A7B34B1F9C75AAF5D3', serialNumber='11B69D8EB5EF84EBF19CD9772E089711', certificateKinds='(
    "1.2.840.113635.100.6.1.7",
    "1.2.840.113635.100.6.1.4"
), issueDate='2026-02-13 22:07:26 +0000''>', entitlements='(null)', teamID='GXW5YSU35M', identifier='org.cocoapods.TTTLocalizedPluralString', executablePath='<DVTFilePath:0x7c46b3b80:'/Users/clseva/Library/Developer/Xcode/Archives/2026-04-14/iVooxApp 14-04-2026, 15.25.xcarchive/Products/Applications/ivooxNew.app/Frameworks/TTTLocalizedPluralString.framework/TTTLocalizedPluralString'>', hardenedRuntime='0'>'>
2026-04-14 13:33:33 +0000  Skipping profile for item: <IDEDistributionItem: 0x7c4b4aa00; bundleID='org.cocoapods.Toast', path='<DVTFilePath:0x7c49b58c0:'/Users/clseva/Library/Developer/Xcode/Archives/2026-04-14/iVooxApp 14-04-2026, 15.25.xcarchive/Products/Applications/ivooxNew.app/Frameworks/Toast.framework'>', codeSigningInfo='<_DVTCodeSigningInformation_Path: 0x7c4b4b4e0; isSigned='1', isAdHocSigned='0', signingCertificate='<DVTSigningCertificate: 0x7c45fa940; name='Apple Distribution: iVoox Global Podcasting Service SL (GXW5YSU35M)', hash='B0336B54C8EE75D6A73481A7B34B1F9C75AAF5D3', serialNumber='11B69D8EB5EF84EBF19CD9772E089711', certificateKinds='(
    "1.2.840.113635.100.6.1.7",
    "1.2.840.113635.100.6.1.4"
), issueDate='2026-02-13 22:07:26 +0000''>', entitlements='(null)', teamID='GXW5YSU35M', identifier='org.cocoapods.Toast', executablePath='<DVTFilePath:0x7c49b5b60:'/Users/clseva/Library/Developer/Xcode/Archives/2026-04-14/iVooxApp 14-04-2026, 15.25.xcarchive/Products/Applications/ivooxNew.app/Frameworks/Toast.framework/Toast'>', hardenedRuntime='0'>'>
2026-04-14 13:33:33 +0000  Skipping profile for item: <IDEDistributionItem: 0x7c20c8060; bundleID='org.cocoapods.libextobjc', path='<DVTFilePath:0x7c46c1ea0:'/Users/clseva/Library/Developer/Xcode/Archives/2026-04-14/iVooxApp 14-04-2026, 15.25.xcarchive/Products/Applications/ivooxNew.app/Frameworks/libextobjc.framework'>', codeSigningInfo='<_DVTCodeSigningInformation_Path: 0x7c20c8d20; isSigned='1', isAdHocSigned='0', signingCertificate='<DVTSigningCertificate: 0x7c45fa940; name='Apple Distribution: iVoox Global Podcasting Service SL (GXW5YSU35M)', hash='B0336B54C8EE75D6A73481A7B34B1F9C75AAF5D3', serialNumber='11B69D8EB5EF84EBF19CD9772E089711', certificateKinds='(
    "1.2.840.113635.100.6.1.7",
    "1.2.840.113635.100.6.1.4"
), issueDate='2026-02-13 22:07:26 +0000''>', entitlements='(null)', teamID='GXW5YSU35M', identifier='org.cocoapods.libextobjc', executablePath='<DVTFilePath:0x7c4a29860:'/Users/clseva/Library/Developer/Xcode/Archives/2026-04-14/iVooxApp 14-04-2026, 15.25.xcarchive/Products/Applications/ivooxNew.app/Frameworks/libextobjc.framework/libextobjc'>', hardenedRuntime='0'>'>
2026-04-14 13:33:33 +0000  Skipping profile for item: <IDEDistributionItem: 0x7c4b4b060; bundleID='org.cocoapods.nanopb', path='<DVTFilePath:0x7c46b3330:'/Users/clseva/Library/Developer/Xcode/Archives/2026-04-14/iVooxApp 14-04-2026, 15.25.xcarchive/Products/Applications/ivooxNew.app/Frameworks/nanopb.framework'>', codeSigningInfo='<_DVTCodeSigningInformation_Path: 0x7c4b4a7c0; isSigned='1', isAdHocSigned='0', signingCertificate='<DVTSigningCertificate: 0x7c45fa940; name='Apple Distribution: iVoox Global Podcasting Service SL (GXW5YSU35M)', hash='B0336B54C8EE75D6A73481A7B34B1F9C75AAF5D3', serialNumber='11B69D8EB5EF84EBF19CD9772E089711', certificateKinds='(
    "1.2.840.113635.100.6.1.7",
    "1.2.840.113635.100.6.1.4"
), issueDate='2026-02-13 22:07:26 +0000''>', entitlements='(null)', teamID='GXW5YSU35M', identifier='org.cocoapods.nanopb', executablePath='<DVTFilePath:0x7c49e7420:'/Users/clseva/Library/Developer/Xcode/Archives/2026-04-14/iVooxApp 14-04-2026, 15.25.xcarchive/Products/Applications/ivooxNew.app/Frameworks/nanopb.framework/nanopb'>', hardenedRuntime='0'>'>
2026-04-14 13:33:33 +0000  Processing step: IDEDistributionInfoPlistStep
2026-04-14 13:33:33 +0000  Skipping step: IDEDistributionInfoPlistStep because it said so
2026-04-14 13:33:33 +0000  Skipping step: IDEDistributionInfoPlistStep because it said so
2026-04-14 13:33:33 +0000  Skipping step: IDEDistributionInfoPlistStep because it said so
2026-04-14 13:33:33 +0000  Skipping step: IDEDistributionInfoPlistStep because it said so
2026-04-14 13:33:33 +0000  Skipping step: IDEDistributionInfoPlistStep because it said so
2026-04-14 13:33:33 +0000  Skipping step: IDEDistributionInfoPlistStep because it said so
2026-04-14 13:33:33 +0000  Skipping step: IDEDistributionInfoPlistStep because it said so
2026-04-14 13:33:33 +0000  Skipping step: IDEDistributionInfoPlistStep because it said so
2026-04-14 13:33:33 +0000  Skipping step: IDEDistributionInfoPlistStep because it said so
2026-04-14 13:33:33 +0000  Skipping step: IDEDistributionInfoPlistStep because it said so
2026-04-14 13:33:33 +0000  Skipping step: IDEDistributionInfoPlistStep because it said so
2026-04-14 13:33:33 +0000  Skipping step: IDEDistributionInfoPlistStep because it said so
2026-04-14 13:33:33 +0000  Skipping step: IDEDistributionInfoPlistStep because it said so
2026-04-14 13:33:33 +0000  Skipping step: IDEDistributionInfoPlistStep because it said so
2026-04-14 13:33:33 +0000  Skipping step: IDEDistributionInfoPlistStep because it said so
2026-04-14 13:33:33 +0000  Skipping step: IDEDistributionInfoPlistStep because it said so
2026-04-14 13:33:33 +0000  Skipping step: IDEDistributionInfoPlistStep because it said so
2026-04-14 13:33:33 +0000  Skipping step: IDEDistributionInfoPlistStep because it said so
2026-04-14 13:33:33 +0000  Skipping step: IDEDistributionInfoPlistStep because it said so
2026-04-14 13:33:33 +0000  Skipping step: IDEDistributionInfoPlistStep because it said so
2026-04-14 13:33:33 +0000  Skipping step: IDEDistributionInfoPlistStep because it said so
2026-04-14 13:33:33 +0000  Skipping step: IDEDistributionInfoPlistStep because it said so
2026-04-14 13:33:33 +0000  Skipping step: IDEDistributionInfoPlistStep because it said so
2026-04-14 13:33:33 +0000  Skipping step: IDEDistributionInfoPlistStep because it said so
2026-04-14 13:33:33 +0000  Skipping step: IDEDistributionInfoPlistStep because it said so
2026-04-14 13:33:33 +0000  Skipping step: IDEDistributionInfoPlistStep because it said so
2026-04-14 13:33:33 +0000  Skipping step: IDEDistributionInfoPlistStep because it said so
2026-04-14 13:33:33 +0000  Skipping step: IDEDistributionInfoPlistStep because it said so
2026-04-14 13:33:33 +0000  Skipping step: IDEDistributionInfoPlistStep because it said so
2026-04-14 13:33:33 +0000  Skipping step: IDEDistributionInfoPlistStep because it said so
2026-04-14 13:33:33 +0000  Skipping step: IDEDistributionInfoPlistStep because it said so
2026-04-14 13:33:33 +0000  Skipping step: IDEDistributionInfoPlistStep because it said so
2026-04-14 13:33:33 +0000  Skipping step: IDEDistributionInfoPlistStep because it said so
2026-04-14 13:33:33 +0000  Skipping step: IDEDistributionInfoPlistStep because it said so
2026-04-14 13:33:33 +0000  Skipping step: IDEDistributionInfoPlistStep because it said so
2026-04-14 13:33:33 +0000  Skipping step: IDEDistributionInfoPlistStep because it said so
2026-04-14 13:33:33 +0000  Skipping step: IDEDistributionInfoPlistStep because it said so
2026-04-14 13:33:33 +0000  Skipping step: IDEDistributionInfoPlistStep because it said so
2026-04-14 13:33:33 +0000  Skipping step: IDEDistributionInfoPlistStep because it said so
2026-04-14 13:33:33 +0000  Skipping step: IDEDistributionInfoPlistStep because it said so
2026-04-14 13:33:33 +0000  Skipping step: IDEDistributionInfoPlistStep because it said so
2026-04-14 13:33:33 +0000  Skipping step: IDEDistributionInfoPlistStep because it said so
2026-04-14 13:33:33 +0000  Skipping step: IDEDistributionInfoPlistStep because it said so
2026-04-14 13:33:33 +0000  Skipping step: IDEDistributionInfoPlistStep because it said so
2026-04-14 13:33:33 +0000  Skipping step: IDEDistributionInfoPlistStep because it said so
2026-04-14 13:33:33 +0000  Skipping step: IDEDistributionInfoPlistStep because it said so
2026-04-14 13:33:33 +0000  Skipping step: IDEDistributionInfoPlistStep because it said so
2026-04-14 13:33:33 +0000  Skipping step: IDEDistributionInfoPlistStep because it said so
2026-04-14 13:33:33 +0000  Skipping step: IDEDistributionInfoPlistStep because it said so
2026-04-14 13:33:33 +0000  Skipping step: IDEDistributionInfoPlistStep because it said so
2026-04-14 13:33:33 +0000  Skipping step: IDEDistributionInfoPlistStep because it said so
2026-04-14 13:33:33 +0000  Skipping step: IDEDistributionInfoPlistStep because it said so
2026-04-14 13:33:33 +0000  Skipping step: IDEDistributionInfoPlistStep because it said so
2026-04-14 13:33:33 +0000  Skipping step: IDEDistributionInfoPlistStep because it said so
2026-04-14 13:33:33 +0000  Skipping step: IDEDistributionInfoPlistStep because it said so
2026-04-14 13:33:33 +0000  Skipping step: IDEDistributionInfoPlistStep because it said so
2026-04-14 13:33:33 +0000  Skipping step: IDEDistributionInfoPlistStep because it said so
2026-04-14 13:33:33 +0000  Skipping step: IDEDistributionInfoPlistStep because it said so
2026-04-14 13:33:33 +0000  Skipping step: IDEDistributionInfoPlistStep because it said so
2026-04-14 13:33:33 +0000  Skipping step: IDEDistributionInfoPlistStep because it said so
2026-04-14 13:33:33 +0000  Skipping step: IDEDistributionInfoPlistStep because it said so
2026-04-14 13:33:33 +0000  Skipping step: IDEDistributionInfoPlistStep because it said so
2026-04-14 13:33:33 +0000  Skipping step: IDEDistributionInfoPlistStep because it said so
2026-04-14 13:33:33 +0000  Skipping step: IDEDistributionInfoPlistStep because it said so
2026-04-14 13:33:33 +0000  Skipping step: IDEDistributionInfoPlistStep because it said so
2026-04-14 13:33:33 +0000  Skipping step: IDEDistributionInfoPlistStep because it said so
2026-04-14 13:33:33 +0000  Skipping step: IDEDistributionInfoPlistStep because it said so
2026-04-14 13:33:33 +0000  Skipping step: IDEDistributionInfoPlistStep because it said so
2026-04-14 13:33:33 +0000  Skipping step: IDEDistributionInfoPlistStep because it said so
2026-04-14 13:33:33 +0000  Skipping step: IDEDistributionInfoPlistStep because it said so
2026-04-14 13:33:33 +0000  Skipping step: IDEDistributionInfoPlistStep because it said so
2026-04-14 13:33:33 +0000  Skipping step: IDEDistributionInfoPlistStep because it said so
2026-04-14 13:33:33 +0000  Skipping step: IDEDistributionInfoPlistStep because it said so
2026-04-14 13:33:33 +0000  Skipping step: IDEDistributionInfoPlistStep because it said so
2026-04-14 13:33:33 +0000  Skipping step: IDEDistributionInfoPlistStep because it said so
2026-04-14 13:33:33 +0000  Skipping step: IDEDistributionInfoPlistStep because it said so
2026-04-14 13:33:33 +0000  Skipping step: IDEDistributionInfoPlistStep because it said so
2026-04-14 13:33:33 +0000  Skipping step: IDEDistributionInfoPlistStep because it said so
2026-04-14 13:33:33 +0000  Processing step: IDEDistributionAppThinningPlistStep
2026-04-14 13:33:33 +0000  Skipping step: IDEDistributionAppThinningPlistStep because it said so
2026-04-14 13:33:33 +0000  Processing step: IDEDistributionSymbolsStep
2026-04-14 13:33:33 +0000  Skipping step: IDEDistributionSymbolsStep because it said so
2026-04-14 13:33:33 +0000  Processing step: IDEDistributionAppThinningStep
2026-04-14 13:33:33 +0000  Skipping step: IDEDistributionAppThinningStep because it said so
2026-04-14 13:33:33 +0000  Processing step: IDEDistributionArchThinningStep
2026-04-14 13:33:33 +0000  Archs to thin for item /Users/clseva/Library/Developer/Xcode/Archives/2026-04-14/iVooxApp 14-04-2026, 15.25.xcarchive/Products/Applications/ivooxNew.app/Watch/iVooxWatch.app/Frameworks/Alamofire.framework are []
2026-04-14 13:33:33 +0000  Archs to thin for item /Users/clseva/Library/Developer/Xcode/Archives/2026-04-14/iVooxApp 14-04-2026, 15.25.xcarchive/Products/Applications/ivooxNew.app/Watch/iVooxWatch.app/Frameworks/DeviceKit.framework are []
2026-04-14 13:33:33 +0000  Archs to thin for item /Users/clseva/Library/Developer/Xcode/Archives/2026-04-14/iVooxApp 14-04-2026, 15.25.xcarchive/Products/Applications/ivooxNew.app/Watch/iVooxWatch.app/Frameworks/Kingfisher.framework are []
2026-04-14 13:33:33 +0000  Archs to thin for item /Users/clseva/Library/Developer/Xcode/Archives/2026-04-14/iVooxApp 14-04-2026, 15.25.xcarchive/Products/Applications/ivooxNew.app/Watch/iVooxWatch.app/Frameworks/Moya.framework are []
2026-04-14 13:33:33 +0000  Archs to thin for item /Users/clseva/Library/Developer/Xcode/Archives/2026-04-14/iVooxApp 14-04-2026, 15.25.xcarchive/Products/Applications/ivooxNew.app/Watch/iVooxWatch.app/Frameworks/ObjectMapper.framework are []
2026-04-14 13:33:33 +0000  Archs to thin for item /Users/clseva/Library/Developer/Xcode/Archives/2026-04-14/iVooxApp 14-04-2026, 15.25.xcarchive/Products/Applications/ivooxNew.app/Watch/iVooxWatch.app/Frameworks/Realm.framework are []
2026-04-14 13:33:33 +0000  Archs to thin for item /Users/clseva/Library/Developer/Xcode/Archives/2026-04-14/iVooxApp 14-04-2026, 15.25.xcarchive/Products/Applications/ivooxNew.app/Watch/iVooxWatch.app/Frameworks/RealmSwift.framework are []
2026-04-14 13:33:33 +0000  Archs to thin for item /Users/clseva/Library/Developer/Xcode/Archives/2026-04-14/iVooxApp 14-04-2026, 15.25.xcarchive/Products/Applications/ivooxNew.app/Watch/iVooxWatch.app/Frameworks/RxSwift.framework are []
2026-04-14 13:33:33 +0000  Archs to thin for item /Users/clseva/Library/Developer/Xcode/Archives/2026-04-14/iVooxApp 14-04-2026, 15.25.xcarchive/Products/Applications/ivooxNew.app/Frameworks/AFNetworking.framework are []
2026-04-14 13:33:33 +0000  Archs to thin for item /Users/clseva/Library/Developer/Xcode/Archives/2026-04-14/iVooxApp 14-04-2026, 15.25.xcarchive/Products/Applications/ivooxNew.app/Frameworks/AdjustSdk.framework are []
2026-04-14 13:33:33 +0000  Archs to thin for item /Users/clseva/Library/Developer/Xcode/Archives/2026-04-14/iVooxApp 14-04-2026, 15.25.xcarchive/Products/Applications/ivooxNew.app/Frameworks/AdjustSigSdk.framework are []
2026-04-14 13:33:33 +0000  Archs to thin for item /Users/clseva/Library/Developer/Xcode/Archives/2026-04-14/iVooxApp 14-04-2026, 15.25.xcarchive/Products/Applications/ivooxNew.app/Frameworks/Amplitude.framework are []
2026-04-14 13:33:33 +0000  Archs to thin for item /Users/clseva/Library/Developer/Xcode/Archives/2026-04-14/iVooxApp 14-04-2026, 15.25.xcarchive/Products/Applications/ivooxNew.app/Frameworks/AnalyticsConnector.framework are []
2026-04-14 13:33:33 +0000  Archs to thin for item /Users/clseva/Library/Developer/Xcode/Archives/2026-04-14/iVooxApp 14-04-2026, 15.25.xcarchive/Products/Applications/ivooxNew.app/Frameworks/AppAuth.framework are []
2026-04-14 13:33:33 +0000  Archs to thin for item /Users/clseva/Library/Developer/Xcode/Archives/2026-04-14/iVooxApp 14-04-2026, 15.25.xcarchive/Products/Applications/ivooxNew.app/Frameworks/Batch.framework are []
2026-04-14 13:33:33 +0000  Archs to thin for item /Users/clseva/Library/Developer/Xcode/Archives/2026-04-14/iVooxApp 14-04-2026, 15.25.xcarchive/Products/Applications/ivooxNew.app/Frameworks/BatchExtension.framework are []
2026-04-14 13:33:33 +0000  Archs to thin for item /Users/clseva/Library/Developer/Xcode/Archives/2026-04-14/iVooxApp 14-04-2026, 15.25.xcarchive/Products/Applications/ivooxNew.app/Frameworks/CancellablePromiseKit.framework are []
2026-04-14 13:33:33 +0000  Archs to thin for item /Users/clseva/Library/Developer/Xcode/Archives/2026-04-14/iVooxApp 14-04-2026, 15.25.xcarchive/Products/Applications/ivooxNew.app/Frameworks/Clarity.framework are []
2026-04-14 13:33:33 +0000  Archs to thin for item /Users/clseva/Library/Developer/Xcode/Archives/2026-04-14/iVooxApp 14-04-2026, 15.25.xcarchive/Products/Applications/ivooxNew.app/Frameworks/ComScore.framework are []
2026-04-14 13:33:33 +0000  Archs to thin for item /Users/clseva/Library/Developer/Xcode/Archives/2026-04-14/iVooxApp 14-04-2026, 15.25.xcarchive/Products/Applications/ivooxNew.app/Frameworks/Didomi.framework are []
2026-04-14 13:33:33 +0000  Archs to thin for item /Users/clseva/Library/Developer/Xcode/Archives/2026-04-14/iVooxApp 14-04-2026, 15.25.xcarchive/Products/Applications/ivooxNew.app/Frameworks/FBAEMKit.framework are []
2026-04-14 13:33:33 +0000  Archs to thin for item /Users/clseva/Library/Developer/Xcode/Archives/2026-04-14/iVooxApp 14-04-2026, 15.25.xcarchive/Products/Applications/ivooxNew.app/Frameworks/FBLPromises.framework are []
2026-04-14 13:33:33 +0000  Archs to thin for item /Users/clseva/Library/Developer/Xcode/Archives/2026-04-14/iVooxApp 14-04-2026, 15.25.xcarchive/Products/Applications/ivooxNew.app/Frameworks/FBSDKCoreKit.framework are []
2026-04-14 13:33:33 +0000  Archs to thin for item /Users/clseva/Library/Developer/Xcode/Archives/2026-04-14/iVooxApp 14-04-2026, 15.25.xcarchive/Products/Applications/ivooxNew.app/Frameworks/FBSDKCoreKit_Basics.framework are []
2026-04-14 13:33:33 +0000  Archs to thin for item /Users/clseva/Library/Developer/Xcode/Archives/2026-04-14/iVooxApp 14-04-2026, 15.25.xcarchive/Products/Applications/ivooxNew.app/Frameworks/FBSDKLoginKit.framework are []
2026-04-14 13:33:33 +0000  Archs to thin for item /Users/clseva/Library/Developer/Xcode/Archives/2026-04-14/iVooxApp 14-04-2026, 15.25.xcarchive/Products/Applications/ivooxNew.app/Frameworks/FBSDKShareKit.framework are []
2026-04-14 13:33:33 +0000  Archs to thin for item /Users/clseva/Library/Developer/Xcode/Archives/2026-04-14/iVooxApp 14-04-2026, 15.25.xcarchive/Products/Applications/ivooxNew.app/Frameworks/FSPagerView.framework are []
2026-04-14 13:33:33 +0000  Archs to thin for item /Users/clseva/Library/Developer/Xcode/Archives/2026-04-14/iVooxApp 14-04-2026, 15.25.xcarchive/Products/Applications/ivooxNew.app/Frameworks/FirebaseABTesting.framework are []
2026-04-14 13:33:33 +0000  Archs to thin for item /Users/clseva/Library/Developer/Xcode/Archives/2026-04-14/iVooxApp 14-04-2026, 15.25.xcarchive/Products/Applications/ivooxNew.app/Frameworks/FirebaseCore.framework are []
2026-04-14 13:33:33 +0000  Archs to thin for item /Users/clseva/Library/Developer/Xcode/Archives/2026-04-14/iVooxApp 14-04-2026, 15.25.xcarchive/Products/Applications/ivooxNew.app/Frameworks/FirebaseCoreExtension.framework are []
2026-04-14 13:33:33 +0000  Archs to thin for item /Users/clseva/Library/Developer/Xcode/Archives/2026-04-14/iVooxApp 14-04-2026, 15.25.xcarchive/Products/Applications/ivooxNew.app/Frameworks/FirebaseCoreInternal.framework are []
2026-04-14 13:33:33 +0000  Archs to thin for item /Users/clseva/Library/Developer/Xcode/Archives/2026-04-14/iVooxApp 14-04-2026, 15.25.xcarchive/Products/Applications/ivooxNew.app/Frameworks/FirebaseCrashlytics.framework are []
2026-04-14 13:33:33 +0000  Archs to thin for item /Users/clseva/Library/Developer/Xcode/Archives/2026-04-14/iVooxApp 14-04-2026, 15.25.xcarchive/Products/Applications/ivooxNew.app/Frameworks/FirebaseInstallations.framework are []
2026-04-14 13:33:33 +0000  Archs to thin for item /Users/clseva/Library/Developer/Xcode/Archives/2026-04-14/iVooxApp 14-04-2026, 15.25.xcarchive/Products/Applications/ivooxNew.app/Frameworks/FirebaseRemoteConfig.framework are []
2026-04-14 13:33:33 +0000  Archs to thin for item /Users/clseva/Library/Developer/Xcode/Archives/2026-04-14/iVooxApp 14-04-2026, 15.25.xcarchive/Products/Applications/ivooxNew.app/Frameworks/FirebaseRemoteConfigInterop.framework are []
2026-04-14 13:33:33 +0000  Archs to thin for item /Users/clseva/Library/Developer/Xcode/Archives/2026-04-14/iVooxApp 14-04-2026, 15.25.xcarchive/Products/Applications/ivooxNew.app/Frameworks/FirebaseSessions.framework are []
2026-04-14 13:33:33 +0000  Archs to thin for item /Users/clseva/Library/Developer/Xcode/Archives/2026-04-14/iVooxApp 14-04-2026, 15.25.xcarchive/Products/Applications/ivooxNew.app/Frameworks/FirebaseSharedSwift.framework are []
2026-04-14 13:33:33 +0000  Archs to thin for item /Users/clseva/Library/Developer/Xcode/Archives/2026-04-14/iVooxApp 14-04-2026, 15.25.xcarchive/Products/Applications/ivooxNew.app/Frameworks/FormatterKit.framework are []
2026-04-14 13:33:33 +0000  Archs to thin for item /Users/clseva/Library/Developer/Xcode/Archives/2026-04-14/iVooxApp 14-04-2026, 15.25.xcarchive/Products/Applications/ivooxNew.app/Frameworks/GTMAppAuth.framework are []
2026-04-14 13:33:33 +0000  Archs to thin for item /Users/clseva/Library/Developer/Xcode/Archives/2026-04-14/iVooxApp 14-04-2026, 15.25.xcarchive/Products/Applications/ivooxNew.app/Frameworks/GTMSessionFetcher.framework are []
2026-04-14 13:33:33 +0000  Archs to thin for item /Users/clseva/Library/Developer/Xcode/Archives/2026-04-14/iVooxApp 14-04-2026, 15.25.xcarchive/Products/Applications/ivooxNew.app/Frameworks/GoogleDataTransport.framework are []
2026-04-14 13:33:33 +0000  Archs to thin for item /Users/clseva/Library/Developer/Xcode/Archives/2026-04-14/iVooxApp 14-04-2026, 15.25.xcarchive/Products/Applications/ivooxNew.app/Frameworks/GoogleInteractiveMediaAds.framework are []
2026-04-14 13:33:33 +0000  Archs to thin for item /Users/clseva/Library/Developer/Xcode/Archives/2026-04-14/iVooxApp 14-04-2026, 15.25.xcarchive/Products/Applications/ivooxNew.app/Frameworks/GoogleSignIn.framework are []
2026-04-14 13:33:33 +0000  Archs to thin for item /Users/clseva/Library/Developer/Xcode/Archives/2026-04-14/iVooxApp 14-04-2026, 15.25.xcarchive/Products/Applications/ivooxNew.app/Frameworks/GoogleUtilities.framework are []
2026-04-14 13:33:33 +0000  Archs to thin for item /Users/clseva/Library/Developer/Xcode/Archives/2026-04-14/iVooxApp 14-04-2026, 15.25.xcarchive/Products/Applications/ivooxNew.app/Frameworks/Kingfisher.framework are []
2026-04-14 13:33:33 +0000  Archs to thin for item /Users/clseva/Library/Developer/Xcode/Archives/2026-04-14/iVooxApp 14-04-2026, 15.25.xcarchive/Products/Applications/ivooxNew.app/Frameworks/LPSnackbar.framework are []
2026-04-14 13:33:33 +0000  Archs to thin for item /Users/clseva/Library/Developer/Xcode/Archives/2026-04-14/iVooxApp 14-04-2026, 15.25.xcarchive/Products/Applications/ivooxNew.app/Frameworks/Lottie.framework are []
2026-04-14 13:33:33 +0000  Archs to thin for item /Users/clseva/Library/Developer/Xcode/Archives/2026-04-14/iVooxApp 14-04-2026, 15.25.xcarchive/Products/Applications/ivooxNew.app/Frameworks/MBProgressHUD.framework are []
2026-04-14 13:33:33 +0000  Archs to thin for item /Users/clseva/Library/Developer/Xcode/Archives/2026-04-14/iVooxApp 14-04-2026, 15.25.xcarchive/Products/Applications/ivooxNew.app/Frameworks/MZAppearance.framework are []
2026-04-14 13:33:33 +0000  Archs to thin for item /Users/clseva/Library/Developer/Xcode/Archives/2026-04-14/iVooxApp 14-04-2026, 15.25.xcarchive/Products/Applications/ivooxNew.app/Frameworks/MZFormSheetPresentationController.framework are []
2026-04-14 13:33:33 +0000  Archs to thin for item /Users/clseva/Library/Developer/Xcode/Archives/2026-04-14/iVooxApp 14-04-2026, 15.25.xcarchive/Products/Applications/ivooxNew.app/Frameworks/MagicalRecord.framework are []
2026-04-14 13:33:33 +0000  Archs to thin for item /Users/clseva/Library/Developer/Xcode/Archives/2026-04-14/iVooxApp 14-04-2026, 15.25.xcarchive/Products/Applications/ivooxNew.app/Frameworks/Mantle.framework are []
2026-04-14 13:33:33 +0000  Archs to thin for item /Users/clseva/Library/Developer/Xcode/Archives/2026-04-14/iVooxApp 14-04-2026, 15.25.xcarchive/Products/Applications/ivooxNew.app/Frameworks/MarqueeLabel.framework are []
2026-04-14 13:33:33 +0000  Archs to thin for item /Users/clseva/Library/Developer/Xcode/Archives/2026-04-14/iVooxApp 14-04-2026, 15.25.xcarchive/Products/Applications/ivooxNew.app/Frameworks/MoEngageCampaignsCore.framework are []
2026-04-14 13:33:33 +0000  Archs to thin for item /Users/clseva/Library/Developer/Xcode/Archives/2026-04-14/iVooxApp 14-04-2026, 15.25.xcarchive/Products/Applications/ivooxNew.app/Frameworks/MoEngageCore.framework are []
2026-04-14 13:33:33 +0000  Archs to thin for item /Users/clseva/Library/Developer/Xcode/Archives/2026-04-14/iVooxApp 14-04-2026, 15.25.xcarchive/Products/Applications/ivooxNew.app/Frameworks/MoEngageInApps.framework are []
2026-04-14 13:33:33 +0000  Archs to thin for item /Users/clseva/Library/Developer/Xcode/Archives/2026-04-14/iVooxApp 14-04-2026, 15.25.xcarchive/Products/Applications/ivooxNew.app/Frameworks/MoEngageKMMConditionEvaluator.framework are []
2026-04-14 13:33:33 +0000  Archs to thin for item /Users/clseva/Library/Developer/Xcode/Archives/2026-04-14/iVooxApp 14-04-2026, 15.25.xcarchive/Products/Applications/ivooxNew.app/Frameworks/MoEngageMessaging.framework are []
2026-04-14 13:33:33 +0000  Archs to thin for item /Users/clseva/Library/Developer/Xcode/Archives/2026-04-14/iVooxApp 14-04-2026, 15.25.xcarchive/Products/Applications/ivooxNew.app/Frameworks/MoEngageRichNotification.framework are []
2026-04-14 13:33:33 +0000  Archs to thin for item /Users/clseva/Library/Developer/Xcode/Archives/2026-04-14/iVooxApp 14-04-2026, 15.25.xcarchive/Products/Applications/ivooxNew.app/Frameworks/MoEngageSDK.framework are []
2026-04-14 13:33:33 +0000  Archs to thin for item /Users/clseva/Library/Developer/Xcode/Archives/2026-04-14/iVooxApp 14-04-2026, 15.25.xcarchive/Products/Applications/ivooxNew.app/Frameworks/MoEngageSecurity.framework are []
2026-04-14 13:33:33 +0000  Archs to thin for item /Users/clseva/Library/Developer/Xcode/Archives/2026-04-14/iVooxApp 14-04-2026, 15.25.xcarchive/Products/Applications/ivooxNew.app/Frameworks/MoEngageTriggerEvaluator.framework are []
2026-04-14 13:33:33 +0000  Archs to thin for item /Users/clseva/Library/Developer/Xcode/Archives/2026-04-14/iVooxApp 14-04-2026, 15.25.xcarchive/Products/Applications/ivooxNew.app/Frameworks/PaginatedScrollView.framework are []
2026-04-14 13:33:33 +0000  Archs to thin for item /Users/clseva/Library/Developer/Xcode/Archives/2026-04-14/iVooxApp 14-04-2026, 15.25.xcarchive/Products/Applications/ivooxNew.app/Frameworks/PanModal.framework are []
2026-04-14 13:33:33 +0000  Archs to thin for item /Users/clseva/Library/Developer/Xcode/Archives/2026-04-14/iVooxApp 14-04-2026, 15.25.xcarchive/Products/Applications/ivooxNew.app/Frameworks/Permutive_iOS.framework are []
2026-04-14 13:33:33 +0000  Archs to thin for item /Users/clseva/Library/Developer/Xcode/Archives/2026-04-14/iVooxApp 14-04-2026, 15.25.xcarchive/Products/Applications/ivooxNew.app/Frameworks/PromiseKit.framework are []
2026-04-14 13:33:33 +0000  Archs to thin for item /Users/clseva/Library/Developer/Xcode/Archives/2026-04-14/iVooxApp 14-04-2026, 15.25.xcarchive/Products/Applications/ivooxNew.app/Frameworks/Promises.framework are []
2026-04-14 13:33:33 +0000  Archs to thin for item /Users/clseva/Library/Developer/Xcode/Archives/2026-04-14/iVooxApp 14-04-2026, 15.25.xcarchive/Products/Applications/ivooxNew.app/Frameworks/SkeletonView.framework are []
2026-04-14 13:33:33 +0000  Archs to thin for item /Users/clseva/Library/Developer/Xcode/Archives/2026-04-14/iVooxApp 14-04-2026, 15.25.xcarchive/Products/Applications/ivooxNew.app/Frameworks/SwipeCellKit.framework are []
2026-04-14 13:33:33 +0000  Archs to thin for item /Users/clseva/Library/Developer/Xcode/Archives/2026-04-14/iVooxApp 14-04-2026, 15.25.xcarchive/Products/Applications/ivooxNew.app/Frameworks/TTTLocalizedPluralString.framework are []
2026-04-14 13:33:33 +0000  Archs to thin for item /Users/clseva/Library/Developer/Xcode/Archives/2026-04-14/iVooxApp 14-04-2026, 15.25.xcarchive/Products/Applications/ivooxNew.app/Frameworks/Toast.framework are []
2026-04-14 13:33:33 +0000  Archs to thin for item /Users/clseva/Library/Developer/Xcode/Archives/2026-04-14/iVooxApp 14-04-2026, 15.25.xcarchive/Products/Applications/ivooxNew.app/Frameworks/libextobjc.framework are []
2026-04-14 13:33:33 +0000  Archs to thin for item /Users/clseva/Library/Developer/Xcode/Archives/2026-04-14/iVooxApp 14-04-2026, 15.25.xcarchive/Products/Applications/ivooxNew.app/Frameworks/nanopb.framework are []
2026-04-14 13:33:33 +0000  Archs to thin for item /Users/clseva/Library/Developer/Xcode/Archives/2026-04-14/iVooxApp 14-04-2026, 15.25.xcarchive/Products/Applications/ivooxNew.app/PlugIns/RichNotificationsExtension.appex are []
2026-04-14 13:33:33 +0000  Archs to thin for item /Users/clseva/Library/Developer/Xcode/Archives/2026-04-14/iVooxApp 14-04-2026, 15.25.xcarchive/Products/Applications/ivooxNew.app/PlugIns/RichNotificationsExtensionUI.appex are []
2026-04-14 13:33:33 +0000  Archs to thin for item /Users/clseva/Library/Developer/Xcode/Archives/2026-04-14/iVooxApp 14-04-2026, 15.25.xcarchive/Products/Applications/ivooxNew.app/PlugIns/WidgetExtension.appex are []
2026-04-14 13:33:33 +0000  Archs to thin for item /Users/clseva/Library/Developer/Xcode/Archives/2026-04-14/iVooxApp 14-04-2026, 15.25.xcarchive/Products/Applications/ivooxNew.app/Watch/iVooxWatch.app are []
2026-04-14 13:33:33 +0000  Archs to thin for item /Users/clseva/Library/Developer/Xcode/Archives/2026-04-14/iVooxApp 14-04-2026, 15.25.xcarchive/Products/Applications/ivooxNew.app are []
2026-04-14 13:33:33 +0000  Processing step: IDEDistributionODRStep
2026-04-14 13:33:33 +0000  Processing step: IDEDistributionStripXattrsStep
2026-04-14 13:33:33 +0000  Skipping stripping extended attributes because the codesign step will strip them.
2026-04-14 13:33:33 +0000  Skipping stripping extended attributes because the codesign step will strip them.
2026-04-14 13:33:33 +0000  Skipping stripping extended attributes because the codesign step will strip them.
2026-04-14 13:33:33 +0000  Skipping stripping extended attributes because the codesign step will strip them.
2026-04-14 13:33:33 +0000  Skipping stripping extended attributes because the codesign step will strip them.
2026-04-14 13:33:33 +0000  Skipping stripping extended attributes because the codesign step will strip them.
2026-04-14 13:33:33 +0000  Skipping stripping extended attributes because the codesign step will strip them.
2026-04-14 13:33:33 +0000  Skipping stripping extended attributes because the codesign step will strip them.
2026-04-14 13:33:33 +0000  Skipping stripping extended attributes because the codesign step will strip them.
2026-04-14 13:33:33 +0000  Skipping stripping extended attributes because the codesign step will strip them.
2026-04-14 13:33:33 +0000  Skipping stripping extended attributes because the codesign step will strip them.
2026-04-14 13:33:33 +0000  Skipping stripping extended attributes because the codesign step will strip them.
2026-04-14 13:33:33 +0000  Skipping stripping extended attributes because the codesign step will strip them.
2026-04-14 13:33:33 +0000  Skipping stripping extended attributes because the codesign step will strip them.
2026-04-14 13:33:33 +0000  Skipping stripping extended attributes because the codesign step will strip them.
2026-04-14 13:33:33 +0000  Skipping stripping extended attributes because the codesign step will strip them.
2026-04-14 13:33:33 +0000  Skipping stripping extended attributes because the codesign step will strip them.
2026-04-14 13:33:33 +0000  Skipping stripping extended attributes because the codesign step will strip them.
2026-04-14 13:33:33 +0000  Skipping stripping extended attributes because the codesign step will strip them.
2026-04-14 13:33:33 +0000  Skipping stripping extended attributes because the codesign step will strip them.
2026-04-14 13:33:33 +0000  Skipping stripping extended attributes because the codesign step will strip them.
2026-04-14 13:33:33 +0000  Skipping stripping extended attributes because the codesign step will strip them.
2026-04-14 13:33:33 +0000  Skipping stripping extended attributes because the codesign step will strip them.
2026-04-14 13:33:33 +0000  Skipping stripping extended attributes because the codesign step will strip them.
2026-04-14 13:33:33 +0000  Skipping stripping extended attributes because the codesign step will strip them.
2026-04-14 13:33:33 +0000  Skipping stripping extended attributes because the codesign step will strip them.
2026-04-14 13:33:33 +0000  Skipping stripping extended attributes because the codesign step will strip them.
2026-04-14 13:33:33 +0000  Skipping stripping extended attributes because the codesign step will strip them.
2026-04-14 13:33:33 +0000  Skipping stripping extended attributes because the codesign step will strip them.
2026-04-14 13:33:33 +0000  Skipping stripping extended attributes because the codesign step will strip them.
2026-04-14 13:33:33 +0000  Skipping stripping extended attributes because the codesign step will strip them.
2026-04-14 13:33:33 +0000  Skipping stripping extended attributes because the codesign step will strip them.
2026-04-14 13:33:33 +0000  Skipping stripping extended attributes because the codesign step will strip them.
2026-04-14 13:33:33 +0000  Skipping stripping extended attributes because the codesign step will strip them.
2026-04-14 13:33:33 +0000  Skipping stripping extended attributes because the codesign step will strip them.
2026-04-14 13:33:33 +0000  Skipping stripping extended attributes because the codesign step will strip them.
2026-04-14 13:33:33 +0000  Skipping stripping extended attributes because the codesign step will strip them.
2026-04-14 13:33:33 +0000  Skipping stripping extended attributes because the codesign step will strip them.
2026-04-14 13:33:33 +0000  Skipping stripping extended attributes because the codesign step will strip them.
2026-04-14 13:33:33 +0000  Skipping stripping extended attributes because the codesign step will strip them.
2026-04-14 13:33:33 +0000  Skipping stripping extended attributes because the codesign step will strip them.
2026-04-14 13:33:33 +0000  Skipping stripping extended attributes because the codesign step will strip them.
2026-04-14 13:33:33 +0000  Skipping stripping extended attributes because the codesign step will strip them.
2026-04-14 13:33:33 +0000  Skipping stripping extended attributes because the codesign step will strip them.
2026-04-14 13:33:33 +0000  Skipping stripping extended attributes because the codesign step will strip them.
2026-04-14 13:33:33 +0000  Skipping stripping extended attributes because the codesign step will strip them.
2026-04-14 13:33:33 +0000  Skipping stripping extended attributes because the codesign step will strip them.
2026-04-14 13:33:33 +0000  Skipping stripping extended attributes because the codesign step will strip them.
2026-04-14 13:33:33 +0000  Skipping stripping extended attributes because the codesign step will strip them.
2026-04-14 13:33:33 +0000  Skipping stripping extended attributes because the codesign step will strip them.
2026-04-14 13:33:33 +0000  Skipping stripping extended attributes because the codesign step will strip them.
2026-04-14 13:33:33 +0000  Skipping stripping extended attributes because the codesign step will strip them.
2026-04-14 13:33:33 +0000  Skipping stripping extended attributes because the codesign step will strip them.
2026-04-14 13:33:33 +0000  Skipping stripping extended attributes because the codesign step will strip them.
2026-04-14 13:33:33 +0000  Skipping stripping extended attributes because the codesign step will strip them.
2026-04-14 13:33:33 +0000  Skipping stripping extended attributes because the codesign step will strip them.
2026-04-14 13:33:33 +0000  Skipping stripping extended attributes because the codesign step will strip them.
2026-04-14 13:33:33 +0000  Skipping stripping extended attributes because the codesign step will strip them.
2026-04-14 13:33:33 +0000  Skipping stripping extended attributes because the codesign step will strip them.
2026-04-14 13:33:33 +0000  Skipping stripping extended attributes because the codesign step will strip them.
2026-04-14 13:33:33 +0000  Skipping stripping extended attributes because the codesign step will strip them.
2026-04-14 13:33:33 +0000  Skipping stripping extended attributes because the codesign step will strip them.
2026-04-14 13:33:33 +0000  Skipping stripping extended attributes because the codesign step will strip them.
2026-04-14 13:33:33 +0000  Skipping stripping extended attributes because the codesign step will strip them.
2026-04-14 13:33:33 +0000  Skipping stripping extended attributes because the codesign step will strip them.
2026-04-14 13:33:33 +0000  Skipping stripping extended attributes because the codesign step will strip them.
2026-04-14 13:33:33 +0000  Skipping stripping extended attributes because the codesign step will strip them.
2026-04-14 13:33:33 +0000  Skipping stripping extended attributes because the codesign step will strip them.
2026-04-14 13:33:33 +0000  Skipping stripping extended attributes because the codesign step will strip them.
2026-04-14 13:33:33 +0000  Skipping stripping extended attributes because the codesign step will strip them.
2026-04-14 13:33:33 +0000  Skipping stripping extended attributes because the codesign step will strip them.
2026-04-14 13:33:33 +0000  Skipping stripping extended attributes because the codesign step will strip them.
2026-04-14 13:33:33 +0000  Skipping stripping extended attributes because the codesign step will strip them.
2026-04-14 13:33:33 +0000  Skipping stripping extended attributes because the codesign step will strip them.
2026-04-14 13:33:33 +0000  Skipping stripping extended attributes because the codesign step will strip them.
2026-04-14 13:33:33 +0000  Skipping stripping extended attributes because the codesign step will strip them.
2026-04-14 13:33:33 +0000  Skipping stripping extended attributes because the codesign step will strip them.
2026-04-14 13:33:33 +0000  Skipping stripping extended attributes because the codesign step will strip them.
2026-04-14 13:33:33 +0000  Processing step: IDEDistributionCodesignStep
2026-04-14 13:33:33 +0000  Entitlements for <IDEDistributionItem: 0x7c421ab80; bundleID='org.cocoapods.Alamofire', path='<DVTFilePath:0x7bf4cce00:'/Users/clseva/Library/Developer/Xcode/Archives/2026-04-14/iVooxApp 14-04-2026, 15.25.xcarchive/Products/Applications/ivooxNew.app/Watch/iVooxWatch.app/Frameworks/Alamofire.framework'>', codeSigningInfo='<_DVTCodeSigningInformation_Path: 0x7c4b4bba0; isSigned='1', isAdHocSigned='0', signingCertificate='<DVTSigningCertificate: 0x7c45fbcc0; name='Apple Distribution: iVoox Global Podcasting Service SL (GXW5YSU35M)', hash='B0336B54C8EE75D6A73481A7B34B1F9C75AAF5D3', serialNumber='11B69D8EB5EF84EBF19CD9772E089711', certificateKinds='(
    "1.2.840.113635.100.6.1.7",
    "1.2.840.113635.100.6.1.4"
), issueDate='2026-02-13 22:07:26 +0000''>', entitlements='(null)', teamID='GXW5YSU35M', identifier='org.cocoapods.Alamofire', executablePath='<DVTFilePath:0x7c49047e0:'/Users/clseva/Library/Developer/Xcode/Archives/2026-04-14/iVooxApp 14-04-2026, 15.25.xcarchive/Products/Applications/ivooxNew.app/Watch/iVooxWatch.app/Frameworks/Alamofire.framework/Alamofire'>', hardenedRuntime='0'>'>: {
}
2026-04-14 13:33:33 +0000  Associated App Clip Identifiers Filter: Skipping because "com.apple.developer.associated-appclip-app-identifiers" is not present
2026-04-14 13:33:33 +0000  Entitlements for <IDEDistributionItem: 0x7c421ab80; bundleID='org.cocoapods.Alamofire', path='<DVTFilePath:0x7bf4cce00:'/Users/clseva/Library/Developer/Xcode/Archives/2026-04-14/iVooxApp 14-04-2026, 15.25.xcarchive/Products/Applications/ivooxNew.app/Watch/iVooxWatch.app/Frameworks/Alamofire.framework'>', codeSigningInfo='<_DVTCodeSigningInformation_Path: 0x7c4b4bba0; isSigned='1', isAdHocSigned='0', signingCertificate='<DVTSigningCertificate: 0x7c45fa940; name='Apple Distribution: iVoox Global Podcasting Service SL (GXW5YSU35M)', hash='B0336B54C8EE75D6A73481A7B34B1F9C75AAF5D3', serialNumber='11B69D8EB5EF84EBF19CD9772E089711', certificateKinds='(
    "1.2.840.113635.100.6.1.7",
    "1.2.840.113635.100.6.1.4"
), issueDate='2026-02-13 22:07:26 +0000''>', entitlements='(null)', teamID='GXW5YSU35M', identifier='org.cocoapods.Alamofire', executablePath='<DVTFilePath:0x7c49047e0:'/Users/clseva/Library/Developer/Xcode/Archives/2026-04-14/iVooxApp 14-04-2026, 15.25.xcarchive/Products/Applications/ivooxNew.app/Watch/iVooxWatch.app/Frameworks/Alamofire.framework/Alamofire'>', hardenedRuntime='0'>'> are: {
}
2026-04-14 13:33:33 +0000  Writing entitlements for <IDEDistributionItem: 0x7c421ab80; bundleID='org.cocoapods.Alamofire', path='<DVTFilePath:0x7bf4cce00:'/Users/clseva/Library/Developer/Xcode/Archives/2026-04-14/iVooxApp 14-04-2026, 15.25.xcarchive/Products/Applications/ivooxNew.app/Watch/iVooxWatch.app/Frameworks/Alamofire.framework'>', codeSigningInfo='<_DVTCodeSigningInformation_Path: 0x7c4b4bba0; isSigned='1', isAdHocSigned='0', signingCertificate='<DVTSigningCertificate: 0x7c45fa940; name='Apple Distribution: iVoox Global Podcasting Service SL (GXW5YSU35M)', hash='B0336B54C8EE75D6A73481A7B34B1F9C75AAF5D3', serialNumber='11B69D8EB5EF84EBF19CD9772E089711', certificateKinds='(
    "1.2.840.113635.100.6.1.7",
    "1.2.840.113635.100.6.1.4"
), issueDate='2026-02-13 22:07:26 +0000''>', entitlements='(null)', teamID='GXW5YSU35M', identifier='org.cocoapods.Alamofire', executablePath='<DVTFilePath:0x7c49047e0:'/Users/clseva/Library/Developer/Xcode/Archives/2026-04-14/iVooxApp 14-04-2026, 15.25.xcarchive/Products/Applications/ivooxNew.app/Watch/iVooxWatch.app/Frameworks/Alamofire.framework/Alamofire'>', hardenedRuntime='0'>'> to: /var/folders/8p/5rgt27mj0jdb7dcpxdl3t5p80000gn/T/XcodeDistPipeline.~~~jGsUBi/entitlements~~~0OqbkN
2026-04-14 13:33:33 +0000  invoking codesign: <NSConcreteTask: 0x79ae828a0; launchPath='/usr/bin/codesign', arguments='(
    "-f",
    "-s",
    B0336B54C8EE75D6A73481A7B34B1F9C75AAF5D3,
    "--entitlements",
    "/var/folders/8p/5rgt27mj0jdb7dcpxdl3t5p80000gn/T/XcodeDistPipeline.~~~jGsUBi/entitlements~~~0OqbkN",
    "--preserve-metadata=identifier,flags,runtime,launch-constraints,library-constraints",
    "--generate-entitlement-der",
    "--strip-disallowed-xattrs",
    "-vvv",
    "/var/folders/8p/5rgt27mj0jdb7dcpxdl3t5p80000gn/T/XcodeDistPipeline.~~~jGsUBi/Root/Payload/ivooxNew.app/Watch/iVooxWatch.app/Frameworks/Alamofire.framework"
)'>
2026-04-14 13:33:33 +0000  codesign output: /var/folders/8p/5rgt27mj0jdb7dcpxdl3t5p80000gn/T/XcodeDistPipeline.~~~jGsUBi/Root/Payload/ivooxNew.app/Watch/iVooxWatch.app/Frameworks/Alamofire.framework: replacing existing signature
/var/folders/8p/5rgt27mj0jdb7dcpxdl3t5p80000gn/T/XcodeDistPipeline.~~~jGsUBi/Root/Payload/ivooxNew.app/Watch/iVooxWatch.app/Frameworks/Alamofire.framework: signed bundle with Mach-O universal (armv7k arm64 arm64_32) [org.cocoapods.Alamofire]
2026-04-14 13:33:33 +0000  Entitlements for <IDEDistributionItem: 0x7c4b4b1e0; bundleID='org.cocoapods.DeviceKit', path='<DVTFilePath:0x7bf4ccf50:'/Users/clseva/Library/Developer/Xcode/Archives/2026-04-14/iVooxApp 14-04-2026, 15.25.xcarchive/Products/Applications/ivooxNew.app/Watch/iVooxWatch.app/Frameworks/DeviceKit.framework'>', codeSigningInfo='<_DVTCodeSigningInformation_Path: 0x7c4b4adc0; isSigned='1', isAdHocSigned='0', signingCertificate='<DVTSigningCertificate: 0x7c45fbcc0; name='Apple Distribution: iVoox Global Podcasting Service SL (GXW5YSU35M)', hash='B0336B54C8EE75D6A73481A7B34B1F9C75AAF5D3', serialNumber='11B69D8EB5EF84EBF19CD9772E089711', certificateKinds='(
    "1.2.840.113635.100.6.1.7",
    "1.2.840.113635.100.6.1.4"
), issueDate='2026-02-13 22:07:26 +0000''>', entitlements='(null)', teamID='GXW5YSU35M', identifier='org.cocoapods.DeviceKit', executablePath='<DVTFilePath:0x7c4904cc0:'/Users/clseva/Library/Developer/Xcode/Archives/2026-04-14/iVooxApp 14-04-2026, 15.25.xcarchive/Products/Applications/ivooxNew.app/Watch/iVooxWatch.app/Frameworks/DeviceKit.framework/DeviceKit'>', hardenedRuntime='0'>'>: {
}
2026-04-14 13:33:33 +0000  Associated App Clip Identifiers Filter: Skipping because "com.apple.developer.associated-appclip-app-identifiers" is not present
2026-04-14 13:33:33 +0000  Entitlements for <IDEDistributionItem: 0x7c4b4b1e0; bundleID='org.cocoapods.DeviceKit', path='<DVTFilePath:0x7bf4ccf50:'/Users/clseva/Library/Developer/Xcode/Archives/2026-04-14/iVooxApp 14-04-2026, 15.25.xcarchive/Products/Applications/ivooxNew.app/Watch/iVooxWatch.app/Frameworks/DeviceKit.framework'>', codeSigningInfo='<_DVTCodeSigningInformation_Path: 0x7c4b4adc0; isSigned='1', isAdHocSigned='0', signingCertificate='<DVTSigningCertificate: 0x7c45fbb40; name='Apple Distribution: iVoox Global Podcasting Service SL (GXW5YSU35M)', hash='B0336B54C8EE75D6A73481A7B34B1F9C75AAF5D3', serialNumber='11B69D8EB5EF84EBF19CD9772E089711', certificateKinds='(
    "1.2.840.113635.100.6.1.7",
    "1.2.840.113635.100.6.1.4"
), issueDate='2026-02-13 22:07:26 +0000''>', entitlements='(null)', teamID='GXW5YSU35M', identifier='org.cocoapods.DeviceKit', executablePath='<DVTFilePath:0x7c4904cc0:'/Users/clseva/Library/Developer/Xcode/Archives/2026-04-14/iVooxApp 14-04-2026, 15.25.xcarchive/Products/Applications/ivooxNew.app/Watch/iVooxWatch.app/Frameworks/DeviceKit.framework/DeviceKit'>', hardenedRuntime='0'>'> are: {
}
2026-04-14 13:33:33 +0000  Writing entitlements for <IDEDistributionItem: 0x7c4b4b1e0; bundleID='org.cocoapods.DeviceKit', path='<DVTFilePath:0x7bf4ccf50:'/Users/clseva/Library/Developer/Xcode/Archives/2026-04-14/iVooxApp 14-04-2026, 15.25.xcarchive/Products/Applications/ivooxNew.app/Watch/iVooxWatch.app/Frameworks/DeviceKit.framework'>', codeSigningInfo='<_DVTCodeSigningInformation_Path: 0x7c4b4adc0; isSigned='1', isAdHocSigned='0', signingCertificate='<DVTSigningCertificate: 0x7c45fbb40; name='Apple Distribution: iVoox Global Podcasting Service SL (GXW5YSU35M)', hash='B0336B54C8EE75D6A73481A7B34B1F9C75AAF5D3', serialNumber='11B69D8EB5EF84EBF19CD9772E089711', certificateKinds='(
    "1.2.840.113635.100.6.1.7",
    "1.2.840.113635.100.6.1.4"
), issueDate='2026-02-13 22:07:26 +0000''>', entitlements='(null)', teamID='GXW5YSU35M', identifier='org.cocoapods.DeviceKit', executablePath='<DVTFilePath:0x7c4904cc0:'/Users/clseva/Library/Developer/Xcode/Archives/2026-04-14/iVooxApp 14-04-2026, 15.25.xcarchive/Products/Applications/ivooxNew.app/Watch/iVooxWatch.app/Frameworks/DeviceKit.framework/DeviceKit'>', hardenedRuntime='0'>'> to: /var/folders/8p/5rgt27mj0jdb7dcpxdl3t5p80000gn/T/XcodeDistPipeline.~~~jGsUBi/entitlements~~~uvumGh
2026-04-14 13:33:33 +0000  invoking codesign: <NSConcreteTask: 0x79ae82a30; launchPath='/usr/bin/codesign', arguments='(
    "-f",
    "-s",
    B0336B54C8EE75D6A73481A7B34B1F9C75AAF5D3,
    "--entitlements",
    "/var/folders/8p/5rgt27mj0jdb7dcpxdl3t5p80000gn/T/XcodeDistPipeline.~~~jGsUBi/entitlements~~~uvumGh",
    "--preserve-metadata=identifier,flags,runtime,launch-constraints,library-constraints",
    "--generate-entitlement-der",
    "--strip-disallowed-xattrs",
    "-vvv",
    "/var/folders/8p/5rgt27mj0jdb7dcpxdl3t5p80000gn/T/XcodeDistPipeline.~~~jGsUBi/Root/Payload/ivooxNew.app/Watch/iVooxWatch.app/Frameworks/DeviceKit.framework"
)'>
2026-04-14 13:33:33 +0000  codesign output: /var/folders/8p/5rgt27mj0jdb7dcpxdl3t5p80000gn/T/XcodeDistPipeline.~~~jGsUBi/Root/Payload/ivooxNew.app/Watch/iVooxWatch.app/Frameworks/DeviceKit.framework: replacing existing signature
/var/folders/8p/5rgt27mj0jdb7dcpxdl3t5p80000gn/T/XcodeDistPipeline.~~~jGsUBi/Root/Payload/ivooxNew.app/Watch/iVooxWatch.app/Frameworks/DeviceKit.framework: signed bundle with Mach-O universal (armv7k arm64 arm64_32) [org.cocoapods.DeviceKit]
2026-04-14 13:33:33 +0000  Entitlements for <IDEDistributionItem: 0x7c4b48360; bundleID='org.cocoapods.Kingfisher', path='<DVTFilePath:0x7bf4cd340:'/Users/clseva/Library/Developer/Xcode/Archives/2026-04-14/iVooxApp 14-04-2026, 15.25.xcarchive/Products/Applications/ivooxNew.app/Watch/iVooxWatch.app/Frameworks/Kingfisher.framework'>', codeSigningInfo='<_DVTCodeSigningInformation_Path: 0x7c4b4a6a0; isSigned='1', isAdHocSigned='0', signingCertificate='<DVTSigningCertificate: 0x7c45fbcc0; name='Apple Distribution: iVoox Global Podcasting Service SL (GXW5YSU35M)', hash='B0336B54C8EE75D6A73481A7B34B1F9C75AAF5D3', serialNumber='11B69D8EB5EF84EBF19CD9772E089711', certificateKinds='(
    "1.2.840.113635.100.6.1.7",
    "1.2.840.113635.100.6.1.4"
), issueDate='2026-02-13 22:07:26 +0000''>', entitlements='(null)', teamID='GXW5YSU35M', identifier='org.cocoapods.Kingfisher', executablePath='<DVTFilePath:0x7c4905260:'/Users/clseva/Library/Developer/Xcode/Archives/2026-04-14/iVooxApp 14-04-2026, 15.25.xcarchive/Products/Applications/ivooxNew.app/Watch/iVooxWatch.app/Frameworks/Kingfisher.framework/Kingfisher'>', hardenedRuntime='0'>'>: {
}
2026-04-14 13:33:33 +0000  Associated App Clip Identifiers Filter: Skipping because "com.apple.developer.associated-appclip-app-identifiers" is not present
2026-04-14 13:33:33 +0000  Entitlements for <IDEDistributionItem: 0x7c4b48360; bundleID='org.cocoapods.Kingfisher', path='<DVTFilePath:0x7bf4cd340:'/Users/clseva/Library/Developer/Xcode/Archives/2026-04-14/iVooxApp 14-04-2026, 15.25.xcarchive/Products/Applications/ivooxNew.app/Watch/iVooxWatch.app/Frameworks/Kingfisher.framework'>', codeSigningInfo='<_DVTCodeSigningInformation_Path: 0x7c4b4a6a0; isSigned='1', isAdHocSigned='0', signingCertificate='<DVTSigningCertificate: 0x7c45fadc0; name='Apple Distribution: iVoox Global Podcasting Service SL (GXW5YSU35M)', hash='B0336B54C8EE75D6A73481A7B34B1F9C75AAF5D3', serialNumber='11B69D8EB5EF84EBF19CD9772E089711', certificateKinds='(
    "1.2.840.113635.100.6.1.7",
    "1.2.840.113635.100.6.1.4"
), issueDate='2026-02-13 22:07:26 +0000''>', entitlements='(null)', teamID='GXW5YSU35M', identifier='org.cocoapods.Kingfisher', executablePath='<DVTFilePath:0x7c4905260:'/Users/clseva/Library/Developer/Xcode/Archives/2026-04-14/iVooxApp 14-04-2026, 15.25.xcarchive/Products/Applications/ivooxNew.app/Watch/iVooxWatch.app/Frameworks/Kingfisher.framework/Kingfisher'>', hardenedRuntime='0'>'> are: {
}
2026-04-14 13:33:33 +0000  Writing entitlements for <IDEDistributionItem: 0x7c4b48360; bundleID='org.cocoapods.Kingfisher', path='<DVTFilePath:0x7bf4cd340:'/Users/clseva/Library/Developer/Xcode/Archives/2026-04-14/iVooxApp 14-04-2026, 15.25.xcarchive/Products/Applications/ivooxNew.app/Watch/iVooxWatch.app/Frameworks/Kingfisher.framework'>', codeSigningInfo='<_DVTCodeSigningInformation_Path: 0x7c4b4a6a0; isSigned='1', isAdHocSigned='0', signingCertificate='<DVTSigningCertificate: 0x7c45fadc0; name='Apple Distribution: iVoox Global Podcasting Service SL (GXW5YSU35M)', hash='B0336B54C8EE75D6A73481A7B34B1F9C75AAF5D3', serialNumber='11B69D8EB5EF84EBF19CD9772E089711', certificateKinds='(
    "1.2.840.113635.100.6.1.7",
    "1.2.840.113635.100.6.1.4"
), issueDate='2026-02-13 22:07:26 +0000''>', entitlements='(null)', teamID='GXW5YSU35M', identifier='org.cocoapods.Kingfisher', executablePath='<DVTFilePath:0x7c4905260:'/Users/clseva/Library/Developer/Xcode/Archives/2026-04-14/iVooxApp 14-04-2026, 15.25.xcarchive/Products/Applications/ivooxNew.app/Watch/iVooxWatch.app/Frameworks/Kingfisher.framework/Kingfisher'>', hardenedRuntime='0'>'> to: /var/folders/8p/5rgt27mj0jdb7dcpxdl3t5p80000gn/T/XcodeDistPipeline.~~~jGsUBi/entitlements~~~yKBDBW
2026-04-14 13:33:33 +0000  invoking codesign: <NSConcreteTask: 0x79ae82a30; launchPath='/usr/bin/codesign', arguments='(
    "-f",
    "-s",
    B0336B54C8EE75D6A73481A7B34B1F9C75AAF5D3,
    "--entitlements",
    "/var/folders/8p/5rgt27mj0jdb7dcpxdl3t5p80000gn/T/XcodeDistPipeline.~~~jGsUBi/entitlements~~~yKBDBW",
    "--preserve-metadata=identifier,flags,runtime,launch-constraints,library-constraints",
    "--generate-entitlement-der",
    "--strip-disallowed-xattrs",
    "-vvv",
    "/var/folders/8p/5rgt27mj0jdb7dcpxdl3t5p80000gn/T/XcodeDistPipeline.~~~jGsUBi/Root/Payload/ivooxNew.app/Watch/iVooxWatch.app/Frameworks/Kingfisher.framework"
)'>
2026-04-14 13:33:34 +0000  codesign output: /var/folders/8p/5rgt27mj0jdb7dcpxdl3t5p80000gn/T/XcodeDistPipeline.~~~jGsUBi/Root/Payload/ivooxNew.app/Watch/iVooxWatch.app/Frameworks/Kingfisher.framework: replacing existing signature
/var/folders/8p/5rgt27mj0jdb7dcpxdl3t5p80000gn/T/XcodeDistPipeline.~~~jGsUBi/Root/Payload/ivooxNew.app/Watch/iVooxWatch.app/Frameworks/Kingfisher.framework: signed bundle with Mach-O universal (armv7k arm64 arm64_32) [org.cocoapods.Kingfisher]
2026-04-14 13:33:34 +0000  Entitlements for <IDEDistributionItem: 0x7c4b4ad60; bundleID='org.cocoapods.Moya', path='<DVTFilePath:0x7c49054a0:'/Users/clseva/Library/Developer/Xcode/Archives/2026-04-14/iVooxApp 14-04-2026, 15.25.xcarchive/Products/Applications/ivooxNew.app/Watch/iVooxWatch.app/Frameworks/Moya.framework'>', codeSigningInfo='<_DVTCodeSigningInformation_Path: 0x7c4b4a760; isSigned='1', isAdHocSigned='0', signingCertificate='<DVTSigningCertificate: 0x7c45fbcc0; name='Apple Distribution: iVoox Global Podcasting Service SL (GXW5YSU35M)', hash='B0336B54C8EE75D6A73481A7B34B1F9C75AAF5D3', serialNumber='11B69D8EB5EF84EBF19CD9772E089711', certificateKinds='(
    "1.2.840.113635.100.6.1.7",
    "1.2.840.113635.100.6.1.4"
), issueDate='2026-02-13 22:07:26 +0000''>', entitlements='(null)', teamID='GXW5YSU35M', identifier='org.cocoapods.Moya', executablePath='<DVTFilePath:0x7c49057a0:'/Users/clseva/Library/Developer/Xcode/Archives/2026-04-14/iVooxApp 14-04-2026, 15.25.xcarchive/Products/Applications/ivooxNew.app/Watch/iVooxWatch.app/Frameworks/Moya.framework/Moya'>', hardenedRuntime='0'>'>: {
}
2026-04-14 13:33:34 +0000  Associated App Clip Identifiers Filter: Skipping because "com.apple.developer.associated-appclip-app-identifiers" is not present
2026-04-14 13:33:34 +0000  Entitlements for <IDEDistributionItem: 0x7c4b4ad60; bundleID='org.cocoapods.Moya', path='<DVTFilePath:0x7c49054a0:'/Users/clseva/Library/Developer/Xcode/Archives/2026-04-14/iVooxApp 14-04-2026, 15.25.xcarchive/Products/Applications/ivooxNew.app/Watch/iVooxWatch.app/Frameworks/Moya.framework'>', codeSigningInfo='<_DVTCodeSigningInformation_Path: 0x7c4b4a760; isSigned='1', isAdHocSigned='0', signingCertificate='<DVTSigningCertificate: 0x7c45fa580; name='Apple Distribution: iVoox Global Podcasting Service SL (GXW5YSU35M)', hash='B0336B54C8EE75D6A73481A7B34B1F9C75AAF5D3', serialNumber='11B69D8EB5EF84EBF19CD9772E089711', certificateKinds='(
    "1.2.840.113635.100.6.1.7",
    "1.2.840.113635.100.6.1.4"
), issueDate='2026-02-13 22:07:26 +0000''>', entitlements='(null)', teamID='GXW5YSU35M', identifier='org.cocoapods.Moya', executablePath='<DVTFilePath:0x7c49057a0:'/Users/clseva/Library/Developer/Xcode/Archives/2026-04-14/iVooxApp 14-04-2026, 15.25.xcarchive/Products/Applications/ivooxNew.app/Watch/iVooxWatch.app/Frameworks/Moya.framework/Moya'>', hardenedRuntime='0'>'> are: {
}
2026-04-14 13:33:34 +0000  Writing entitlements for <IDEDistributionItem: 0x7c4b4ad60; bundleID='org.cocoapods.Moya', path='<DVTFilePath:0x7c49054a0:'/Users/clseva/Library/Developer/Xcode/Archives/2026-04-14/iVooxApp 14-04-2026, 15.25.xcarchive/Products/Applications/ivooxNew.app/Watch/iVooxWatch.app/Frameworks/Moya.framework'>', codeSigningInfo='<_DVTCodeSigningInformation_Path: 0x7c4b4a760; isSigned='1', isAdHocSigned='0', signingCertificate='<DVTSigningCertificate: 0x7c45fa580; name='Apple Distribution: iVoox Global Podcasting Service SL (GXW5YSU35M)', hash='B0336B54C8EE75D6A73481A7B34B1F9C75AAF5D3', serialNumber='11B69D8EB5EF84EBF19CD9772E089711', certificateKinds='(
    "1.2.840.113635.100.6.1.7",
    "1.2.840.113635.100.6.1.4"
), issueDate='2026-02-13 22:07:26 +0000''>', entitlements='(null)', teamID='GXW5YSU35M', identifier='org.cocoapods.Moya', executablePath='<DVTFilePath:0x7c49057a0:'/Users/clseva/Library/Developer/Xcode/Archives/2026-04-14/iVooxApp 14-04-2026, 15.25.xcarchive/Products/Applications/ivooxNew.app/Watch/iVooxWatch.app/Frameworks/Moya.framework/Moya'>', hardenedRuntime='0'>'> to: /var/folders/8p/5rgt27mj0jdb7dcpxdl3t5p80000gn/T/XcodeDistPipeline.~~~jGsUBi/entitlements~~~HmwpdE
2026-04-14 13:33:34 +0000  invoking codesign: <NSConcreteTask: 0x79ae82ad0; launchPath='/usr/bin/codesign', arguments='(
    "-f",
    "-s",
    B0336B54C8EE75D6A73481A7B34B1F9C75AAF5D3,
    "--entitlements",
    "/var/folders/8p/5rgt27mj0jdb7dcpxdl3t5p80000gn/T/XcodeDistPipeline.~~~jGsUBi/entitlements~~~HmwpdE",
    "--preserve-metadata=identifier,flags,runtime,launch-constraints,library-constraints",
    "--generate-entitlement-der",
    "--strip-disallowed-xattrs",
    "-vvv",
    "/var/folders/8p/5rgt27mj0jdb7dcpxdl3t5p80000gn/T/XcodeDistPipeline.~~~jGsUBi/Root/Payload/ivooxNew.app/Watch/iVooxWatch.app/Frameworks/Moya.framework"
)'>
2026-04-14 13:33:34 +0000  codesign output: /var/folders/8p/5rgt27mj0jdb7dcpxdl3t5p80000gn/T/XcodeDistPipeline.~~~jGsUBi/Root/Payload/ivooxNew.app/Watch/iVooxWatch.app/Frameworks/Moya.framework: replacing existing signature
/var/folders/8p/5rgt27mj0jdb7dcpxdl3t5p80000gn/T/XcodeDistPipeline.~~~jGsUBi/Root/Payload/ivooxNew.app/Watch/iVooxWatch.app/Frameworks/Moya.framework: signed bundle with Mach-O universal (armv7k arm64 arm64_32) [org.cocoapods.Moya]
2026-04-14 13:33:34 +0000  Entitlements for <IDEDistributionItem: 0x7c4b4a8e0; bundleID='org.cocoapods.ObjectMapper', path='<DVTFilePath:0x7bf4cd030:'/Users/clseva/Library/Developer/Xcode/Archives/2026-04-14/iVooxApp 14-04-2026, 15.25.xcarchive/Products/Applications/ivooxNew.app/Watch/iVooxWatch.app/Frameworks/ObjectMapper.framework'>', codeSigningInfo='<_DVTCodeSigningInformation_Path: 0x7c421a520; isSigned='1', isAdHocSigned='0', signingCertificate='<DVTSigningCertificate: 0x7c45fbcc0; name='Apple Distribution: iVoox Global Podcasting Service SL (GXW5YSU35M)', hash='B0336B54C8EE75D6A73481A7B34B1F9C75AAF5D3', serialNumber='11B69D8EB5EF84EBF19CD9772E089711', certificateKinds='(
    "1.2.840.113635.100.6.1.7",
    "1.2.840.113635.100.6.1.4"
), issueDate='2026-02-13 22:07:26 +0000''>', entitlements='(null)', teamID='GXW5YSU35M', identifier='org.cocoapods.ObjectMapper', executablePath='<DVTFilePath:0x7c4905b00:'/Users/clseva/Library/Developer/Xcode/Archives/2026-04-14/iVooxApp 14-04-2026, 15.25.xcarchive/Products/Applications/ivooxNew.app/Watch/iVooxWatch.app/Frameworks/ObjectMapper.framework/ObjectMapper'>', hardenedRuntime='0'>'>: {
}
2026-04-14 13:33:34 +0000  Associated App Clip Identifiers Filter: Skipping because "com.apple.developer.associated-appclip-app-identifiers" is not present
2026-04-14 13:33:34 +0000  Entitlements for <IDEDistributionItem: 0x7c4b4a8e0; bundleID='org.cocoapods.ObjectMapper', path='<DVTFilePath:0x7bf4cd030:'/Users/clseva/Library/Developer/Xcode/Archives/2026-04-14/iVooxApp 14-04-2026, 15.25.xcarchive/Products/Applications/ivooxNew.app/Watch/iVooxWatch.app/Frameworks/ObjectMapper.framework'>', codeSigningInfo='<_DVTCodeSigningInformation_Path: 0x7c421a520; isSigned='1', isAdHocSigned='0', signingCertificate='<DVTSigningCertificate: 0x7c45fa580; name='Apple Distribution: iVoox Global Podcasting Service SL (GXW5YSU35M)', hash='B0336B54C8EE75D6A73481A7B34B1F9C75AAF5D3', serialNumber='11B69D8EB5EF84EBF19CD9772E089711', certificateKinds='(
    "1.2.840.113635.100.6.1.7",
    "1.2.840.113635.100.6.1.4"
), issueDate='2026-02-13 22:07:26 +0000''>', entitlements='(null)', teamID='GXW5YSU35M', identifier='org.cocoapods.ObjectMapper', executablePath='<DVTFilePath:0x7c4905b00:'/Users/clseva/Library/Developer/Xcode/Archives/2026-04-14/iVooxApp 14-04-2026, 15.25.xcarchive/Products/Applications/ivooxNew.app/Watch/iVooxWatch.app/Frameworks/ObjectMapper.framework/ObjectMapper'>', hardenedRuntime='0'>'> are: {
}
2026-04-14 13:33:34 +0000  Writing entitlements for <IDEDistributionItem: 0x7c4b4a8e0; bundleID='org.cocoapods.ObjectMapper', path='<DVTFilePath:0x7bf4cd030:'/Users/clseva/Library/Developer/Xcode/Archives/2026-04-14/iVooxApp 14-04-2026, 15.25.xcarchive/Products/Applications/ivooxNew.app/Watch/iVooxWatch.app/Frameworks/ObjectMapper.framework'>', codeSigningInfo='<_DVTCodeSigningInformation_Path: 0x7c421a520; isSigned='1', isAdHocSigned='0', signingCertificate='<DVTSigningCertificate: 0x7c45fa580; name='Apple Distribution: iVoox Global Podcasting Service SL (GXW5YSU35M)', hash='B0336B54C8EE75D6A73481A7B34B1F9C75AAF5D3', serialNumber='11B69D8EB5EF84EBF19CD9772E089711', certificateKinds='(
    "1.2.840.113635.100.6.1.7",
    "1.2.840.113635.100.6.1.4"
), issueDate='2026-02-13 22:07:26 +0000''>', entitlements='(null)', teamID='GXW5YSU35M', identifier='org.cocoapods.ObjectMapper', executablePath='<DVTFilePath:0x7c4905b00:'/Users/clseva/Library/Developer/Xcode/Archives/2026-04-14/iVooxApp 14-04-2026, 15.25.xcarchive/Products/Applications/ivooxNew.app/Watch/iVooxWatch.app/Frameworks/ObjectMapper.framework/ObjectMapper'>', hardenedRuntime='0'>'> to: /var/folders/8p/5rgt27mj0jdb7dcpxdl3t5p80000gn/T/XcodeDistPipeline.~~~jGsUBi/entitlements~~~fLLkDs
2026-04-14 13:33:34 +0000  invoking codesign: <NSConcreteTask: 0x79ae82ad0; launchPath='/usr/bin/codesign', arguments='(
    "-f",
    "-s",
    B0336B54C8EE75D6A73481A7B34B1F9C75AAF5D3,
    "--entitlements",
    "/var/folders/8p/5rgt27mj0jdb7dcpxdl3t5p80000gn/T/XcodeDistPipeline.~~~jGsUBi/entitlements~~~fLLkDs",
    "--preserve-metadata=identifier,flags,runtime,launch-constraints,library-constraints",
    "--generate-entitlement-der",
    "--strip-disallowed-xattrs",
    "-vvv",
    "/var/folders/8p/5rgt27mj0jdb7dcpxdl3t5p80000gn/T/XcodeDistPipeline.~~~jGsUBi/Root/Payload/ivooxNew.app/Watch/iVooxWatch.app/Frameworks/ObjectMapper.framework"
)'>
2026-04-14 13:33:34 +0000  codesign output: /var/folders/8p/5rgt27mj0jdb7dcpxdl3t5p80000gn/T/XcodeDistPipeline.~~~jGsUBi/Root/Payload/ivooxNew.app/Watch/iVooxWatch.app/Frameworks/ObjectMapper.framework: replacing existing signature
/var/folders/8p/5rgt27mj0jdb7dcpxdl3t5p80000gn/T/XcodeDistPipeline.~~~jGsUBi/Root/Payload/ivooxNew.app/Watch/iVooxWatch.app/Frameworks/ObjectMapper.framework: signed bundle with Mach-O universal (armv7k arm64 arm64_32) [org.cocoapods.ObjectMapper]
2026-04-14 13:33:34 +0000  Entitlements for <IDEDistributionItem: 0x7c4b4ae80; bundleID='org.cocoapods.Realm', path='<DVTFilePath:0x7c4905da0:'/Users/clseva/Library/Developer/Xcode/Archives/2026-04-14/iVooxApp 14-04-2026, 15.25.xcarchive/Products/Applications/ivooxNew.app/Watch/iVooxWatch.app/Frameworks/Realm.framework'>', codeSigningInfo='<_DVTCodeSigningInformation_Path: 0x7c4b4a4c0; isSigned='1', isAdHocSigned='0', signingCertificate='<DVTSigningCertificate: 0x7c45fbcc0; name='Apple Distribution: iVoox Global Podcasting Service SL (GXW5YSU35M)', hash='B0336B54C8EE75D6A73481A7B34B1F9C75AAF5D3', serialNumber='11B69D8EB5EF84EBF19CD9772E089711', certificateKinds='(
    "1.2.840.113635.100.6.1.7",
    "1.2.840.113635.100.6.1.4"
), issueDate='2026-02-13 22:07:26 +0000''>', entitlements='(null)', teamID='GXW5YSU35M', identifier='org.cocoapods.Realm', executablePath='<DVTFilePath:0x7c49060a0:'/Users/clseva/Library/Developer/Xcode/Archives/2026-04-14/iVooxApp 14-04-2026, 15.25.xcarchive/Products/Applications/ivooxNew.app/Watch/iVooxWatch.app/Frameworks/Realm.framework/Realm'>', hardenedRuntime='0'>'>: {
}
2026-04-14 13:33:34 +0000  Associated App Clip Identifiers Filter: Skipping because "com.apple.developer.associated-appclip-app-identifiers" is not present
2026-04-14 13:33:34 +0000  Entitlements for <IDEDistributionItem: 0x7c4b4ae80; bundleID='org.cocoapods.Realm', path='<DVTFilePath:0x7c4905da0:'/Users/clseva/Library/Developer/Xcode/Archives/2026-04-14/iVooxApp 14-04-2026, 15.25.xcarchive/Products/Applications/ivooxNew.app/Watch/iVooxWatch.app/Frameworks/Realm.framework'>', codeSigningInfo='<_DVTCodeSigningInformation_Path: 0x7c4b4a4c0; isSigned='1', isAdHocSigned='0', signingCertificate='<DVTSigningCertificate: 0x7c45fa580; name='Apple Distribution: iVoox Global Podcasting Service SL (GXW5YSU35M)', hash='B0336B54C8EE75D6A73481A7B34B1F9C75AAF5D3', serialNumber='11B69D8EB5EF84EBF19CD9772E089711', certificateKinds='(
    "1.2.840.113635.100.6.1.7",
    "1.2.840.113635.100.6.1.4"
), issueDate='2026-02-13 22:07:26 +0000''>', entitlements='(null)', teamID='GXW5YSU35M', identifier='org.cocoapods.Realm', executablePath='<DVTFilePath:0x7c49060a0:'/Users/clseva/Library/Developer/Xcode/Archives/2026-04-14/iVooxApp 14-04-2026, 15.25.xcarchive/Products/Applications/ivooxNew.app/Watch/iVooxWatch.app/Frameworks/Realm.framework/Realm'>', hardenedRuntime='0'>'> are: {
}
2026-04-14 13:33:34 +0000  Writing entitlements for <IDEDistributionItem: 0x7c4b4ae80; bundleID='org.cocoapods.Realm', path='<DVTFilePath:0x7c4905da0:'/Users/clseva/Library/Developer/Xcode/Archives/2026-04-14/iVooxApp 14-04-2026, 15.25.xcarchive/Products/Applications/ivooxNew.app/Watch/iVooxWatch.app/Frameworks/Realm.framework'>', codeSigningInfo='<_DVTCodeSigningInformation_Path: 0x7c4b4a4c0; isSigned='1', isAdHocSigned='0', signingCertificate='<DVTSigningCertificate: 0x7c45fa580; name='Apple Distribution: iVoox Global Podcasting Service SL (GXW5YSU35M)', hash='B0336B54C8EE75D6A73481A7B34B1F9C75AAF5D3', serialNumber='11B69D8EB5EF84EBF19CD9772E089711', certificateKinds='(
    "1.2.840.113635.100.6.1.7",
    "1.2.840.113635.100.6.1.4"
), issueDate='2026-02-13 22:07:26 +0000''>', entitlements='(null)', teamID='GXW5YSU35M', identifier='org.cocoapods.Realm', executablePath='<DVTFilePath:0x7c49060a0:'/Users/clseva/Library/Developer/Xcode/Archives/2026-04-14/iVooxApp 14-04-2026, 15.25.xcarchive/Products/Applications/ivooxNew.app/Watch/iVooxWatch.app/Frameworks/Realm.framework/Realm'>', hardenedRuntime='0'>'> to: /var/folders/8p/5rgt27mj0jdb7dcpxdl3t5p80000gn/T/XcodeDistPipeline.~~~jGsUBi/entitlements~~~JbbvQr
2026-04-14 13:33:34 +0000  invoking codesign: <NSConcreteTask: 0x79ae82ad0; launchPath='/usr/bin/codesign', arguments='(
    "-f",
    "-s",
    B0336B54C8EE75D6A73481A7B34B1F9C75AAF5D3,
    "--entitlements",
    "/var/folders/8p/5rgt27mj0jdb7dcpxdl3t5p80000gn/T/XcodeDistPipeline.~~~jGsUBi/entitlements~~~JbbvQr",
    "--preserve-metadata=identifier,flags,runtime,launch-constraints,library-constraints",
    "--generate-entitlement-der",
    "--strip-disallowed-xattrs",
    "-vvv",
    "/var/folders/8p/5rgt27mj0jdb7dcpxdl3t5p80000gn/T/XcodeDistPipeline.~~~jGsUBi/Root/Payload/ivooxNew.app/Watch/iVooxWatch.app/Frameworks/Realm.framework"
)'>
2026-04-14 13:33:34 +0000  codesign output: /var/folders/8p/5rgt27mj0jdb7dcpxdl3t5p80000gn/T/XcodeDistPipeline.~~~jGsUBi/Root/Payload/ivooxNew.app/Watch/iVooxWatch.app/Frameworks/Realm.framework: replacing existing signature
/var/folders/8p/5rgt27mj0jdb7dcpxdl3t5p80000gn/T/XcodeDistPipeline.~~~jGsUBi/Root/Payload/ivooxNew.app/Watch/iVooxWatch.app/Frameworks/Realm.framework: signed bundle with Mach-O universal (armv7k arm64 arm64_32) [org.cocoapods.Realm]
2026-04-14 13:33:34 +0000  Entitlements for <IDEDistributionItem: 0x7c421aac0; bundleID='org.cocoapods.RealmSwift', path='<DVTFilePath:0x7bf4cd650:'/Users/clseva/Library/Developer/Xcode/Archives/2026-04-14/iVooxApp 14-04-2026, 15.25.xcarchive/Products/Applications/ivooxNew.app/Watch/iVooxWatch.app/Frameworks/RealmSwift.framework'>', codeSigningInfo='<_DVTCodeSigningInformation_Path: 0x7c421aa00; isSigned='1', isAdHocSigned='0', signingCertificate='<DVTSigningCertificate: 0x7c45fbcc0; name='Apple Distribution: iVoox Global Podcasting Service SL (GXW5YSU35M)', hash='B0336B54C8EE75D6A73481A7B34B1F9C75AAF5D3', serialNumber='11B69D8EB5EF84EBF19CD9772E089711', certificateKinds='(
    "1.2.840.113635.100.6.1.7",
    "1.2.840.113635.100.6.1.4"
), issueDate='2026-02-13 22:07:26 +0000''>', entitlements='(null)', teamID='GXW5YSU35M', identifier='org.cocoapods.RealmSwift', executablePath='<DVTFilePath:0x7c4906700:'/Users/clseva/Library/Developer/Xcode/Archives/2026-04-14/iVooxApp 14-04-2026, 15.25.xcarchive/Products/Applications/ivooxNew.app/Watch/iVooxWatch.app/Frameworks/RealmSwift.framework/RealmSwift'>', hardenedRuntime='0'>'>: {
}
2026-04-14 13:33:34 +0000  Associated App Clip Identifiers Filter: Skipping because "com.apple.developer.associated-appclip-app-identifiers" is not present
2026-04-14 13:33:34 +0000  Entitlements for <IDEDistributionItem: 0x7c421aac0; bundleID='org.cocoapods.RealmSwift', path='<DVTFilePath:0x7bf4cd650:'/Users/clseva/Library/Developer/Xcode/Archives/2026-04-14/iVooxApp 14-04-2026, 15.25.xcarchive/Products/Applications/ivooxNew.app/Watch/iVooxWatch.app/Frameworks/RealmSwift.framework'>', codeSigningInfo='<_DVTCodeSigningInformation_Path: 0x7c421aa00; isSigned='1', isAdHocSigned='0', signingCertificate='<DVTSigningCertificate: 0x7c45fa580; name='Apple Distribution: iVoox Global Podcasting Service SL (GXW5YSU35M)', hash='B0336B54C8EE75D6A73481A7B34B1F9C75AAF5D3', serialNumber='11B69D8EB5EF84EBF19CD9772E089711', certificateKinds='(
    "1.2.840.113635.100.6.1.7",
    "1.2.840.113635.100.6.1.4"
), issueDate='2026-02-13 22:07:26 +0000''>', entitlements='(null)', teamID='GXW5YSU35M', identifier='org.cocoapods.RealmSwift', executablePath='<DVTFilePath:0x7c4906700:'/Users/clseva/Library/Developer/Xcode/Archives/2026-04-14/iVooxApp 14-04-2026, 15.25.xcarchive/Products/Applications/ivooxNew.app/Watch/iVooxWatch.app/Frameworks/RealmSwift.framework/RealmSwift'>', hardenedRuntime='0'>'> are: {
}
2026-04-14 13:33:34 +0000  Writing entitlements for <IDEDistributionItem: 0x7c421aac0; bundleID='org.cocoapods.RealmSwift', path='<DVTFilePath:0x7bf4cd650:'/Users/clseva/Library/Developer/Xcode/Archives/2026-04-14/iVooxApp 14-04-2026, 15.25.xcarchive/Products/Applications/ivooxNew.app/Watch/iVooxWatch.app/Frameworks/RealmSwift.framework'>', codeSigningInfo='<_DVTCodeSigningInformation_Path: 0x7c421aa00; isSigned='1', isAdHocSigned='0', signingCertificate='<DVTSigningCertificate: 0x7c45fa580; name='Apple Distribution: iVoox Global Podcasting Service SL (GXW5YSU35M)', hash='B0336B54C8EE75D6A73481A7B34B1F9C75AAF5D3', serialNumber='11B69D8EB5EF84EBF19CD9772E089711', certificateKinds='(
    "1.2.840.113635.100.6.1.7",
    "1.2.840.113635.100.6.1.4"
), issueDate='2026-02-13 22:07:26 +0000''>', entitlements='(null)', teamID='GXW5YSU35M', identifier='org.cocoapods.RealmSwift', executablePath='<DVTFilePath:0x7c4906700:'/Users/clseva/Library/Developer/Xcode/Archives/2026-04-14/iVooxApp 14-04-2026, 15.25.xcarchive/Products/Applications/ivooxNew.app/Watch/iVooxWatch.app/Frameworks/RealmSwift.framework/RealmSwift'>', hardenedRuntime='0'>'> to: /var/folders/8p/5rgt27mj0jdb7dcpxdl3t5p80000gn/T/XcodeDistPipeline.~~~jGsUBi/entitlements~~~a6RBhe
2026-04-14 13:33:34 +0000  invoking codesign: <NSConcreteTask: 0x79df05450; launchPath='/usr/bin/codesign', arguments='(
    "-f",
    "-s",
    B0336B54C8EE75D6A73481A7B34B1F9C75AAF5D3,
    "--entitlements",
    "/var/folders/8p/5rgt27mj0jdb7dcpxdl3t5p80000gn/T/XcodeDistPipeline.~~~jGsUBi/entitlements~~~a6RBhe",
    "--preserve-metadata=identifier,flags,runtime,launch-constraints,library-constraints",
    "--generate-entitlement-der",
    "--strip-disallowed-xattrs",
    "-vvv",
    "/var/folders/8p/5rgt27mj0jdb7dcpxdl3t5p80000gn/T/XcodeDistPipeline.~~~jGsUBi/Root/Payload/ivooxNew.app/Watch/iVooxWatch.app/Frameworks/RealmSwift.framework"
)'>
2026-04-14 13:33:34 +0000  codesign output: /var/folders/8p/5rgt27mj0jdb7dcpxdl3t5p80000gn/T/XcodeDistPipeline.~~~jGsUBi/Root/Payload/ivooxNew.app/Watch/iVooxWatch.app/Frameworks/RealmSwift.framework: replacing existing signature
/var/folders/8p/5rgt27mj0jdb7dcpxdl3t5p80000gn/T/XcodeDistPipeline.~~~jGsUBi/Root/Payload/ivooxNew.app/Watch/iVooxWatch.app/Frameworks/RealmSwift.framework: signed bundle with Mach-O universal (armv7k arm64 arm64_32) [org.cocoapods.RealmSwift]
2026-04-14 13:33:34 +0000  Entitlements for <IDEDistributionItem: 0x7c4b48300; bundleID='org.cocoapods.RxSwift', path='<DVTFilePath:0x7bf4cd5e0:'/Users/clseva/Library/Developer/Xcode/Archives/2026-04-14/iVooxApp 14-04-2026, 15.25.xcarchive/Products/Applications/ivooxNew.app/Watch/iVooxWatch.app/Frameworks/RxSwift.framework'>', codeSigningInfo='<_DVTCodeSigningInformation_Path: 0x7c4b483c0; isSigned='1', isAdHocSigned='0', signingCertificate='<DVTSigningCertificate: 0x7c45fbcc0; name='Apple Distribution: iVoox Global Podcasting Service SL (GXW5YSU35M)', hash='B0336B54C8EE75D6A73481A7B34B1F9C75AAF5D3', serialNumber='11B69D8EB5EF84EBF19CD9772E089711', certificateKinds='(
    "1.2.840.113635.100.6.1.7",
    "1.2.840.113635.100.6.1.4"
), issueDate='2026-02-13 22:07:26 +0000''>', entitlements='(null)', teamID='GXW5YSU35M', identifier='org.cocoapods.RxSwift', executablePath='<DVTFilePath:0x7c4906a60:'/Users/clseva/Library/Developer/Xcode/Archives/2026-04-14/iVooxApp 14-04-2026, 15.25.xcarchive/Products/Applications/ivooxNew.app/Watch/iVooxWatch.app/Frameworks/RxSwift.framework/RxSwift'>', hardenedRuntime='0'>'>: {
}
2026-04-14 13:33:34 +0000  Associated App Clip Identifiers Filter: Skipping because "com.apple.developer.associated-appclip-app-identifiers" is not present
2026-04-14 13:33:34 +0000  Entitlements for <IDEDistributionItem: 0x7c4b48300; bundleID='org.cocoapods.RxSwift', path='<DVTFilePath:0x7bf4cd5e0:'/Users/clseva/Library/Developer/Xcode/Archives/2026-04-14/iVooxApp 14-04-2026, 15.25.xcarchive/Products/Applications/ivooxNew.app/Watch/iVooxWatch.app/Frameworks/RxSwift.framework'>', codeSigningInfo='<_DVTCodeSigningInformation_Path: 0x7c4b483c0; isSigned='1', isAdHocSigned='0', signingCertificate='<DVTSigningCertificate: 0x7c45fa580; name='Apple Distribution: iVoox Global Podcasting Service SL (GXW5YSU35M)', hash='B0336B54C8EE75D6A73481A7B34B1F9C75AAF5D3', serialNumber='11B69D8EB5EF84EBF19CD9772E089711', certificateKinds='(
    "1.2.840.113635.100.6.1.7",
    "1.2.840.113635.100.6.1.4"
), issueDate='2026-02-13 22:07:26 +0000''>', entitlements='(null)', teamID='GXW5YSU35M', identifier='org.cocoapods.RxSwift', executablePath='<DVTFilePath:0x7c4906a60:'/Users/clseva/Library/Developer/Xcode/Archives/2026-04-14/iVooxApp 14-04-2026, 15.25.xcarchive/Products/Applications/ivooxNew.app/Watch/iVooxWatch.app/Frameworks/RxSwift.framework/RxSwift'>', hardenedRuntime='0'>'> are: {
}
2026-04-14 13:33:34 +0000  Writing entitlements for <IDEDistributionItem: 0x7c4b48300; bundleID='org.cocoapods.RxSwift', path='<DVTFilePath:0x7bf4cd5e0:'/Users/clseva/Library/Developer/Xcode/Archives/2026-04-14/iVooxApp 14-04-2026, 15.25.xcarchive/Products/Applications/ivooxNew.app/Watch/iVooxWatch.app/Frameworks/RxSwift.framework'>', codeSigningInfo='<_DVTCodeSigningInformation_Path: 0x7c4b483c0; isSigned='1', isAdHocSigned='0', signingCertificate='<DVTSigningCertificate: 0x7c45fa580; name='Apple Distribution: iVoox Global Podcasting Service SL (GXW5YSU35M)', hash='B0336B54C8EE75D6A73481A7B34B1F9C75AAF5D3', serialNumber='11B69D8EB5EF84EBF19CD9772E089711', certificateKinds='(
    "1.2.840.113635.100.6.1.7",
    "1.2.840.113635.100.6.1.4"
), issueDate='2026-02-13 22:07:26 +0000''>', entitlements='(null)', teamID='GXW5YSU35M', identifier='org.cocoapods.RxSwift', executablePath='<DVTFilePath:0x7c4906a60:'/Users/clseva/Library/Developer/Xcode/Archives/2026-04-14/iVooxApp 14-04-2026, 15.25.xcarchive/Products/Applications/ivooxNew.app/Watch/iVooxWatch.app/Frameworks/RxSwift.framework/RxSwift'>', hardenedRuntime='0'>'> to: /var/folders/8p/5rgt27mj0jdb7dcpxdl3t5p80000gn/T/XcodeDistPipeline.~~~jGsUBi/entitlements~~~hgl0Ht
2026-04-14 13:33:34 +0000  invoking codesign: <NSConcreteTask: 0x79ae82df0; launchPath='/usr/bin/codesign', arguments='(
    "-f",
    "-s",
    B0336B54C8EE75D6A73481A7B34B1F9C75AAF5D3,
    "--entitlements",
    "/var/folders/8p/5rgt27mj0jdb7dcpxdl3t5p80000gn/T/XcodeDistPipeline.~~~jGsUBi/entitlements~~~hgl0Ht",
    "--preserve-metadata=identifier,flags,runtime,launch-constraints,library-constraints",
    "--generate-entitlement-der",
    "--strip-disallowed-xattrs",
    "-vvv",
    "/var/folders/8p/5rgt27mj0jdb7dcpxdl3t5p80000gn/T/XcodeDistPipeline.~~~jGsUBi/Root/Payload/ivooxNew.app/Watch/iVooxWatch.app/Frameworks/RxSwift.framework"
)'>
2026-04-14 13:33:34 +0000  codesign output: /var/folders/8p/5rgt27mj0jdb7dcpxdl3t5p80000gn/T/XcodeDistPipeline.~~~jGsUBi/Root/Payload/ivooxNew.app/Watch/iVooxWatch.app/Frameworks/RxSwift.framework: replacing existing signature
/var/folders/8p/5rgt27mj0jdb7dcpxdl3t5p80000gn/T/XcodeDistPipeline.~~~jGsUBi/Root/Payload/ivooxNew.app/Watch/iVooxWatch.app/Frameworks/RxSwift.framework: signed bundle with Mach-O universal (armv7k arm64 arm64_32) [org.cocoapods.RxSwift]
2026-04-14 13:33:34 +0000  Entitlements for <IDEDistributionItem: 0x7c20cafa0; bundleID='com.alamofire.AFNetworking', path='<DVTFilePath:0x7c46bdf80:'/Users/clseva/Library/Developer/Xcode/Archives/2026-04-14/iVooxApp 14-04-2026, 15.25.xcarchive/Products/Applications/ivooxNew.app/Frameworks/AFNetworking.framework'>', codeSigningInfo='<_DVTCodeSigningInformation_Path: 0x7c20cb960; isSigned='1', isAdHocSigned='0', signingCertificate='<DVTSigningCertificate: 0x7c45fbcc0; name='Apple Distribution: iVoox Global Podcasting Service SL (GXW5YSU35M)', hash='B0336B54C8EE75D6A73481A7B34B1F9C75AAF5D3', serialNumber='11B69D8EB5EF84EBF19CD9772E089711', certificateKinds='(
    "1.2.840.113635.100.6.1.7",
    "1.2.840.113635.100.6.1.4"
), issueDate='2026-02-13 22:07:26 +0000''>', entitlements='(null)', teamID='GXW5YSU35M', identifier='com.alamofire.AFNetworking', executablePath='<DVTFilePath:0x7c4a609c0:'/Users/clseva/Library/Developer/Xcode/Archives/2026-04-14/iVooxApp 14-04-2026, 15.25.xcarchive/Products/Applications/ivooxNew.app/Frameworks/AFNetworking.framework/AFNetworking'>', hardenedRuntime='0'>'>: {
}
2026-04-14 13:33:34 +0000  Associated App Clip Identifiers Filter: Skipping because "com.apple.developer.associated-appclip-app-identifiers" is not present
2026-04-14 13:33:34 +0000  Entitlements for <IDEDistributionItem: 0x7c20cafa0; bundleID='com.alamofire.AFNetworking', path='<DVTFilePath:0x7c46bdf80:'/Users/clseva/Library/Developer/Xcode/Archives/2026-04-14/iVooxApp 14-04-2026, 15.25.xcarchive/Products/Applications/ivooxNew.app/Frameworks/AFNetworking.framework'>', codeSigningInfo='<_DVTCodeSigningInformation_Path: 0x7c20cb960; isSigned='1', isAdHocSigned='0', signingCertificate='<DVTSigningCertificate: 0x7c45fa580; name='Apple Distribution: iVoox Global Podcasting Service SL (GXW5YSU35M)', hash='B0336B54C8EE75D6A73481A7B34B1F9C75AAF5D3', serialNumber='11B69D8EB5EF84EBF19CD9772E089711', certificateKinds='(
    "1.2.840.113635.100.6.1.7",
    "1.2.840.113635.100.6.1.4"
), issueDate='2026-02-13 22:07:26 +0000''>', entitlements='(null)', teamID='GXW5YSU35M', identifier='com.alamofire.AFNetworking', executablePath='<DVTFilePath:0x7c4a609c0:'/Users/clseva/Library/Developer/Xcode/Archives/2026-04-14/iVooxApp 14-04-2026, 15.25.xcarchive/Products/Applications/ivooxNew.app/Frameworks/AFNetworking.framework/AFNetworking'>', hardenedRuntime='0'>'> are: {
}
2026-04-14 13:33:34 +0000  Writing entitlements for <IDEDistributionItem: 0x7c20cafa0; bundleID='com.alamofire.AFNetworking', path='<DVTFilePath:0x7c46bdf80:'/Users/clseva/Library/Developer/Xcode/Archives/2026-04-14/iVooxApp 14-04-2026, 15.25.xcarchive/Products/Applications/ivooxNew.app/Frameworks/AFNetworking.framework'>', codeSigningInfo='<_DVTCodeSigningInformation_Path: 0x7c20cb960; isSigned='1', isAdHocSigned='0', signingCertificate='<DVTSigningCertificate: 0x7c45fa580; name='Apple Distribution: iVoox Global Podcasting Service SL (GXW5YSU35M)', hash='B0336B54C8EE75D6A73481A7B34B1F9C75AAF5D3', serialNumber='11B69D8EB5EF84EBF19CD9772E089711', certificateKinds='(
    "1.2.840.113635.100.6.1.7",
    "1.2.840.113635.100.6.1.4"
), issueDate='2026-02-13 22:07:26 +0000''>', entitlements='(null)', teamID='GXW5YSU35M', identifier='com.alamofire.AFNetworking', executablePath='<DVTFilePath:0x7c4a609c0:'/Users/clseva/Library/Developer/Xcode/Archives/2026-04-14/iVooxApp 14-04-2026, 15.25.xcarchive/Products/Applications/ivooxNew.app/Frameworks/AFNetworking.framework/AFNetworking'>', hardenedRuntime='0'>'> to: /var/folders/8p/5rgt27mj0jdb7dcpxdl3t5p80000gn/T/XcodeDistPipeline.~~~jGsUBi/entitlements~~~YstIdE
2026-04-14 13:33:34 +0000  invoking codesign: <NSConcreteTask: 0x79ae82df0; launchPath='/usr/bin/codesign', arguments='(
    "-f",
    "-s",
    B0336B54C8EE75D6A73481A7B34B1F9C75AAF5D3,
    "--entitlements",
    "/var/folders/8p/5rgt27mj0jdb7dcpxdl3t5p80000gn/T/XcodeDistPipeline.~~~jGsUBi/entitlements~~~YstIdE",
    "--preserve-metadata=identifier,flags,runtime,launch-constraints,library-constraints",
    "--generate-entitlement-der",
    "--strip-disallowed-xattrs",
    "-vvv",
    "/var/folders/8p/5rgt27mj0jdb7dcpxdl3t5p80000gn/T/XcodeDistPipeline.~~~jGsUBi/Root/Payload/ivooxNew.app/Frameworks/AFNetworking.framework"
)'>
2026-04-14 13:33:34 +0000  codesign output: /var/folders/8p/5rgt27mj0jdb7dcpxdl3t5p80000gn/T/XcodeDistPipeline.~~~jGsUBi/Root/Payload/ivooxNew.app/Frameworks/AFNetworking.framework: replacing existing signature
/var/folders/8p/5rgt27mj0jdb7dcpxdl3t5p80000gn/T/XcodeDistPipeline.~~~jGsUBi/Root/Payload/ivooxNew.app/Frameworks/AFNetworking.framework: signed bundle with Mach-O thin (arm64) [com.alamofire.AFNetworking]
2026-04-14 13:33:34 +0000  Entitlements for <IDEDistributionItem: 0x7c4219aa0; bundleID='org.cocoapods.AdjustSdk', path='<DVTFilePath:0x7c46c1730:'/Users/clseva/Library/Developer/Xcode/Archives/2026-04-14/iVooxApp 14-04-2026, 15.25.xcarchive/Products/Applications/ivooxNew.app/Frameworks/AdjustSdk.framework'>', codeSigningInfo='<_DVTCodeSigningInformation_Path: 0x7c20c9c20; isSigned='1', isAdHocSigned='0', signingCertificate='<DVTSigningCertificate: 0x7c45fbcc0; name='Apple Distribution: iVoox Global Podcasting Service SL (GXW5YSU35M)', hash='B0336B54C8EE75D6A73481A7B34B1F9C75AAF5D3', serialNumber='11B69D8EB5EF84EBF19CD9772E089711', certificateKinds='(
    "1.2.840.113635.100.6.1.7",
    "1.2.840.113635.100.6.1.4"
), issueDate='2026-02-13 22:07:26 +0000''>', entitlements='(null)', teamID='GXW5YSU35M', identifier='org.cocoapods.AdjustSdk', executablePath='<DVTFilePath:0x7c4a179c0:'/Users/clseva/Library/Developer/Xcode/Archives/2026-04-14/iVooxApp 14-04-2026, 15.25.xcarchive/Products/Applications/ivooxNew.app/Frameworks/AdjustSdk.framework/AdjustSdk'>', hardenedRuntime='0'>'>: {
}
2026-04-14 13:33:34 +0000  Associated App Clip Identifiers Filter: Skipping because "com.apple.developer.associated-appclip-app-identifiers" is not present
2026-04-14 13:33:34 +0000  Entitlements for <IDEDistributionItem: 0x7c4219aa0; bundleID='org.cocoapods.AdjustSdk', path='<DVTFilePath:0x7c46c1730:'/Users/clseva/Library/Developer/Xcode/Archives/2026-04-14/iVooxApp 14-04-2026, 15.25.xcarchive/Products/Applications/ivooxNew.app/Frameworks/AdjustSdk.framework'>', codeSigningInfo='<_DVTCodeSigningInformation_Path: 0x7c20c9c20; isSigned='1', isAdHocSigned='0', signingCertificate='<DVTSigningCertificate: 0x7c45fa580; name='Apple Distribution: iVoox Global Podcasting Service SL (GXW5YSU35M)', hash='B0336B54C8EE75D6A73481A7B34B1F9C75AAF5D3', serialNumber='11B69D8EB5EF84EBF19CD9772E089711', certificateKinds='(
    "1.2.840.113635.100.6.1.7",
    "1.2.840.113635.100.6.1.4"
), issueDate='2026-02-13 22:07:26 +0000''>', entitlements='(null)', teamID='GXW5YSU35M', identifier='org.cocoapods.AdjustSdk', executablePath='<DVTFilePath:0x7c4a179c0:'/Users/clseva/Library/Developer/Xcode/Archives/2026-04-14/iVooxApp 14-04-2026, 15.25.xcarchive/Products/Applications/ivooxNew.app/Frameworks/AdjustSdk.framework/AdjustSdk'>', hardenedRuntime='0'>'> are: {
}
2026-04-14 13:33:34 +0000  Writing entitlements for <IDEDistributionItem: 0x7c4219aa0; bundleID='org.cocoapods.AdjustSdk', path='<DVTFilePath:0x7c46c1730:'/Users/clseva/Library/Developer/Xcode/Archives/2026-04-14/iVooxApp 14-04-2026, 15.25.xcarchive/Products/Applications/ivooxNew.app/Frameworks/AdjustSdk.framework'>', codeSigningInfo='<_DVTCodeSigningInformation_Path: 0x7c20c9c20; isSigned='1', isAdHocSigned='0', signingCertificate='<DVTSigningCertificate: 0x7c45fa580; name='Apple Distribution: iVoox Global Podcasting Service SL (GXW5YSU35M)', hash='B0336B54C8EE75D6A73481A7B34B1F9C75AAF5D3', serialNumber='11B69D8EB5EF84EBF19CD9772E089711', certificateKinds='(
    "1.2.840.113635.100.6.1.7",
    "1.2.840.113635.100.6.1.4"
), issueDate='2026-02-13 22:07:26 +0000''>', entitlements='(null)', teamID='GXW5YSU35M', identifier='org.cocoapods.AdjustSdk', executablePath='<DVTFilePath:0x7c4a179c0:'/Users/clseva/Library/Developer/Xcode/Archives/2026-04-14/iVooxApp 14-04-2026, 15.25.xcarchive/Products/Applications/ivooxNew.app/Frameworks/AdjustSdk.framework/AdjustSdk'>', hardenedRuntime='0'>'> to: /var/folders/8p/5rgt27mj0jdb7dcpxdl3t5p80000gn/T/XcodeDistPipeline.~~~jGsUBi/entitlements~~~6wHdzI
2026-04-14 13:33:34 +0000  invoking codesign: <NSConcreteTask: 0x79ae82df0; launchPath='/usr/bin/codesign', arguments='(
    "-f",
    "-s",
    B0336B54C8EE75D6A73481A7B34B1F9C75AAF5D3,
    "--entitlements",
    "/var/folders/8p/5rgt27mj0jdb7dcpxdl3t5p80000gn/T/XcodeDistPipeline.~~~jGsUBi/entitlements~~~6wHdzI",
    "--preserve-metadata=identifier,flags,runtime,launch-constraints,library-constraints",
    "--generate-entitlement-der",
    "--strip-disallowed-xattrs",
    "-vvv",
    "/var/folders/8p/5rgt27mj0jdb7dcpxdl3t5p80000gn/T/XcodeDistPipeline.~~~jGsUBi/Root/Payload/ivooxNew.app/Frameworks/AdjustSdk.framework"
)'>
2026-04-14 13:33:34 +0000  codesign output: /var/folders/8p/5rgt27mj0jdb7dcpxdl3t5p80000gn/T/XcodeDistPipeline.~~~jGsUBi/Root/Payload/ivooxNew.app/Frameworks/AdjustSdk.framework: replacing existing signature
/var/folders/8p/5rgt27mj0jdb7dcpxdl3t5p80000gn/T/XcodeDistPipeline.~~~jGsUBi/Root/Payload/ivooxNew.app/Frameworks/AdjustSdk.framework: signed bundle with Mach-O thin (arm64) [org.cocoapods.AdjustSdk]
2026-04-14 13:33:34 +0000  Entitlements for <IDEDistributionItem: 0x7c20c8de0; bundleID='com.adjust.sdk.sig', path='<DVTFilePath:0x7c46b3090:'/Users/clseva/Library/Developer/Xcode/Archives/2026-04-14/iVooxApp 14-04-2026, 15.25.xcarchive/Products/Applications/ivooxNew.app/Frameworks/AdjustSigSdk.framework'>', codeSigningInfo='<_DVTCodeSigningInformation_Path: 0x7c20cb060; isSigned='1', isAdHocSigned='0', signingCertificate='<DVTSigningCertificate: 0x7c45fbcc0; name='Apple Distribution: iVoox Global Podcasting Service SL (GXW5YSU35M)', hash='B0336B54C8EE75D6A73481A7B34B1F9C75AAF5D3', serialNumber='11B69D8EB5EF84EBF19CD9772E089711', certificateKinds='(
    "1.2.840.113635.100.6.1.7",
    "1.2.840.113635.100.6.1.4"
), issueDate='2026-02-13 22:07:26 +0000''>', entitlements='(null)', teamID='GXW5YSU35M', identifier='com.adjust.sdk.sig', executablePath='<DVTFilePath:0x7c49e6820:'/Users/clseva/Library/Developer/Xcode/Archives/2026-04-14/iVooxApp 14-04-2026, 15.25.xcarchive/Products/Applications/ivooxNew.app/Frameworks/AdjustSigSdk.framework/AdjustSigSdk'>', hardenedRuntime='0'>'>: {
}
2026-04-14 13:33:34 +0000  Associated App Clip Identifiers Filter: Skipping because "com.apple.developer.associated-appclip-app-identifiers" is not present
2026-04-14 13:33:34 +0000  Entitlements for <IDEDistributionItem: 0x7c20c8de0; bundleID='com.adjust.sdk.sig', path='<DVTFilePath:0x7c46b3090:'/Users/clseva/Library/Developer/Xcode/Archives/2026-04-14/iVooxApp 14-04-2026, 15.25.xcarchive/Products/Applications/ivooxNew.app/Frameworks/AdjustSigSdk.framework'>', codeSigningInfo='<_DVTCodeSigningInformation_Path: 0x7c20cb060; isSigned='1', isAdHocSigned='0', signingCertificate='<DVTSigningCertificate: 0x7c45fa580; name='Apple Distribution: iVoox Global Podcasting Service SL (GXW5YSU35M)', hash='B0336B54C8EE75D6A73481A7B34B1F9C75AAF5D3', serialNumber='11B69D8EB5EF84EBF19CD9772E089711', certificateKinds='(
    "1.2.840.113635.100.6.1.7",
    "1.2.840.113635.100.6.1.4"
), issueDate='2026-02-13 22:07:26 +0000''>', entitlements='(null)', teamID='GXW5YSU35M', identifier='com.adjust.sdk.sig', executablePath='<DVTFilePath:0x7c49e6820:'/Users/clseva/Library/Developer/Xcode/Archives/2026-04-14/iVooxApp 14-04-2026, 15.25.xcarchive/Products/Applications/ivooxNew.app/Frameworks/AdjustSigSdk.framework/AdjustSigSdk'>', hardenedRuntime='0'>'> are: {
}
2026-04-14 13:33:34 +0000  Writing entitlements for <IDEDistributionItem: 0x7c20c8de0; bundleID='com.adjust.sdk.sig', path='<DVTFilePath:0x7c46b3090:'/Users/clseva/Library/Developer/Xcode/Archives/2026-04-14/iVooxApp 14-04-2026, 15.25.xcarchive/Products/Applications/ivooxNew.app/Frameworks/AdjustSigSdk.framework'>', codeSigningInfo='<_DVTCodeSigningInformation_Path: 0x7c20cb060; isSigned='1', isAdHocSigned='0', signingCertificate='<DVTSigningCertificate: 0x7c45fa580; name='Apple Distribution: iVoox Global Podcasting Service SL (GXW5YSU35M)', hash='B0336B54C8EE75D6A73481A7B34B1F9C75AAF5D3', serialNumber='11B69D8EB5EF84EBF19CD9772E089711', certificateKinds='(
    "1.2.840.113635.100.6.1.7",
    "1.2.840.113635.100.6.1.4"
), issueDate='2026-02-13 22:07:26 +0000''>', entitlements='(null)', teamID='GXW5YSU35M', identifier='com.adjust.sdk.sig', executablePath='<DVTFilePath:0x7c49e6820:'/Users/clseva/Library/Developer/Xcode/Archives/2026-04-14/iVooxApp 14-04-2026, 15.25.xcarchive/Products/Applications/ivooxNew.app/Frameworks/AdjustSigSdk.framework/AdjustSigSdk'>', hardenedRuntime='0'>'> to: /var/folders/8p/5rgt27mj0jdb7dcpxdl3t5p80000gn/T/XcodeDistPipeline.~~~jGsUBi/entitlements~~~86Uga5
2026-04-14 13:33:34 +0000  invoking codesign: <NSConcreteTask: 0x79ae82df0; launchPath='/usr/bin/codesign', arguments='(
    "-f",
    "-s",
    B0336B54C8EE75D6A73481A7B34B1F9C75AAF5D3,
    "--entitlements",
    "/var/folders/8p/5rgt27mj0jdb7dcpxdl3t5p80000gn/T/XcodeDistPipeline.~~~jGsUBi/entitlements~~~86Uga5",
    "--preserve-metadata=identifier,flags,runtime,launch-constraints,library-constraints",
    "--generate-entitlement-der",
    "--strip-disallowed-xattrs",
    "-vvv",
    "/var/folders/8p/5rgt27mj0jdb7dcpxdl3t5p80000gn/T/XcodeDistPipeline.~~~jGsUBi/Root/Payload/ivooxNew.app/Frameworks/AdjustSigSdk.framework"
)'>
2026-04-14 13:33:34 +0000  codesign output: /var/folders/8p/5rgt27mj0jdb7dcpxdl3t5p80000gn/T/XcodeDistPipeline.~~~jGsUBi/Root/Payload/ivooxNew.app/Frameworks/AdjustSigSdk.framework: replacing existing signature
/var/folders/8p/5rgt27mj0jdb7dcpxdl3t5p80000gn/T/XcodeDistPipeline.~~~jGsUBi/Root/Payload/ivooxNew.app/Frameworks/AdjustSigSdk.framework: signed bundle with Mach-O thin (arm64) [com.adjust.sdk.sig]
2026-04-14 13:33:34 +0000  Entitlements for <IDEDistributionItem: 0x7c4b4bc60; bundleID='org.cocoapods.Amplitude', path='<DVTFilePath:0x7c46c1ce0:'/Users/clseva/Library/Developer/Xcode/Archives/2026-04-14/iVooxApp 14-04-2026, 15.25.xcarchive/Products/Applications/ivooxNew.app/Frameworks/Amplitude.framework'>', codeSigningInfo='<_DVTCodeSigningInformation_Path: 0x7c4b4bcc0; isSigned='1', isAdHocSigned='0', signingCertificate='<DVTSigningCertificate: 0x7c45fbcc0; name='Apple Distribution: iVoox Global Podcasting Service SL (GXW5YSU35M)', hash='B0336B54C8EE75D6A73481A7B34B1F9C75AAF5D3', serialNumber='11B69D8EB5EF84EBF19CD9772E089711', certificateKinds='(
    "1.2.840.113635.100.6.1.7",
    "1.2.840.113635.100.6.1.4"
), issueDate='2026-02-13 22:07:26 +0000''>', entitlements='(null)', teamID='GXW5YSU35M', identifier='org.cocoapods.Amplitude', executablePath='<DVTFilePath:0x7c4a29200:'/Users/clseva/Library/Developer/Xcode/Archives/2026-04-14/iVooxApp 14-04-2026, 15.25.xcarchive/Products/Applications/ivooxNew.app/Frameworks/Amplitude.framework/Amplitude'>', hardenedRuntime='0'>'>: {
}
2026-04-14 13:33:34 +0000  Associated App Clip Identifiers Filter: Skipping because "com.apple.developer.associated-appclip-app-identifiers" is not present
2026-04-14 13:33:34 +0000  Entitlements for <IDEDistributionItem: 0x7c4b4bc60; bundleID='org.cocoapods.Amplitude', path='<DVTFilePath:0x7c46c1ce0:'/Users/clseva/Library/Developer/Xcode/Archives/2026-04-14/iVooxApp 14-04-2026, 15.25.xcarchive/Products/Applications/ivooxNew.app/Frameworks/Amplitude.framework'>', codeSigningInfo='<_DVTCodeSigningInformation_Path: 0x7c4b4bcc0; isSigned='1', isAdHocSigned='0', signingCertificate='<DVTSigningCertificate: 0x7c45fa580; name='Apple Distribution: iVoox Global Podcasting Service SL (GXW5YSU35M)', hash='B0336B54C8EE75D6A73481A7B34B1F9C75AAF5D3', serialNumber='11B69D8EB5EF84EBF19CD9772E089711', certificateKinds='(
    "1.2.840.113635.100.6.1.7",
    "1.2.840.113635.100.6.1.4"
), issueDate='2026-02-13 22:07:26 +0000''>', entitlements='(null)', teamID='GXW5YSU35M', identifier='org.cocoapods.Amplitude', executablePath='<DVTFilePath:0x7c4a29200:'/Users/clseva/Library/Developer/Xcode/Archives/2026-04-14/iVooxApp 14-04-2026, 15.25.xcarchive/Products/Applications/ivooxNew.app/Frameworks/Amplitude.framework/Amplitude'>', hardenedRuntime='0'>'> are: {
}
2026-04-14 13:33:34 +0000  Writing entitlements for <IDEDistributionItem: 0x7c4b4bc60; bundleID='org.cocoapods.Amplitude', path='<DVTFilePath:0x7c46c1ce0:'/Users/clseva/Library/Developer/Xcode/Archives/2026-04-14/iVooxApp 14-04-2026, 15.25.xcarchive/Products/Applications/ivooxNew.app/Frameworks/Amplitude.framework'>', codeSigningInfo='<_DVTCodeSigningInformation_Path: 0x7c4b4bcc0; isSigned='1', isAdHocSigned='0', signingCertificate='<DVTSigningCertificate: 0x7c45fa580; name='Apple Distribution: iVoox Global Podcasting Service SL (GXW5YSU35M)', hash='B0336B54C8EE75D6A73481A7B34B1F9C75AAF5D3', serialNumber='11B69D8EB5EF84EBF19CD9772E089711', certificateKinds='(
    "1.2.840.113635.100.6.1.7",
    "1.2.840.113635.100.6.1.4"
), issueDate='2026-02-13 22:07:26 +0000''>', entitlements='(null)', teamID='GXW5YSU35M', identifier='org.cocoapods.Amplitude', executablePath='<DVTFilePath:0x7c4a29200:'/Users/clseva/Library/Developer/Xcode/Archives/2026-04-14/iVooxApp 14-04-2026, 15.25.xcarchive/Products/Applications/ivooxNew.app/Frameworks/Amplitude.framework/Amplitude'>', hardenedRuntime='0'>'> to: /var/folders/8p/5rgt27mj0jdb7dcpxdl3t5p80000gn/T/XcodeDistPipeline.~~~jGsUBi/entitlements~~~WRbkcK
2026-04-14 13:33:34 +0000  invoking codesign: <NSConcreteTask: 0x79ae82df0; launchPath='/usr/bin/codesign', arguments='(
    "-f",
    "-s",
    B0336B54C8EE75D6A73481A7B34B1F9C75AAF5D3,
    "--entitlements",
    "/var/folders/8p/5rgt27mj0jdb7dcpxdl3t5p80000gn/T/XcodeDistPipeline.~~~jGsUBi/entitlements~~~WRbkcK",
    "--preserve-metadata=identifier,flags,runtime,launch-constraints,library-constraints",
    "--generate-entitlement-der",
    "--strip-disallowed-xattrs",
    "-vvv",
    "/var/folders/8p/5rgt27mj0jdb7dcpxdl3t5p80000gn/T/XcodeDistPipeline.~~~jGsUBi/Root/Payload/ivooxNew.app/Frameworks/Amplitude.framework"
)'>
2026-04-14 13:33:34 +0000  codesign output: /var/folders/8p/5rgt27mj0jdb7dcpxdl3t5p80000gn/T/XcodeDistPipeline.~~~jGsUBi/Root/Payload/ivooxNew.app/Frameworks/Amplitude.framework: replacing existing signature
/var/folders/8p/5rgt27mj0jdb7dcpxdl3t5p80000gn/T/XcodeDistPipeline.~~~jGsUBi/Root/Payload/ivooxNew.app/Frameworks/Amplitude.framework: signed bundle with Mach-O thin (arm64) [org.cocoapods.Amplitude]
2026-04-14 13:33:34 +0000  Entitlements for <IDEDistributionItem: 0x7c4b493e0; bundleID='org.cocoapods.AnalyticsConnector', path='<DVTFilePath:0x7c46b0bd0:'/Users/clseva/Library/Developer/Xcode/Archives/2026-04-14/iVooxApp 14-04-2026, 15.25.xcarchive/Products/Applications/ivooxNew.app/Frameworks/AnalyticsConnector.framework'>', codeSigningInfo='<_DVTCodeSigningInformation_Path: 0x7c421a9a0; isSigned='1', isAdHocSigned='0', signingCertificate='<DVTSigningCertificate: 0x7c45fbcc0; name='Apple Distribution: iVoox Global Podcasting Service SL (GXW5YSU35M)', hash='B0336B54C8EE75D6A73481A7B34B1F9C75AAF5D3', serialNumber='11B69D8EB5EF84EBF19CD9772E089711', certificateKinds='(
    "1.2.840.113635.100.6.1.7",
    "1.2.840.113635.100.6.1.4"
), issueDate='2026-02-13 22:07:26 +0000''>', entitlements='(null)', teamID='GXW5YSU35M', identifier='org.cocoapods.AnalyticsConnector', executablePath='<DVTFilePath:0x7c46b0c40:'/Users/clseva/Library/Developer/Xcode/Archives/2026-04-14/iVooxApp 14-04-2026, 15.25.xcarchive/Products/Applications/ivooxNew.app/Frameworks/AnalyticsConnector.framework/AnalyticsConnector'>', hardenedRuntime='0'>'>: {
}
2026-04-14 13:33:34 +0000  Associated App Clip Identifiers Filter: Skipping because "com.apple.developer.associated-appclip-app-identifiers" is not present
2026-04-14 13:33:34 +0000  Entitlements for <IDEDistributionItem: 0x7c4b493e0; bundleID='org.cocoapods.AnalyticsConnector', path='<DVTFilePath:0x7c46b0bd0:'/Users/clseva/Library/Developer/Xcode/Archives/2026-04-14/iVooxApp 14-04-2026, 15.25.xcarchive/Products/Applications/ivooxNew.app/Frameworks/AnalyticsConnector.framework'>', codeSigningInfo='<_DVTCodeSigningInformation_Path: 0x7c421a9a0; isSigned='1', isAdHocSigned='0', signingCertificate='<DVTSigningCertificate: 0x7c45fa580; name='Apple Distribution: iVoox Global Podcasting Service SL (GXW5YSU35M)', hash='B0336B54C8EE75D6A73481A7B34B1F9C75AAF5D3', serialNumber='11B69D8EB5EF84EBF19CD9772E089711', certificateKinds='(
    "1.2.840.113635.100.6.1.7",
    "1.2.840.113635.100.6.1.4"
), issueDate='2026-02-13 22:07:26 +0000''>', entitlements='(null)', teamID='GXW5YSU35M', identifier='org.cocoapods.AnalyticsConnector', executablePath='<DVTFilePath:0x7c46b0c40:'/Users/clseva/Library/Developer/Xcode/Archives/2026-04-14/iVooxApp 14-04-2026, 15.25.xcarchive/Products/Applications/ivooxNew.app/Frameworks/AnalyticsConnector.framework/AnalyticsConnector'>', hardenedRuntime='0'>'> are: {
}
2026-04-14 13:33:34 +0000  Writing entitlements for <IDEDistributionItem: 0x7c4b493e0; bundleID='org.cocoapods.AnalyticsConnector', path='<DVTFilePath:0x7c46b0bd0:'/Users/clseva/Library/Developer/Xcode/Archives/2026-04-14/iVooxApp 14-04-2026, 15.25.xcarchive/Products/Applications/ivooxNew.app/Frameworks/AnalyticsConnector.framework'>', codeSigningInfo='<_DVTCodeSigningInformation_Path: 0x7c421a9a0; isSigned='1', isAdHocSigned='0', signingCertificate='<DVTSigningCertificate: 0x7c45fa580; name='Apple Distribution: iVoox Global Podcasting Service SL (GXW5YSU35M)', hash='B0336B54C8EE75D6A73481A7B34B1F9C75AAF5D3', serialNumber='11B69D8EB5EF84EBF19CD9772E089711', certificateKinds='(
    "1.2.840.113635.100.6.1.7",
    "1.2.840.113635.100.6.1.4"
), issueDate='2026-02-13 22:07:26 +0000''>', entitlements='(null)', teamID='GXW5YSU35M', identifier='org.cocoapods.AnalyticsConnector', executablePath='<DVTFilePath:0x7c46b0c40:'/Users/clseva/Library/Developer/Xcode/Archives/2026-04-14/iVooxApp 14-04-2026, 15.25.xcarchive/Products/Applications/ivooxNew.app/Frameworks/AnalyticsConnector.framework/AnalyticsConnector'>', hardenedRuntime='0'>'> to: /var/folders/8p/5rgt27mj0jdb7dcpxdl3t5p80000gn/T/XcodeDistPipeline.~~~jGsUBi/entitlements~~~M9yZJX
2026-04-14 13:33:34 +0000  invoking codesign: <NSConcreteTask: 0x79ae82df0; launchPath='/usr/bin/codesign', arguments='(
    "-f",
    "-s",
    B0336B54C8EE75D6A73481A7B34B1F9C75AAF5D3,
    "--entitlements",
    "/var/folders/8p/5rgt27mj0jdb7dcpxdl3t5p80000gn/T/XcodeDistPipeline.~~~jGsUBi/entitlements~~~M9yZJX",
    "--preserve-metadata=identifier,flags,runtime,launch-constraints,library-constraints",
    "--generate-entitlement-der",
    "--strip-disallowed-xattrs",
    "-vvv",
    "/var/folders/8p/5rgt27mj0jdb7dcpxdl3t5p80000gn/T/XcodeDistPipeline.~~~jGsUBi/Root/Payload/ivooxNew.app/Frameworks/AnalyticsConnector.framework"
)'>
2026-04-14 13:33:34 +0000  codesign output: /var/folders/8p/5rgt27mj0jdb7dcpxdl3t5p80000gn/T/XcodeDistPipeline.~~~jGsUBi/Root/Payload/ivooxNew.app/Frameworks/AnalyticsConnector.framework: replacing existing signature
/var/folders/8p/5rgt27mj0jdb7dcpxdl3t5p80000gn/T/XcodeDistPipeline.~~~jGsUBi/Root/Payload/ivooxNew.app/Frameworks/AnalyticsConnector.framework: signed bundle with Mach-O thin (arm64) [org.cocoapods.AnalyticsConnector]
2026-04-14 13:33:34 +0000  Entitlements for <IDEDistributionItem: 0x7c4b4be40; bundleID='org.cocoapods.AppAuth', path='<DVTFilePath:0x7c46b2760:'/Users/clseva/Library/Developer/Xcode/Archives/2026-04-14/iVooxApp 14-04-2026, 15.25.xcarchive/Products/Applications/ivooxNew.app/Frameworks/AppAuth.framework'>', codeSigningInfo='<_DVTCodeSigningInformation_Path: 0x7c4219b00; isSigned='1', isAdHocSigned='0', signingCertificate='<DVTSigningCertificate: 0x7c45fbcc0; name='Apple Distribution: iVoox Global Podcasting Service SL (GXW5YSU35M)', hash='B0336B54C8EE75D6A73481A7B34B1F9C75AAF5D3', serialNumber='11B69D8EB5EF84EBF19CD9772E089711', certificateKinds='(
    "1.2.840.113635.100.6.1.7",
    "1.2.840.113635.100.6.1.4"
), issueDate='2026-02-13 22:07:26 +0000''>', entitlements='(null)', teamID='GXW5YSU35M', identifier='org.cocoapods.AppAuth', executablePath='<DVTFilePath:0x7c49cbc60:'/Users/clseva/Library/Developer/Xcode/Archives/2026-04-14/iVooxApp 14-04-2026, 15.25.xcarchive/Products/Applications/ivooxNew.app/Frameworks/AppAuth.framework/AppAuth'>', hardenedRuntime='0'>'>: {
}
2026-04-14 13:33:34 +0000  Associated App Clip Identifiers Filter: Skipping because "com.apple.developer.associated-appclip-app-identifiers" is not present
2026-04-14 13:33:34 +0000  Entitlements for <IDEDistributionItem: 0x7c4b4be40; bundleID='org.cocoapods.AppAuth', path='<DVTFilePath:0x7c46b2760:'/Users/clseva/Library/Developer/Xcode/Archives/2026-04-14/iVooxApp 14-04-2026, 15.25.xcarchive/Products/Applications/ivooxNew.app/Frameworks/AppAuth.framework'>', codeSigningInfo='<_DVTCodeSigningInformation_Path: 0x7c4219b00; isSigned='1', isAdHocSigned='0', signingCertificate='<DVTSigningCertificate: 0x7c45fa580; name='Apple Distribution: iVoox Global Podcasting Service SL (GXW5YSU35M)', hash='B0336B54C8EE75D6A73481A7B34B1F9C75AAF5D3', serialNumber='11B69D8EB5EF84EBF19CD9772E089711', certificateKinds='(
    "1.2.840.113635.100.6.1.7",
    "1.2.840.113635.100.6.1.4"
), issueDate='2026-02-13 22:07:26 +0000''>', entitlements='(null)', teamID='GXW5YSU35M', identifier='org.cocoapods.AppAuth', executablePath='<DVTFilePath:0x7c49cbc60:'/Users/clseva/Library/Developer/Xcode/Archives/2026-04-14/iVooxApp 14-04-2026, 15.25.xcarchive/Products/Applications/ivooxNew.app/Frameworks/AppAuth.framework/AppAuth'>', hardenedRuntime='0'>'> are: {
}
2026-04-14 13:33:34 +0000  Writing entitlements for <IDEDistributionItem: 0x7c4b4be40; bundleID='org.cocoapods.AppAuth', path='<DVTFilePath:0x7c46b2760:'/Users/clseva/Library/Developer/Xcode/Archives/2026-04-14/iVooxApp 14-04-2026, 15.25.xcarchive/Products/Applications/ivooxNew.app/Frameworks/AppAuth.framework'>', codeSigningInfo='<_DVTCodeSigningInformation_Path: 0x7c4219b00; isSigned='1', isAdHocSigned='0', signingCertificate='<DVTSigningCertificate: 0x7c45fa580; name='Apple Distribution: iVoox Global Podcasting Service SL (GXW5YSU35M)', hash='B0336B54C8EE75D6A73481A7B34B1F9C75AAF5D3', serialNumber='11B69D8EB5EF84EBF19CD9772E089711', certificateKinds='(
    "1.2.840.113635.100.6.1.7",
    "1.2.840.113635.100.6.1.4"
), issueDate='2026-02-13 22:07:26 +0000''>', entitlements='(null)', teamID='GXW5YSU35M', identifier='org.cocoapods.AppAuth', executablePath='<DVTFilePath:0x7c49cbc60:'/Users/clseva/Library/Developer/Xcode/Archives/2026-04-14/iVooxApp 14-04-2026, 15.25.xcarchive/Products/Applications/ivooxNew.app/Frameworks/AppAuth.framework/AppAuth'>', hardenedRuntime='0'>'> to: /var/folders/8p/5rgt27mj0jdb7dcpxdl3t5p80000gn/T/XcodeDistPipeline.~~~jGsUBi/entitlements~~~5e3Fzm
2026-04-14 13:33:34 +0000  invoking codesign: <NSConcreteTask: 0x79ae82df0; launchPath='/usr/bin/codesign', arguments='(
    "-f",
    "-s",
    B0336B54C8EE75D6A73481A7B34B1F9C75AAF5D3,
    "--entitlements",
    "/var/folders/8p/5rgt27mj0jdb7dcpxdl3t5p80000gn/T/XcodeDistPipeline.~~~jGsUBi/entitlements~~~5e3Fzm",
    "--preserve-metadata=identifier,flags,runtime,launch-constraints,library-constraints",
    "--generate-entitlement-der",
    "--strip-disallowed-xattrs",
    "-vvv",
    "/var/folders/8p/5rgt27mj0jdb7dcpxdl3t5p80000gn/T/XcodeDistPipeline.~~~jGsUBi/Root/Payload/ivooxNew.app/Frameworks/AppAuth.framework"
)'>
2026-04-14 13:33:35 +0000  codesign output: /var/folders/8p/5rgt27mj0jdb7dcpxdl3t5p80000gn/T/XcodeDistPipeline.~~~jGsUBi/Root/Payload/ivooxNew.app/Frameworks/AppAuth.framework: replacing existing signature
/var/folders/8p/5rgt27mj0jdb7dcpxdl3t5p80000gn/T/XcodeDistPipeline.~~~jGsUBi/Root/Payload/ivooxNew.app/Frameworks/AppAuth.framework: signed bundle with Mach-O thin (arm64) [org.cocoapods.AppAuth]
2026-04-14 13:33:35 +0000  Entitlements for <IDEDistributionItem: 0x7c4b48c00; bundleID='com.batch.Batch', path='<DVTFilePath:0x7c4a28540:'/Users/clseva/Library/Developer/Xcode/Archives/2026-04-14/iVooxApp 14-04-2026, 15.25.xcarchive/Products/Applications/ivooxNew.app/Frameworks/Batch.framework'>', codeSigningInfo='<_DVTCodeSigningInformation_Path: 0x7c4b48cc0; isSigned='1', isAdHocSigned='0', signingCertificate='<DVTSigningCertificate: 0x7c45fbcc0; name='Apple Distribution: iVoox Global Podcasting Service SL (GXW5YSU35M)', hash='B0336B54C8EE75D6A73481A7B34B1F9C75AAF5D3', serialNumber='11B69D8EB5EF84EBF19CD9772E089711', certificateKinds='(
    "1.2.840.113635.100.6.1.7",
    "1.2.840.113635.100.6.1.4"
), issueDate='2026-02-13 22:07:26 +0000''>', entitlements='(null)', teamID='GXW5YSU35M', identifier='com.batch.Batch', executablePath='<DVTFilePath:0x7c4a287e0:'/Users/clseva/Library/Developer/Xcode/Archives/2026-04-14/iVooxApp 14-04-2026, 15.25.xcarchive/Products/Applications/ivooxNew.app/Frameworks/Batch.framework/Batch'>', hardenedRuntime='0'>'>: {
}
2026-04-14 13:33:35 +0000  Associated App Clip Identifiers Filter: Skipping because "com.apple.developer.associated-appclip-app-identifiers" is not present
2026-04-14 13:33:35 +0000  Entitlements for <IDEDistributionItem: 0x7c4b48c00; bundleID='com.batch.Batch', path='<DVTFilePath:0x7c4a28540:'/Users/clseva/Library/Developer/Xcode/Archives/2026-04-14/iVooxApp 14-04-2026, 15.25.xcarchive/Products/Applications/ivooxNew.app/Frameworks/Batch.framework'>', codeSigningInfo='<_DVTCodeSigningInformation_Path: 0x7c4b48cc0; isSigned='1', isAdHocSigned='0', signingCertificate='<DVTSigningCertificate: 0x7c45fa580; name='Apple Distribution: iVoox Global Podcasting Service SL (GXW5YSU35M)', hash='B0336B54C8EE75D6A73481A7B34B1F9C75AAF5D3', serialNumber='11B69D8EB5EF84EBF19CD9772E089711', certificateKinds='(
    "1.2.840.113635.100.6.1.7",
    "1.2.840.113635.100.6.1.4"
), issueDate='2026-02-13 22:07:26 +0000''>', entitlements='(null)', teamID='GXW5YSU35M', identifier='com.batch.Batch', executablePath='<DVTFilePath:0x7c4a287e0:'/Users/clseva/Library/Developer/Xcode/Archives/2026-04-14/iVooxApp 14-04-2026, 15.25.xcarchive/Products/Applications/ivooxNew.app/Frameworks/Batch.framework/Batch'>', hardenedRuntime='0'>'> are: {
}
2026-04-14 13:33:35 +0000  Writing entitlements for <IDEDistributionItem: 0x7c4b48c00; bundleID='com.batch.Batch', path='<DVTFilePath:0x7c4a28540:'/Users/clseva/Library/Developer/Xcode/Archives/2026-04-14/iVooxApp 14-04-2026, 15.25.xcarchive/Products/Applications/ivooxNew.app/Frameworks/Batch.framework'>', codeSigningInfo='<_DVTCodeSigningInformation_Path: 0x7c4b48cc0; isSigned='1', isAdHocSigned='0', signingCertificate='<DVTSigningCertificate: 0x7c45fa580; name='Apple Distribution: iVoox Global Podcasting Service SL (GXW5YSU35M)', hash='B0336B54C8EE75D6A73481A7B34B1F9C75AAF5D3', serialNumber='11B69D8EB5EF84EBF19CD9772E089711', certificateKinds='(
    "1.2.840.113635.100.6.1.7",
    "1.2.840.113635.100.6.1.4"
), issueDate='2026-02-13 22:07:26 +0000''>', entitlements='(null)', teamID='GXW5YSU35M', identifier='com.batch.Batch', executablePath='<DVTFilePath:0x7c4a287e0:'/Users/clseva/Library/Developer/Xcode/Archives/2026-04-14/iVooxApp 14-04-2026, 15.25.xcarchive/Products/Applications/ivooxNew.app/Frameworks/Batch.framework/Batch'>', hardenedRuntime='0'>'> to: /var/folders/8p/5rgt27mj0jdb7dcpxdl3t5p80000gn/T/XcodeDistPipeline.~~~jGsUBi/entitlements~~~OcjbNO
2026-04-14 13:33:35 +0000  invoking codesign: <NSConcreteTask: 0x79df05450; launchPath='/usr/bin/codesign', arguments='(
    "-f",
    "-s",
    B0336B54C8EE75D6A73481A7B34B1F9C75AAF5D3,
    "--entitlements",
    "/var/folders/8p/5rgt27mj0jdb7dcpxdl3t5p80000gn/T/XcodeDistPipeline.~~~jGsUBi/entitlements~~~OcjbNO",
    "--preserve-metadata=identifier,flags,runtime,launch-constraints,library-constraints",
    "--generate-entitlement-der",
    "--strip-disallowed-xattrs",
    "-vvv",
    "/var/folders/8p/5rgt27mj0jdb7dcpxdl3t5p80000gn/T/XcodeDistPipeline.~~~jGsUBi/Root/Payload/ivooxNew.app/Frameworks/Batch.framework"
)'>
2026-04-14 13:33:35 +0000  codesign output: /var/folders/8p/5rgt27mj0jdb7dcpxdl3t5p80000gn/T/XcodeDistPipeline.~~~jGsUBi/Root/Payload/ivooxNew.app/Frameworks/Batch.framework: replacing existing signature
/var/folders/8p/5rgt27mj0jdb7dcpxdl3t5p80000gn/T/XcodeDistPipeline.~~~jGsUBi/Root/Payload/ivooxNew.app/Frameworks/Batch.framework: signed bundle with Mach-O thin (arm64) [com.batch.Batch]
2026-04-14 13:33:35 +0000  Entitlements for <IDEDistributionItem: 0x7c4b485a0; bundleID='org.cocoapods.BatchExtension', path='<DVTFilePath:0x7c46c1490:'/Users/clseva/Library/Developer/Xcode/Archives/2026-04-14/iVooxApp 14-04-2026, 15.25.xcarchive/Products/Applications/ivooxNew.app/Frameworks/BatchExtension.framework'>', codeSigningInfo='<_DVTCodeSigningInformation_Path: 0x7c421a160; isSigned='1', isAdHocSigned='0', signingCertificate='<DVTSigningCertificate: 0x7c45fbcc0; name='Apple Distribution: iVoox Global Podcasting Service SL (GXW5YSU35M)', hash='B0336B54C8EE75D6A73481A7B34B1F9C75AAF5D3', serialNumber='11B69D8EB5EF84EBF19CD9772E089711', certificateKinds='(
    "1.2.840.113635.100.6.1.7",
    "1.2.840.113635.100.6.1.4"
), issueDate='2026-02-13 22:07:26 +0000''>', entitlements='(null)', teamID='GXW5YSU35M', identifier='org.cocoapods.BatchExtension', executablePath='<DVTFilePath:0x7c4a16dc0:'/Users/clseva/Library/Developer/Xcode/Archives/2026-04-14/iVooxApp 14-04-2026, 15.25.xcarchive/Products/Applications/ivooxNew.app/Frameworks/BatchExtension.framework/BatchExtension'>', hardenedRuntime='0'>'>: {
}
2026-04-14 13:33:35 +0000  Associated App Clip Identifiers Filter: Skipping because "com.apple.developer.associated-appclip-app-identifiers" is not present
2026-04-14 13:33:35 +0000  Entitlements for <IDEDistributionItem: 0x7c4b485a0; bundleID='org.cocoapods.BatchExtension', path='<DVTFilePath:0x7c46c1490:'/Users/clseva/Library/Developer/Xcode/Archives/2026-04-14/iVooxApp 14-04-2026, 15.25.xcarchive/Products/Applications/ivooxNew.app/Frameworks/BatchExtension.framework'>', codeSigningInfo='<_DVTCodeSigningInformation_Path: 0x7c421a160; isSigned='1', isAdHocSigned='0', signingCertificate='<DVTSigningCertificate: 0x7c45fa580; name='Apple Distribution: iVoox Global Podcasting Service SL (GXW5YSU35M)', hash='B0336B54C8EE75D6A73481A7B34B1F9C75AAF5D3', serialNumber='11B69D8EB5EF84EBF19CD9772E089711', certificateKinds='(
    "1.2.840.113635.100.6.1.7",
    "1.2.840.113635.100.6.1.4"
), issueDate='2026-02-13 22:07:26 +0000''>', entitlements='(null)', teamID='GXW5YSU35M', identifier='org.cocoapods.BatchExtension', executablePath='<DVTFilePath:0x7c4a16dc0:'/Users/clseva/Library/Developer/Xcode/Archives/2026-04-14/iVooxApp 14-04-2026, 15.25.xcarchive/Products/Applications/ivooxNew.app/Frameworks/BatchExtension.framework/BatchExtension'>', hardenedRuntime='0'>'> are: {
}
2026-04-14 13:33:35 +0000  Writing entitlements for <IDEDistributionItem: 0x7c4b485a0; bundleID='org.cocoapods.BatchExtension', path='<DVTFilePath:0x7c46c1490:'/Users/clseva/Library/Developer/Xcode/Archives/2026-04-14/iVooxApp 14-04-2026, 15.25.xcarchive/Products/Applications/ivooxNew.app/Frameworks/BatchExtension.framework'>', codeSigningInfo='<_DVTCodeSigningInformation_Path: 0x7c421a160; isSigned='1', isAdHocSigned='0', signingCertificate='<DVTSigningCertificate: 0x7c45fa580; name='Apple Distribution: iVoox Global Podcasting Service SL (GXW5YSU35M)', hash='B0336B54C8EE75D6A73481A7B34B1F9C75AAF5D3', serialNumber='11B69D8EB5EF84EBF19CD9772E089711', certificateKinds='(
    "1.2.840.113635.100.6.1.7",
    "1.2.840.113635.100.6.1.4"
), issueDate='2026-02-13 22:07:26 +0000''>', entitlements='(null)', teamID='GXW5YSU35M', identifier='org.cocoapods.BatchExtension', executablePath='<DVTFilePath:0x7c4a16dc0:'/Users/clseva/Library/Developer/Xcode/Archives/2026-04-14/iVooxApp 14-04-2026, 15.25.xcarchive/Products/Applications/ivooxNew.app/Frameworks/BatchExtension.framework/BatchExtension'>', hardenedRuntime='0'>'> to: /var/folders/8p/5rgt27mj0jdb7dcpxdl3t5p80000gn/T/XcodeDistPipeline.~~~jGsUBi/entitlements~~~fIBtOq
2026-04-14 13:33:35 +0000  invoking codesign: <NSConcreteTask: 0x79ae82df0; launchPath='/usr/bin/codesign', arguments='(
    "-f",
    "-s",
    B0336B54C8EE75D6A73481A7B34B1F9C75AAF5D3,
    "--entitlements",
    "/var/folders/8p/5rgt27mj0jdb7dcpxdl3t5p80000gn/T/XcodeDistPipeline.~~~jGsUBi/entitlements~~~fIBtOq",
    "--preserve-metadata=identifier,flags,runtime,launch-constraints,library-constraints",
    "--generate-entitlement-der",
    "--strip-disallowed-xattrs",
    "-vvv",
    "/var/folders/8p/5rgt27mj0jdb7dcpxdl3t5p80000gn/T/XcodeDistPipeline.~~~jGsUBi/Root/Payload/ivooxNew.app/Frameworks/BatchExtension.framework"
)'>
2026-04-14 13:33:35 +0000  codesign output: /var/folders/8p/5rgt27mj0jdb7dcpxdl3t5p80000gn/T/XcodeDistPipeline.~~~jGsUBi/Root/Payload/ivooxNew.app/Frameworks/BatchExtension.framework: replacing existing signature
/var/folders/8p/5rgt27mj0jdb7dcpxdl3t5p80000gn/T/XcodeDistPipeline.~~~jGsUBi/Root/Payload/ivooxNew.app/Frameworks/BatchExtension.framework: signed bundle with Mach-O thin (arm64) [org.cocoapods.BatchExtension]
2026-04-14 13:33:35 +0000  Entitlements for <IDEDistributionItem: 0x7c20ca3a0; bundleID='org.cocoapods.CancellablePromiseKit', path='<DVTFilePath:0x7c46c1570:'/Users/clseva/Library/Developer/Xcode/Archives/2026-04-14/iVooxApp 14-04-2026, 15.25.xcarchive/Products/Applications/ivooxNew.app/Frameworks/CancellablePromiseKit.framework'>', codeSigningInfo='<_DVTCodeSigningInformation_Path: 0x7c4b4bf60; isSigned='1', isAdHocSigned='0', signingCertificate='<DVTSigningCertificate: 0x7c45fbcc0; name='Apple Distribution: iVoox Global Podcasting Service SL (GXW5YSU35M)', hash='B0336B54C8EE75D6A73481A7B34B1F9C75AAF5D3', serialNumber='11B69D8EB5EF84EBF19CD9772E089711', certificateKinds='(
    "1.2.840.113635.100.6.1.7",
    "1.2.840.113635.100.6.1.4"
), issueDate='2026-02-13 22:07:26 +0000''>', entitlements='(null)', teamID='GXW5YSU35M', identifier='org.cocoapods.CancellablePromiseKit', executablePath='<DVTFilePath:0x7c46c16c0:'/Users/clseva/Library/Developer/Xcode/Archives/2026-04-14/iVooxApp 14-04-2026, 15.25.xcarchive/Products/Applications/ivooxNew.app/Frameworks/CancellablePromiseKit.framework/CancellablePromiseKit'>', hardenedRuntime='0'>'>: {
}
2026-04-14 13:33:35 +0000  Associated App Clip Identifiers Filter: Skipping because "com.apple.developer.associated-appclip-app-identifiers" is not present
2026-04-14 13:33:35 +0000  Entitlements for <IDEDistributionItem: 0x7c20ca3a0; bundleID='org.cocoapods.CancellablePromiseKit', path='<DVTFilePath:0x7c46c1570:'/Users/clseva/Library/Developer/Xcode/Archives/2026-04-14/iVooxApp 14-04-2026, 15.25.xcarchive/Products/Applications/ivooxNew.app/Frameworks/CancellablePromiseKit.framework'>', codeSigningInfo='<_DVTCodeSigningInformation_Path: 0x7c4b4bf60; isSigned='1', isAdHocSigned='0', signingCertificate='<DVTSigningCertificate: 0x7c45fa580; name='Apple Distribution: iVoox Global Podcasting Service SL (GXW5YSU35M)', hash='B0336B54C8EE75D6A73481A7B34B1F9C75AAF5D3', serialNumber='11B69D8EB5EF84EBF19CD9772E089711', certificateKinds='(
    "1.2.840.113635.100.6.1.7",
    "1.2.840.113635.100.6.1.4"
), issueDate='2026-02-13 22:07:26 +0000''>', entitlements='(null)', teamID='GXW5YSU35M', identifier='org.cocoapods.CancellablePromiseKit', executablePath='<DVTFilePath:0x7c46c16c0:'/Users/clseva/Library/Developer/Xcode/Archives/2026-04-14/iVooxApp 14-04-2026, 15.25.xcarchive/Products/Applications/ivooxNew.app/Frameworks/CancellablePromiseKit.framework/CancellablePromiseKit'>', hardenedRuntime='0'>'> are: {
}
2026-04-14 13:33:35 +0000  Writing entitlements for <IDEDistributionItem: 0x7c20ca3a0; bundleID='org.cocoapods.CancellablePromiseKit', path='<DVTFilePath:0x7c46c1570:'/Users/clseva/Library/Developer/Xcode/Archives/2026-04-14/iVooxApp 14-04-2026, 15.25.xcarchive/Products/Applications/ivooxNew.app/Frameworks/CancellablePromiseKit.framework'>', codeSigningInfo='<_DVTCodeSigningInformation_Path: 0x7c4b4bf60; isSigned='1', isAdHocSigned='0', signingCertificate='<DVTSigningCertificate: 0x7c45fa580; name='Apple Distribution: iVoox Global Podcasting Service SL (GXW5YSU35M)', hash='B0336B54C8EE75D6A73481A7B34B1F9C75AAF5D3', serialNumber='11B69D8EB5EF84EBF19CD9772E089711', certificateKinds='(
    "1.2.840.113635.100.6.1.7",
    "1.2.840.113635.100.6.1.4"
), issueDate='2026-02-13 22:07:26 +0000''>', entitlements='(null)', teamID='GXW5YSU35M', identifier='org.cocoapods.CancellablePromiseKit', executablePath='<DVTFilePath:0x7c46c16c0:'/Users/clseva/Library/Developer/Xcode/Archives/2026-04-14/iVooxApp 14-04-2026, 15.25.xcarchive/Products/Applications/ivooxNew.app/Frameworks/CancellablePromiseKit.framework/CancellablePromiseKit'>', hardenedRuntime='0'>'> to: /var/folders/8p/5rgt27mj0jdb7dcpxdl3t5p80000gn/T/XcodeDistPipeline.~~~jGsUBi/entitlements~~~YUHDS2
2026-04-14 13:33:35 +0000  invoking codesign: <NSConcreteTask: 0x79ae82df0; launchPath='/usr/bin/codesign', arguments='(
    "-f",
    "-s",
    B0336B54C8EE75D6A73481A7B34B1F9C75AAF5D3,
    "--entitlements",
    "/var/folders/8p/5rgt27mj0jdb7dcpxdl3t5p80000gn/T/XcodeDistPipeline.~~~jGsUBi/entitlements~~~YUHDS2",
    "--preserve-metadata=identifier,flags,runtime,launch-constraints,library-constraints",
    "--generate-entitlement-der",
    "--strip-disallowed-xattrs",
    "-vvv",
    "/var/folders/8p/5rgt27mj0jdb7dcpxdl3t5p80000gn/T/XcodeDistPipeline.~~~jGsUBi/Root/Payload/ivooxNew.app/Frameworks/CancellablePromiseKit.framework"
)'>
2026-04-14 13:33:35 +0000  codesign output: /var/folders/8p/5rgt27mj0jdb7dcpxdl3t5p80000gn/T/XcodeDistPipeline.~~~jGsUBi/Root/Payload/ivooxNew.app/Frameworks/CancellablePromiseKit.framework: replacing existing signature
/var/folders/8p/5rgt27mj0jdb7dcpxdl3t5p80000gn/T/XcodeDistPipeline.~~~jGsUBi/Root/Payload/ivooxNew.app/Frameworks/CancellablePromiseKit.framework: signed bundle with Mach-O thin (arm64) [org.cocoapods.CancellablePromiseKit]
2026-04-14 13:33:35 +0000  Entitlements for <IDEDistributionItem: 0x7c20c96e0; bundleID='com.microsoft.clarity.Clarity', path='<DVTFilePath:0x7c46bdf10:'/Users/clseva/Library/Developer/Xcode/Archives/2026-04-14/iVooxApp 14-04-2026, 15.25.xcarchive/Products/Applications/ivooxNew.app/Frameworks/Clarity.framework'>', codeSigningInfo='<_DVTCodeSigningInformation_Path: 0x7c4219bc0; isSigned='1', isAdHocSigned='0', signingCertificate='<DVTSigningCertificate: 0x7c45fbcc0; name='Apple Distribution: iVoox Global Podcasting Service SL (GXW5YSU35M)', hash='B0336B54C8EE75D6A73481A7B34B1F9C75AAF5D3', serialNumber='11B69D8EB5EF84EBF19CD9772E089711', certificateKinds='(
    "1.2.840.113635.100.6.1.7",
    "1.2.840.113635.100.6.1.4"
), issueDate='2026-02-13 22:07:26 +0000''>', entitlements='(null)', teamID='GXW5YSU35M', identifier='com.microsoft.clarity.Clarity', executablePath='<DVTFilePath:0x7c4a60ea0:'/Users/clseva/Library/Developer/Xcode/Archives/2026-04-14/iVooxApp 14-04-2026, 15.25.xcarchive/Products/Applications/ivooxNew.app/Frameworks/Clarity.framework/Clarity'>', hardenedRuntime='0'>'>: {
}
2026-04-14 13:33:35 +0000  Associated App Clip Identifiers Filter: Skipping because "com.apple.developer.associated-appclip-app-identifiers" is not present
2026-04-14 13:33:35 +0000  Entitlements for <IDEDistributionItem: 0x7c20c96e0; bundleID='com.microsoft.clarity.Clarity', path='<DVTFilePath:0x7c46bdf10:'/Users/clseva/Library/Developer/Xcode/Archives/2026-04-14/iVooxApp 14-04-2026, 15.25.xcarchive/Products/Applications/ivooxNew.app/Frameworks/Clarity.framework'>', codeSigningInfo='<_DVTCodeSigningInformation_Path: 0x7c4219bc0; isSigned='1', isAdHocSigned='0', signingCertificate='<DVTSigningCertificate: 0x7c45fa580; name='Apple Distribution: iVoox Global Podcasting Service SL (GXW5YSU35M)', hash='B0336B54C8EE75D6A73481A7B34B1F9C75AAF5D3', serialNumber='11B69D8EB5EF84EBF19CD9772E089711', certificateKinds='(
    "1.2.840.113635.100.6.1.7",
    "1.2.840.113635.100.6.1.4"
), issueDate='2026-02-13 22:07:26 +0000''>', entitlements='(null)', teamID='GXW5YSU35M', identifier='com.microsoft.clarity.Clarity', executablePath='<DVTFilePath:0x7c4a60ea0:'/Users/clseva/Library/Developer/Xcode/Archives/2026-04-14/iVooxApp 14-04-2026, 15.25.xcarchive/Products/Applications/ivooxNew.app/Frameworks/Clarity.framework/Clarity'>', hardenedRuntime='0'>'> are: {
}
2026-04-14 13:33:35 +0000  Writing entitlements for <IDEDistributionItem: 0x7c20c96e0; bundleID='com.microsoft.clarity.Clarity', path='<DVTFilePath:0x7c46bdf10:'/Users/clseva/Library/Developer/Xcode/Archives/2026-04-14/iVooxApp 14-04-2026, 15.25.xcarchive/Products/Applications/ivooxNew.app/Frameworks/Clarity.framework'>', codeSigningInfo='<_DVTCodeSigningInformation_Path: 0x7c4219bc0; isSigned='1', isAdHocSigned='0', signingCertificate='<DVTSigningCertificate: 0x7c45fa580; name='Apple Distribution: iVoox Global Podcasting Service SL (GXW5YSU35M)', hash='B0336B54C8EE75D6A73481A7B34B1F9C75AAF5D3', serialNumber='11B69D8EB5EF84EBF19CD9772E089711', certificateKinds='(
    "1.2.840.113635.100.6.1.7",
    "1.2.840.113635.100.6.1.4"
), issueDate='2026-02-13 22:07:26 +0000''>', entitlements='(null)', teamID='GXW5YSU35M', identifier='com.microsoft.clarity.Clarity', executablePath='<DVTFilePath:0x7c4a60ea0:'/Users/clseva/Library/Developer/Xcode/Archives/2026-04-14/iVooxApp 14-04-2026, 15.25.xcarchive/Products/Applications/ivooxNew.app/Frameworks/Clarity.framework/Clarity'>', hardenedRuntime='0'>'> to: /var/folders/8p/5rgt27mj0jdb7dcpxdl3t5p80000gn/T/XcodeDistPipeline.~~~jGsUBi/entitlements~~~QlWfLh
2026-04-14 13:33:35 +0000  invoking codesign: <NSConcreteTask: 0x79ae82df0; launchPath='/usr/bin/codesign', arguments='(
    "-f",
    "-s",
    B0336B54C8EE75D6A73481A7B34B1F9C75AAF5D3,
    "--entitlements",
    "/var/folders/8p/5rgt27mj0jdb7dcpxdl3t5p80000gn/T/XcodeDistPipeline.~~~jGsUBi/entitlements~~~QlWfLh",
    "--preserve-metadata=identifier,flags,runtime,launch-constraints,library-constraints",
    "--generate-entitlement-der",
    "--strip-disallowed-xattrs",
    "-vvv",
    "/var/folders/8p/5rgt27mj0jdb7dcpxdl3t5p80000gn/T/XcodeDistPipeline.~~~jGsUBi/Root/Payload/ivooxNew.app/Frameworks/Clarity.framework"
)'>
2026-04-14 13:33:35 +0000  codesign output: /var/folders/8p/5rgt27mj0jdb7dcpxdl3t5p80000gn/T/XcodeDistPipeline.~~~jGsUBi/Root/Payload/ivooxNew.app/Frameworks/Clarity.framework: replacing existing signature
/var/folders/8p/5rgt27mj0jdb7dcpxdl3t5p80000gn/T/XcodeDistPipeline.~~~jGsUBi/Root/Payload/ivooxNew.app/Frameworks/Clarity.framework: signed bundle with Mach-O thin (arm64) [com.microsoft.clarity.Clarity]
2026-04-14 13:33:35 +0000  Entitlements for <IDEDistributionItem: 0x7c421b0c0; bundleID='com.comscore.ComScore', path='<DVTFilePath:0x7c46bd810:'/Users/clseva/Library/Developer/Xcode/Archives/2026-04-14/iVooxApp 14-04-2026, 15.25.xcarchive/Products/Applications/ivooxNew.app/Frameworks/ComScore.framework'>', codeSigningInfo='<_DVTCodeSigningInformation_Path: 0x7c421b060; isSigned='1', isAdHocSigned='0', signingCertificate='<DVTSigningCertificate: 0x7c45fbcc0; name='Apple Distribution: iVoox Global Podcasting Service SL (GXW5YSU35M)', hash='B0336B54C8EE75D6A73481A7B34B1F9C75AAF5D3', serialNumber='11B69D8EB5EF84EBF19CD9772E089711', certificateKinds='(
    "1.2.840.113635.100.6.1.7",
    "1.2.840.113635.100.6.1.4"
), issueDate='2026-02-13 22:07:26 +0000''>', entitlements='(null)', teamID='GXW5YSU35M', identifier='com.comscore.ComScore', executablePath='<DVTFilePath:0x7c4a61380:'/Users/clseva/Library/Developer/Xcode/Archives/2026-04-14/iVooxApp 14-04-2026, 15.25.xcarchive/Products/Applications/ivooxNew.app/Frameworks/ComScore.framework/ComScore'>', hardenedRuntime='0'>'>: {
}
2026-04-14 13:33:35 +0000  Associated App Clip Identifiers Filter: Skipping because "com.apple.developer.associated-appclip-app-identifiers" is not present
2026-04-14 13:33:35 +0000  Entitlements for <IDEDistributionItem: 0x7c421b0c0; bundleID='com.comscore.ComScore', path='<DVTFilePath:0x7c46bd810:'/Users/clseva/Library/Developer/Xcode/Archives/2026-04-14/iVooxApp 14-04-2026, 15.25.xcarchive/Products/Applications/ivooxNew.app/Frameworks/ComScore.framework'>', codeSigningInfo='<_DVTCodeSigningInformation_Path: 0x7c421b060; isSigned='1', isAdHocSigned='0', signingCertificate='<DVTSigningCertificate: 0x7c45fa580; name='Apple Distribution: iVoox Global Podcasting Service SL (GXW5YSU35M)', hash='B0336B54C8EE75D6A73481A7B34B1F9C75AAF5D3', serialNumber='11B69D8EB5EF84EBF19CD9772E089711', certificateKinds='(
    "1.2.840.113635.100.6.1.7",
    "1.2.840.113635.100.6.1.4"
), issueDate='2026-02-13 22:07:26 +0000''>', entitlements='(null)', teamID='GXW5YSU35M', identifier='com.comscore.ComScore', executablePath='<DVTFilePath:0x7c4a61380:'/Users/clseva/Library/Developer/Xcode/Archives/2026-04-14/iVooxApp 14-04-2026, 15.25.xcarchive/Products/Applications/ivooxNew.app/Frameworks/ComScore.framework/ComScore'>', hardenedRuntime='0'>'> are: {
}
2026-04-14 13:33:35 +0000  Writing entitlements for <IDEDistributionItem: 0x7c421b0c0; bundleID='com.comscore.ComScore', path='<DVTFilePath:0x7c46bd810:'/Users/clseva/Library/Developer/Xcode/Archives/2026-04-14/iVooxApp 14-04-2026, 15.25.xcarchive/Products/Applications/ivooxNew.app/Frameworks/ComScore.framework'>', codeSigningInfo='<_DVTCodeSigningInformation_Path: 0x7c421b060; isSigned='1', isAdHocSigned='0', signingCertificate='<DVTSigningCertificate: 0x7c45fa580; name='Apple Distribution: iVoox Global Podcasting Service SL (GXW5YSU35M)', hash='B0336B54C8EE75D6A73481A7B34B1F9C75AAF5D3', serialNumber='11B69D8EB5EF84EBF19CD9772E089711', certificateKinds='(
    "1.2.840.113635.100.6.1.7",
    "1.2.840.113635.100.6.1.4"
), issueDate='2026-02-13 22:07:26 +0000''>', entitlements='(null)', teamID='GXW5YSU35M', identifier='com.comscore.ComScore', executablePath='<DVTFilePath:0x7c4a61380:'/Users/clseva/Library/Developer/Xcode/Archives/2026-04-14/iVooxApp 14-04-2026, 15.25.xcarchive/Products/Applications/ivooxNew.app/Frameworks/ComScore.framework/ComScore'>', hardenedRuntime='0'>'> to: /var/folders/8p/5rgt27mj0jdb7dcpxdl3t5p80000gn/T/XcodeDistPipeline.~~~jGsUBi/entitlements~~~d2KbJF
2026-04-14 13:33:35 +0000  invoking codesign: <NSConcreteTask: 0x79ae82df0; launchPath='/usr/bin/codesign', arguments='(
    "-f",
    "-s",
    B0336B54C8EE75D6A73481A7B34B1F9C75AAF5D3,
    "--entitlements",
    "/var/folders/8p/5rgt27mj0jdb7dcpxdl3t5p80000gn/T/XcodeDistPipeline.~~~jGsUBi/entitlements~~~d2KbJF",
    "--preserve-metadata=identifier,flags,runtime,launch-constraints,library-constraints",
    "--generate-entitlement-der",
    "--strip-disallowed-xattrs",
    "-vvv",
    "/var/folders/8p/5rgt27mj0jdb7dcpxdl3t5p80000gn/T/XcodeDistPipeline.~~~jGsUBi/Root/Payload/ivooxNew.app/Frameworks/ComScore.framework"
)'>
2026-04-14 13:33:35 +0000  codesign output: /var/folders/8p/5rgt27mj0jdb7dcpxdl3t5p80000gn/T/XcodeDistPipeline.~~~jGsUBi/Root/Payload/ivooxNew.app/Frameworks/ComScore.framework: replacing existing signature
/var/folders/8p/5rgt27mj0jdb7dcpxdl3t5p80000gn/T/XcodeDistPipeline.~~~jGsUBi/Root/Payload/ivooxNew.app/Frameworks/ComScore.framework: signed bundle with Mach-O thin (arm64) [com.comscore.ComScore]
2026-04-14 13:33:35 +0000  Entitlements for <IDEDistributionItem: 0x7c421afa0; bundleID='io.didomi.Didomi', path='<DVTFilePath:0x7c46bc070:'/Users/clseva/Library/Developer/Xcode/Archives/2026-04-14/iVooxApp 14-04-2026, 15.25.xcarchive/Products/Applications/ivooxNew.app/Frameworks/Didomi.framework'>', codeSigningInfo='<_DVTCodeSigningInformation_Path: 0x7c4b4a9a0; isSigned='1', isAdHocSigned='0', signingCertificate='<DVTSigningCertificate: 0x7c45fbcc0; name='Apple Distribution: iVoox Global Podcasting Service SL (GXW5YSU35M)', hash='B0336B54C8EE75D6A73481A7B34B1F9C75AAF5D3', serialNumber='11B69D8EB5EF84EBF19CD9772E089711', certificateKinds='(
    "1.2.840.113635.100.6.1.7",
    "1.2.840.113635.100.6.1.4"
), issueDate='2026-02-13 22:07:26 +0000''>', entitlements='(null)', teamID='GXW5YSU35M', identifier='io.didomi.Didomi', executablePath='<DVTFilePath:0x7c4a61bc0:'/Users/clseva/Library/Developer/Xcode/Archives/2026-04-14/iVooxApp 14-04-2026, 15.25.xcarchive/Products/Applications/ivooxNew.app/Frameworks/Didomi.framework/Didomi'>', hardenedRuntime='0'>'>: {
}
2026-04-14 13:33:35 +0000  Associated App Clip Identifiers Filter: Skipping because "com.apple.developer.associated-appclip-app-identifiers" is not present
2026-04-14 13:33:35 +0000  Entitlements for <IDEDistributionItem: 0x7c421afa0; bundleID='io.didomi.Didomi', path='<DVTFilePath:0x7c46bc070:'/Users/clseva/Library/Developer/Xcode/Archives/2026-04-14/iVooxApp 14-04-2026, 15.25.xcarchive/Products/Applications/ivooxNew.app/Frameworks/Didomi.framework'>', codeSigningInfo='<_DVTCodeSigningInformation_Path: 0x7c4b4a9a0; isSigned='1', isAdHocSigned='0', signingCertificate='<DVTSigningCertificate: 0x7c45fa580; name='Apple Distribution: iVoox Global Podcasting Service SL (GXW5YSU35M)', hash='B0336B54C8EE75D6A73481A7B34B1F9C75AAF5D3', serialNumber='11B69D8EB5EF84EBF19CD9772E089711', certificateKinds='(
    "1.2.840.113635.100.6.1.7",
    "1.2.840.113635.100.6.1.4"
), issueDate='2026-02-13 22:07:26 +0000''>', entitlements='(null)', teamID='GXW5YSU35M', identifier='io.didomi.Didomi', executablePath='<DVTFilePath:0x7c4a61bc0:'/Users/clseva/Library/Developer/Xcode/Archives/2026-04-14/iVooxApp 14-04-2026, 15.25.xcarchive/Products/Applications/ivooxNew.app/Frameworks/Didomi.framework/Didomi'>', hardenedRuntime='0'>'> are: {
}
2026-04-14 13:33:35 +0000  Writing entitlements for <IDEDistributionItem: 0x7c421afa0; bundleID='io.didomi.Didomi', path='<DVTFilePath:0x7c46bc070:'/Users/clseva/Library/Developer/Xcode/Archives/2026-04-14/iVooxApp 14-04-2026, 15.25.xcarchive/Products/Applications/ivooxNew.app/Frameworks/Didomi.framework'>', codeSigningInfo='<_DVTCodeSigningInformation_Path: 0x7c4b4a9a0; isSigned='1', isAdHocSigned='0', signingCertificate='<DVTSigningCertificate: 0x7c45fa580; name='Apple Distribution: iVoox Global Podcasting Service SL (GXW5YSU35M)', hash='B0336B54C8EE75D6A73481A7B34B1F9C75AAF5D3', serialNumber='11B69D8EB5EF84EBF19CD9772E089711', certificateKinds='(
    "1.2.840.113635.100.6.1.7",
    "1.2.840.113635.100.6.1.4"
), issueDate='2026-02-13 22:07:26 +0000''>', entitlements='(null)', teamID='GXW5YSU35M', identifier='io.didomi.Didomi', executablePath='<DVTFilePath:0x7c4a61bc0:'/Users/clseva/Library/Developer/Xcode/Archives/2026-04-14/iVooxApp 14-04-2026, 15.25.xcarchive/Products/Applications/ivooxNew.app/Frameworks/Didomi.framework/Didomi'>', hardenedRuntime='0'>'> to: /var/folders/8p/5rgt27mj0jdb7dcpxdl3t5p80000gn/T/XcodeDistPipeline.~~~jGsUBi/entitlements~~~Auvy9l
2026-04-14 13:33:35 +0000  invoking codesign: <NSConcreteTask: 0x79ae82df0; launchPath='/usr/bin/codesign', arguments='(
    "-f",
    "-s",
    B0336B54C8EE75D6A73481A7B34B1F9C75AAF5D3,
    "--entitlements",
    "/var/folders/8p/5rgt27mj0jdb7dcpxdl3t5p80000gn/T/XcodeDistPipeline.~~~jGsUBi/entitlements~~~Auvy9l",
    "--preserve-metadata=identifier,flags,runtime,launch-constraints,library-constraints",
    "--generate-entitlement-der",
    "--strip-disallowed-xattrs",
    "-vvv",
    "/var/folders/8p/5rgt27mj0jdb7dcpxdl3t5p80000gn/T/XcodeDistPipeline.~~~jGsUBi/Root/Payload/ivooxNew.app/Frameworks/Didomi.framework"
)'>
2026-04-14 13:33:35 +0000  codesign output: /var/folders/8p/5rgt27mj0jdb7dcpxdl3t5p80000gn/T/XcodeDistPipeline.~~~jGsUBi/Root/Payload/ivooxNew.app/Frameworks/Didomi.framework: replacing existing signature
/var/folders/8p/5rgt27mj0jdb7dcpxdl3t5p80000gn/T/XcodeDistPipeline.~~~jGsUBi/Root/Payload/ivooxNew.app/Frameworks/Didomi.framework: signed bundle with Mach-O thin (arm64) [io.didomi.Didomi]
2026-04-14 13:33:35 +0000  Entitlements for <IDEDistributionItem: 0x7c4b48e40; bundleID='com.facebook.sdk.FBAEMKit', path='<DVTFilePath:0x7c46b3480:'/Users/clseva/Library/Developer/Xcode/Archives/2026-04-14/iVooxApp 14-04-2026, 15.25.xcarchive/Products/Applications/ivooxNew.app/Frameworks/FBAEMKit.framework'>', codeSigningInfo='<_DVTCodeSigningInformation_Path: 0x7c4b48de0; isSigned='1', isAdHocSigned='0', signingCertificate='<DVTSigningCertificate: 0x7c45fbcc0; name='Apple Distribution: iVoox Global Podcasting Service SL (GXW5YSU35M)', hash='B0336B54C8EE75D6A73481A7B34B1F9C75AAF5D3', serialNumber='11B69D8EB5EF84EBF19CD9772E089711', certificateKinds='(
    "1.2.840.113635.100.6.1.7",
    "1.2.840.113635.100.6.1.4"
), issueDate='2026-02-13 22:07:26 +0000''>', entitlements='(null)', teamID='GXW5YSU35M', identifier='com.facebook.sdk.FBAEMKit', executablePath='<DVTFilePath:0x7c49e7840:'/Users/clseva/Library/Developer/Xcode/Archives/2026-04-14/iVooxApp 14-04-2026, 15.25.xcarchive/Products/Applications/ivooxNew.app/Frameworks/FBAEMKit.framework/FBAEMKit'>', hardenedRuntime='0'>'>: {
}
2026-04-14 13:33:35 +0000  Associated App Clip Identifiers Filter: Skipping because "com.apple.developer.associated-appclip-app-identifiers" is not present
2026-04-14 13:33:35 +0000  Entitlements for <IDEDistributionItem: 0x7c4b48e40; bundleID='com.facebook.sdk.FBAEMKit', path='<DVTFilePath:0x7c46b3480:'/Users/clseva/Library/Developer/Xcode/Archives/2026-04-14/iVooxApp 14-04-2026, 15.25.xcarchive/Products/Applications/ivooxNew.app/Frameworks/FBAEMKit.framework'>', codeSigningInfo='<_DVTCodeSigningInformation_Path: 0x7c4b48de0; isSigned='1', isAdHocSigned='0', signingCertificate='<DVTSigningCertificate: 0x7c45fa580; name='Apple Distribution: iVoox Global Podcasting Service SL (GXW5YSU35M)', hash='B0336B54C8EE75D6A73481A7B34B1F9C75AAF5D3', serialNumber='11B69D8EB5EF84EBF19CD9772E089711', certificateKinds='(
    "1.2.840.113635.100.6.1.7",
    "1.2.840.113635.100.6.1.4"
), issueDate='2026-02-13 22:07:26 +0000''>', entitlements='(null)', teamID='GXW5YSU35M', identifier='com.facebook.sdk.FBAEMKit', executablePath='<DVTFilePath:0x7c49e7840:'/Users/clseva/Library/Developer/Xcode/Archives/2026-04-14/iVooxApp 14-04-2026, 15.25.xcarchive/Products/Applications/ivooxNew.app/Frameworks/FBAEMKit.framework/FBAEMKit'>', hardenedRuntime='0'>'> are: {
}
2026-04-14 13:33:35 +0000  Writing entitlements for <IDEDistributionItem: 0x7c4b48e40; bundleID='com.facebook.sdk.FBAEMKit', path='<DVTFilePath:0x7c46b3480:'/Users/clseva/Library/Developer/Xcode/Archives/2026-04-14/iVooxApp 14-04-2026, 15.25.xcarchive/Products/Applications/ivooxNew.app/Frameworks/FBAEMKit.framework'>', codeSigningInfo='<_DVTCodeSigningInformation_Path: 0x7c4b48de0; isSigned='1', isAdHocSigned='0', signingCertificate='<DVTSigningCertificate: 0x7c45fa580; name='Apple Distribution: iVoox Global Podcasting Service SL (GXW5YSU35M)', hash='B0336B54C8EE75D6A73481A7B34B1F9C75AAF5D3', serialNumber='11B69D8EB5EF84EBF19CD9772E089711', certificateKinds='(
    "1.2.840.113635.100.6.1.7",
    "1.2.840.113635.100.6.1.4"
), issueDate='2026-02-13 22:07:26 +0000''>', entitlements='(null)', teamID='GXW5YSU35M', identifier='com.facebook.sdk.FBAEMKit', executablePath='<DVTFilePath:0x7c49e7840:'/Users/clseva/Library/Developer/Xcode/Archives/2026-04-14/iVooxApp 14-04-2026, 15.25.xcarchive/Products/Applications/ivooxNew.app/Frameworks/FBAEMKit.framework/FBAEMKit'>', hardenedRuntime='0'>'> to: /var/folders/8p/5rgt27mj0jdb7dcpxdl3t5p80000gn/T/XcodeDistPipeline.~~~jGsUBi/entitlements~~~beqZ9i
2026-04-14 13:33:35 +0000  invoking codesign: <NSConcreteTask: 0x79ae82df0; launchPath='/usr/bin/codesign', arguments='(
    "-f",
    "-s",
    B0336B54C8EE75D6A73481A7B34B1F9C75AAF5D3,
    "--entitlements",
    "/var/folders/8p/5rgt27mj0jdb7dcpxdl3t5p80000gn/T/XcodeDistPipeline.~~~jGsUBi/entitlements~~~beqZ9i",
    "--preserve-metadata=identifier,flags,runtime,launch-constraints,library-constraints",
    "--generate-entitlement-der",
    "--strip-disallowed-xattrs",
    "-vvv",
    "/var/folders/8p/5rgt27mj0jdb7dcpxdl3t5p80000gn/T/XcodeDistPipeline.~~~jGsUBi/Root/Payload/ivooxNew.app/Frameworks/FBAEMKit.framework"
)'>
2026-04-14 13:33:35 +0000  codesign output: /var/folders/8p/5rgt27mj0jdb7dcpxdl3t5p80000gn/T/XcodeDistPipeline.~~~jGsUBi/Root/Payload/ivooxNew.app/Frameworks/FBAEMKit.framework: replacing existing signature
/var/folders/8p/5rgt27mj0jdb7dcpxdl3t5p80000gn/T/XcodeDistPipeline.~~~jGsUBi/Root/Payload/ivooxNew.app/Frameworks/FBAEMKit.framework: signed bundle with Mach-O thin (arm64) [com.facebook.sdk.FBAEMKit]
2026-04-14 13:33:35 +0000  Entitlements for <IDEDistributionItem: 0x7c4219980; bundleID='org.cocoapods.FBLPromises', path='<DVTFilePath:0x7c46b2140:'/Users/clseva/Library/Developer/Xcode/Archives/2026-04-14/iVooxApp 14-04-2026, 15.25.xcarchive/Products/Applications/ivooxNew.app/Frameworks/FBLPromises.framework'>', codeSigningInfo='<_DVTCodeSigningInformation_Path: 0x7c4219860; isSigned='1', isAdHocSigned='0', signingCertificate='<DVTSigningCertificate: 0x7c45fbcc0; name='Apple Distribution: iVoox Global Podcasting Service SL (GXW5YSU35M)', hash='B0336B54C8EE75D6A73481A7B34B1F9C75AAF5D3', serialNumber='11B69D8EB5EF84EBF19CD9772E089711', certificateKinds='(
    "1.2.840.113635.100.6.1.7",
    "1.2.840.113635.100.6.1.4"
), issueDate='2026-02-13 22:07:26 +0000''>', entitlements='(null)', teamID='GXW5YSU35M', identifier='org.cocoapods.FBLPromises', executablePath='<DVTFilePath:0x7c49ca2e0:'/Users/clseva/Library/Developer/Xcode/Archives/2026-04-14/iVooxApp 14-04-2026, 15.25.xcarchive/Products/Applications/ivooxNew.app/Frameworks/FBLPromises.framework/FBLPromises'>', hardenedRuntime='0'>'>: {
}
2026-04-14 13:33:35 +0000  Associated App Clip Identifiers Filter: Skipping because "com.apple.developer.associated-appclip-app-identifiers" is not present
2026-04-14 13:33:35 +0000  Entitlements for <IDEDistributionItem: 0x7c4219980; bundleID='org.cocoapods.FBLPromises', path='<DVTFilePath:0x7c46b2140:'/Users/clseva/Library/Developer/Xcode/Archives/2026-04-14/iVooxApp 14-04-2026, 15.25.xcarchive/Products/Applications/ivooxNew.app/Frameworks/FBLPromises.framework'>', codeSigningInfo='<_DVTCodeSigningInformation_Path: 0x7c4219860; isSigned='1', isAdHocSigned='0', signingCertificate='<DVTSigningCertificate: 0x7c45fbb40; name='Apple Distribution: iVoox Global Podcasting Service SL (GXW5YSU35M)', hash='B0336B54C8EE75D6A73481A7B34B1F9C75AAF5D3', serialNumber='11B69D8EB5EF84EBF19CD9772E089711', certificateKinds='(
    "1.2.840.113635.100.6.1.7",
    "1.2.840.113635.100.6.1.4"
), issueDate='2026-02-13 22:07:26 +0000''>', entitlements='(null)', teamID='GXW5YSU35M', identifier='org.cocoapods.FBLPromises', executablePath='<DVTFilePath:0x7c49ca2e0:'/Users/clseva/Library/Developer/Xcode/Archives/2026-04-14/iVooxApp 14-04-2026, 15.25.xcarchive/Products/Applications/ivooxNew.app/Frameworks/FBLPromises.framework/FBLPromises'>', hardenedRuntime='0'>'> are: {
}
2026-04-14 13:33:35 +0000  Writing entitlements for <IDEDistributionItem: 0x7c4219980; bundleID='org.cocoapods.FBLPromises', path='<DVTFilePath:0x7c46b2140:'/Users/clseva/Library/Developer/Xcode/Archives/2026-04-14/iVooxApp 14-04-2026, 15.25.xcarchive/Products/Applications/ivooxNew.app/Frameworks/FBLPromises.framework'>', codeSigningInfo='<_DVTCodeSigningInformation_Path: 0x7c4219860; isSigned='1', isAdHocSigned='0', signingCertificate='<DVTSigningCertificate: 0x7c45fbb40; name='Apple Distribution: iVoox Global Podcasting Service SL (GXW5YSU35M)', hash='B0336B54C8EE75D6A73481A7B34B1F9C75AAF5D3', serialNumber='11B69D8EB5EF84EBF19CD9772E089711', certificateKinds='(
    "1.2.840.113635.100.6.1.7",
    "1.2.840.113635.100.6.1.4"
), issueDate='2026-02-13 22:07:26 +0000''>', entitlements='(null)', teamID='GXW5YSU35M', identifier='org.cocoapods.FBLPromises', executablePath='<DVTFilePath:0x7c49ca2e0:'/Users/clseva/Library/Developer/Xcode/Archives/2026-04-14/iVooxApp 14-04-2026, 15.25.xcarchive/Products/Applications/ivooxNew.app/Frameworks/FBLPromises.framework/FBLPromises'>', hardenedRuntime='0'>'> to: /var/folders/8p/5rgt27mj0jdb7dcpxdl3t5p80000gn/T/XcodeDistPipeline.~~~jGsUBi/entitlements~~~EZsgcr
2026-04-14 13:33:35 +0000  invoking codesign: <NSConcreteTask: 0x79ae82ad0; launchPath='/usr/bin/codesign', arguments='(
    "-f",
    "-s",
    B0336B54C8EE75D6A73481A7B34B1F9C75AAF5D3,
    "--entitlements",
    "/var/folders/8p/5rgt27mj0jdb7dcpxdl3t5p80000gn/T/XcodeDistPipeline.~~~jGsUBi/entitlements~~~EZsgcr",
    "--preserve-metadata=identifier,flags,runtime,launch-constraints,library-constraints",
    "--generate-entitlement-der",
    "--strip-disallowed-xattrs",
    "-vvv",
    "/var/folders/8p/5rgt27mj0jdb7dcpxdl3t5p80000gn/T/XcodeDistPipeline.~~~jGsUBi/Root/Payload/ivooxNew.app/Frameworks/FBLPromises.framework"
)'>
2026-04-14 13:33:35 +0000  codesign output: /var/folders/8p/5rgt27mj0jdb7dcpxdl3t5p80000gn/T/XcodeDistPipeline.~~~jGsUBi/Root/Payload/ivooxNew.app/Frameworks/FBLPromises.framework: replacing existing signature
/var/folders/8p/5rgt27mj0jdb7dcpxdl3t5p80000gn/T/XcodeDistPipeline.~~~jGsUBi/Root/Payload/ivooxNew.app/Frameworks/FBLPromises.framework: signed bundle with Mach-O thin (arm64) [org.cocoapods.FBLPromises]
2026-04-14 13:33:35 +0000  Entitlements for <IDEDistributionItem: 0x7c4b49320; bundleID='com.facebook.sdk.FBSDKCoreKit', path='<DVTFilePath:0x7c46b3bf0:'/Users/clseva/Library/Developer/Xcode/Archives/2026-04-14/iVooxApp 14-04-2026, 15.25.xcarchive/Products/Applications/ivooxNew.app/Frameworks/FBSDKCoreKit.framework'>', codeSigningInfo='<_DVTCodeSigningInformation_Path: 0x7c421a5e0; isSigned='1', isAdHocSigned='0', signingCertificate='<DVTSigningCertificate: 0x7c45fbcc0; name='Apple Distribution: iVoox Global Podcasting Service SL (GXW5YSU35M)', hash='B0336B54C8EE75D6A73481A7B34B1F9C75AAF5D3', serialNumber='11B69D8EB5EF84EBF19CD9772E089711', certificateKinds='(
    "1.2.840.113635.100.6.1.7",
    "1.2.840.113635.100.6.1.4"
), issueDate='2026-02-13 22:07:26 +0000''>', entitlements='(null)', teamID='GXW5YSU35M', identifier='com.facebook.sdk.FBSDKCoreKit', executablePath='<DVTFilePath:0x7c49f94a0:'/Users/clseva/Library/Developer/Xcode/Archives/2026-04-14/iVooxApp 14-04-2026, 15.25.xcarchive/Products/Applications/ivooxNew.app/Frameworks/FBSDKCoreKit.framework/FBSDKCoreKit'>', hardenedRuntime='0'>'>: {
}
2026-04-14 13:33:35 +0000  Associated App Clip Identifiers Filter: Skipping because "com.apple.developer.associated-appclip-app-identifiers" is not present
2026-04-14 13:33:35 +0000  Entitlements for <IDEDistributionItem: 0x7c4b49320; bundleID='com.facebook.sdk.FBSDKCoreKit', path='<DVTFilePath:0x7c46b3bf0:'/Users/clseva/Library/Developer/Xcode/Archives/2026-04-14/iVooxApp 14-04-2026, 15.25.xcarchive/Products/Applications/ivooxNew.app/Frameworks/FBSDKCoreKit.framework'>', codeSigningInfo='<_DVTCodeSigningInformation_Path: 0x7c421a5e0; isSigned='1', isAdHocSigned='0', signingCertificate='<DVTSigningCertificate: 0x7c45fbb40; name='Apple Distribution: iVoox Global Podcasting Service SL (GXW5YSU35M)', hash='B0336B54C8EE75D6A73481A7B34B1F9C75AAF5D3', serialNumber='11B69D8EB5EF84EBF19CD9772E089711', certificateKinds='(
    "1.2.840.113635.100.6.1.7",
    "1.2.840.113635.100.6.1.4"
), issueDate='2026-02-13 22:07:26 +0000''>', entitlements='(null)', teamID='GXW5YSU35M', identifier='com.facebook.sdk.FBSDKCoreKit', executablePath='<DVTFilePath:0x7c49f94a0:'/Users/clseva/Library/Developer/Xcode/Archives/2026-04-14/iVooxApp 14-04-2026, 15.25.xcarchive/Products/Applications/ivooxNew.app/Frameworks/FBSDKCoreKit.framework/FBSDKCoreKit'>', hardenedRuntime='0'>'> are: {
}
2026-04-14 13:33:35 +0000  Writing entitlements for <IDEDistributionItem: 0x7c4b49320; bundleID='com.facebook.sdk.FBSDKCoreKit', path='<DVTFilePath:0x7c46b3bf0:'/Users/clseva/Library/Developer/Xcode/Archives/2026-04-14/iVooxApp 14-04-2026, 15.25.xcarchive/Products/Applications/ivooxNew.app/Frameworks/FBSDKCoreKit.framework'>', codeSigningInfo='<_DVTCodeSigningInformation_Path: 0x7c421a5e0; isSigned='1', isAdHocSigned='0', signingCertificate='<DVTSigningCertificate: 0x7c45fbb40; name='Apple Distribution: iVoox Global Podcasting Service SL (GXW5YSU35M)', hash='B0336B54C8EE75D6A73481A7B34B1F9C75AAF5D3', serialNumber='11B69D8EB5EF84EBF19CD9772E089711', certificateKinds='(
    "1.2.840.113635.100.6.1.7",
    "1.2.840.113635.100.6.1.4"
), issueDate='2026-02-13 22:07:26 +0000''>', entitlements='(null)', teamID='GXW5YSU35M', identifier='com.facebook.sdk.FBSDKCoreKit', executablePath='<DVTFilePath:0x7c49f94a0:'/Users/clseva/Library/Developer/Xcode/Archives/2026-04-14/iVooxApp 14-04-2026, 15.25.xcarchive/Products/Applications/ivooxNew.app/Frameworks/FBSDKCoreKit.framework/FBSDKCoreKit'>', hardenedRuntime='0'>'> to: /var/folders/8p/5rgt27mj0jdb7dcpxdl3t5p80000gn/T/XcodeDistPipeline.~~~jGsUBi/entitlements~~~ZHinzE
2026-04-14 13:33:35 +0000  invoking codesign: <NSConcreteTask: 0x79ae82ad0; launchPath='/usr/bin/codesign', arguments='(
    "-f",
    "-s",
    B0336B54C8EE75D6A73481A7B34B1F9C75AAF5D3,
    "--entitlements",
    "/var/folders/8p/5rgt27mj0jdb7dcpxdl3t5p80000gn/T/XcodeDistPipeline.~~~jGsUBi/entitlements~~~ZHinzE",
    "--preserve-metadata=identifier,flags,runtime,launch-constraints,library-constraints",
    "--generate-entitlement-der",
    "--strip-disallowed-xattrs",
    "-vvv",
    "/var/folders/8p/5rgt27mj0jdb7dcpxdl3t5p80000gn/T/XcodeDistPipeline.~~~jGsUBi/Root/Payload/ivooxNew.app/Frameworks/FBSDKCoreKit.framework"
)'>
2026-04-14 13:33:35 +0000  codesign output: /var/folders/8p/5rgt27mj0jdb7dcpxdl3t5p80000gn/T/XcodeDistPipeline.~~~jGsUBi/Root/Payload/ivooxNew.app/Frameworks/FBSDKCoreKit.framework: replacing existing signature
/var/folders/8p/5rgt27mj0jdb7dcpxdl3t5p80000gn/T/XcodeDistPipeline.~~~jGsUBi/Root/Payload/ivooxNew.app/Frameworks/FBSDKCoreKit.framework: signed bundle with Mach-O thin (arm64) [com.facebook.sdk.FBSDKCoreKit]
2026-04-14 13:33:35 +0000  Entitlements for <IDEDistributionItem: 0x7c20c91a0; bundleID='com.facebook.sdk.FBSDKCoreKitBasics', path='<DVTFilePath:0x7c46bc000:'/Users/clseva/Library/Developer/Xcode/Archives/2026-04-14/iVooxApp 14-04-2026, 15.25.xcarchive/Products/Applications/ivooxNew.app/Frameworks/FBSDKCoreKit_Basics.framework'>', codeSigningInfo='<_DVTCodeSigningInformation_Path: 0x7c42196e0; isSigned='1', isAdHocSigned='0', signingCertificate='<DVTSigningCertificate: 0x7c45fbcc0; name='Apple Distribution: iVoox Global Podcasting Service SL (GXW5YSU35M)', hash='B0336B54C8EE75D6A73481A7B34B1F9C75AAF5D3', serialNumber='11B69D8EB5EF84EBF19CD9772E089711', certificateKinds='(
    "1.2.840.113635.100.6.1.7",
    "1.2.840.113635.100.6.1.4"
), issueDate='2026-02-13 22:07:26 +0000''>', entitlements='(null)', teamID='GXW5YSU35M', identifier='com.facebook.sdk.FBSDKCoreKitBasics', executablePath='<DVTFilePath:0x7c46bc150:'/Users/clseva/Library/Developer/Xcode/Archives/2026-04-14/iVooxApp 14-04-2026, 15.25.xcarchive/Products/Applications/ivooxNew.app/Frameworks/FBSDKCoreKit_Basics.framework/FBSDKCoreKit_Basics'>', hardenedRuntime='0'>'>: {
}
2026-04-14 13:33:35 +0000  Associated App Clip Identifiers Filter: Skipping because "com.apple.developer.associated-appclip-app-identifiers" is not present
2026-04-14 13:33:35 +0000  Entitlements for <IDEDistributionItem: 0x7c20c91a0; bundleID='com.facebook.sdk.FBSDKCoreKitBasics', path='<DVTFilePath:0x7c46bc000:'/Users/clseva/Library/Developer/Xcode/Archives/2026-04-14/iVooxApp 14-04-2026, 15.25.xcarchive/Products/Applications/ivooxNew.app/Frameworks/FBSDKCoreKit_Basics.framework'>', codeSigningInfo='<_DVTCodeSigningInformation_Path: 0x7c42196e0; isSigned='1', isAdHocSigned='0', signingCertificate='<DVTSigningCertificate: 0x7c45fbb40; name='Apple Distribution: iVoox Global Podcasting Service SL (GXW5YSU35M)', hash='B0336B54C8EE75D6A73481A7B34B1F9C75AAF5D3', serialNumber='11B69D8EB5EF84EBF19CD9772E089711', certificateKinds='(
    "1.2.840.113635.100.6.1.7",
    "1.2.840.113635.100.6.1.4"
), issueDate='2026-02-13 22:07:26 +0000''>', entitlements='(null)', teamID='GXW5YSU35M', identifier='com.facebook.sdk.FBSDKCoreKitBasics', executablePath='<DVTFilePath:0x7c46bc150:'/Users/clseva/Library/Developer/Xcode/Archives/2026-04-14/iVooxApp 14-04-2026, 15.25.xcarchive/Products/Applications/ivooxNew.app/Frameworks/FBSDKCoreKit_Basics.framework/FBSDKCoreKit_Basics'>', hardenedRuntime='0'>'> are: {
}
2026-04-14 13:33:35 +0000  Writing entitlements for <IDEDistributionItem: 0x7c20c91a0; bundleID='com.facebook.sdk.FBSDKCoreKitBasics', path='<DVTFilePath:0x7c46bc000:'/Users/clseva/Library/Developer/Xcode/Archives/2026-04-14/iVooxApp 14-04-2026, 15.25.xcarchive/Products/Applications/ivooxNew.app/Frameworks/FBSDKCoreKit_Basics.framework'>', codeSigningInfo='<_DVTCodeSigningInformation_Path: 0x7c42196e0; isSigned='1', isAdHocSigned='0', signingCertificate='<DVTSigningCertificate: 0x7c45fbb40; name='Apple Distribution: iVoox Global Podcasting Service SL (GXW5YSU35M)', hash='B0336B54C8EE75D6A73481A7B34B1F9C75AAF5D3', serialNumber='11B69D8EB5EF84EBF19CD9772E089711', certificateKinds='(
    "1.2.840.113635.100.6.1.7",
    "1.2.840.113635.100.6.1.4"
), issueDate='2026-02-13 22:07:26 +0000''>', entitlements='(null)', teamID='GXW5YSU35M', identifier='com.facebook.sdk.FBSDKCoreKitBasics', executablePath='<DVTFilePath:0x7c46bc150:'/Users/clseva/Library/Developer/Xcode/Archives/2026-04-14/iVooxApp 14-04-2026, 15.25.xcarchive/Products/Applications/ivooxNew.app/Frameworks/FBSDKCoreKit_Basics.framework/FBSDKCoreKit_Basics'>', hardenedRuntime='0'>'> to: /var/folders/8p/5rgt27mj0jdb7dcpxdl3t5p80000gn/T/XcodeDistPipeline.~~~jGsUBi/entitlements~~~OfKYol
2026-04-14 13:33:35 +0000  invoking codesign: <NSConcreteTask: 0x79ae82ad0; launchPath='/usr/bin/codesign', arguments='(
    "-f",
    "-s",
    B0336B54C8EE75D6A73481A7B34B1F9C75AAF5D3,
    "--entitlements",
    "/var/folders/8p/5rgt27mj0jdb7dcpxdl3t5p80000gn/T/XcodeDistPipeline.~~~jGsUBi/entitlements~~~OfKYol",
    "--preserve-metadata=identifier,flags,runtime,launch-constraints,library-constraints",
    "--generate-entitlement-der",
    "--strip-disallowed-xattrs",
    "-vvv",
    "/var/folders/8p/5rgt27mj0jdb7dcpxdl3t5p80000gn/T/XcodeDistPipeline.~~~jGsUBi/Root/Payload/ivooxNew.app/Frameworks/FBSDKCoreKit_Basics.framework"
)'>
2026-04-14 13:33:35 +0000  codesign output: /var/folders/8p/5rgt27mj0jdb7dcpxdl3t5p80000gn/T/XcodeDistPipeline.~~~jGsUBi/Root/Payload/ivooxNew.app/Frameworks/FBSDKCoreKit_Basics.framework: replacing existing signature
/var/folders/8p/5rgt27mj0jdb7dcpxdl3t5p80000gn/T/XcodeDistPipeline.~~~jGsUBi/Root/Payload/ivooxNew.app/Frameworks/FBSDKCoreKit_Basics.framework: signed bundle with Mach-O thin (arm64) [com.facebook.sdk.FBSDKCoreKitBasics]
2026-04-14 13:33:35 +0000  Entitlements for <IDEDistributionItem: 0x7c4b484e0; bundleID='com.facebook.sdk.FBSDKLoginKit', path='<DVTFilePath:0x7c46b1650:'/Users/clseva/Library/Developer/Xcode/Archives/2026-04-14/iVooxApp 14-04-2026, 15.25.xcarchive/Products/Applications/ivooxNew.app/Frameworks/FBSDKLoginKit.framework'>', codeSigningInfo='<_DVTCodeSigningInformation_Path: 0x7c4219f80; isSigned='1', isAdHocSigned='0', signingCertificate='<DVTSigningCertificate: 0x7c45fbcc0; name='Apple Distribution: iVoox Global Podcasting Service SL (GXW5YSU35M)', hash='B0336B54C8EE75D6A73481A7B34B1F9C75AAF5D3', serialNumber='11B69D8EB5EF84EBF19CD9772E089711', certificateKinds='(
    "1.2.840.113635.100.6.1.7",
    "1.2.840.113635.100.6.1.4"
), issueDate='2026-02-13 22:07:26 +0000''>', entitlements='(null)', teamID='GXW5YSU35M', identifier='com.facebook.sdk.FBSDKLoginKit', executablePath='<DVTFilePath:0x7c49b7120:'/Users/clseva/Library/Developer/Xcode/Archives/2026-04-14/iVooxApp 14-04-2026, 15.25.xcarchive/Products/Applications/ivooxNew.app/Frameworks/FBSDKLoginKit.framework/FBSDKLoginKit'>', hardenedRuntime='0'>'>: {
}
2026-04-14 13:33:35 +0000  Associated App Clip Identifiers Filter: Skipping because "com.apple.developer.associated-appclip-app-identifiers" is not present
2026-04-14 13:33:35 +0000  Entitlements for <IDEDistributionItem: 0x7c4b484e0; bundleID='com.facebook.sdk.FBSDKLoginKit', path='<DVTFilePath:0x7c46b1650:'/Users/clseva/Library/Developer/Xcode/Archives/2026-04-14/iVooxApp 14-04-2026, 15.25.xcarchive/Products/Applications/ivooxNew.app/Frameworks/FBSDKLoginKit.framework'>', codeSigningInfo='<_DVTCodeSigningInformation_Path: 0x7c4219f80; isSigned='1', isAdHocSigned='0', signingCertificate='<DVTSigningCertificate: 0x7c45fbb40; name='Apple Distribution: iVoox Global Podcasting Service SL (GXW5YSU35M)', hash='B0336B54C8EE75D6A73481A7B34B1F9C75AAF5D3', serialNumber='11B69D8EB5EF84EBF19CD9772E089711', certificateKinds='(
    "1.2.840.113635.100.6.1.7",
    "1.2.840.113635.100.6.1.4"
), issueDate='2026-02-13 22:07:26 +0000''>', entitlements='(null)', teamID='GXW5YSU35M', identifier='com.facebook.sdk.FBSDKLoginKit', executablePath='<DVTFilePath:0x7c49b7120:'/Users/clseva/Library/Developer/Xcode/Archives/2026-04-14/iVooxApp 14-04-2026, 15.25.xcarchive/Products/Applications/ivooxNew.app/Frameworks/FBSDKLoginKit.framework/FBSDKLoginKit'>', hardenedRuntime='0'>'> are: {
}
2026-04-14 13:33:35 +0000  Writing entitlements for <IDEDistributionItem: 0x7c4b484e0; bundleID='com.facebook.sdk.FBSDKLoginKit', path='<DVTFilePath:0x7c46b1650:'/Users/clseva/Library/Developer/Xcode/Archives/2026-04-14/iVooxApp 14-04-2026, 15.25.xcarchive/Products/Applications/ivooxNew.app/Frameworks/FBSDKLoginKit.framework'>', codeSigningInfo='<_DVTCodeSigningInformation_Path: 0x7c4219f80; isSigned='1', isAdHocSigned='0', signingCertificate='<DVTSigningCertificate: 0x7c45fbb40; name='Apple Distribution: iVoox Global Podcasting Service SL (GXW5YSU35M)', hash='B0336B54C8EE75D6A73481A7B34B1F9C75AAF5D3', serialNumber='11B69D8EB5EF84EBF19CD9772E089711', certificateKinds='(
    "1.2.840.113635.100.6.1.7",
    "1.2.840.113635.100.6.1.4"
), issueDate='2026-02-13 22:07:26 +0000''>', entitlements='(null)', teamID='GXW5YSU35M', identifier='com.facebook.sdk.FBSDKLoginKit', executablePath='<DVTFilePath:0x7c49b7120:'/Users/clseva/Library/Developer/Xcode/Archives/2026-04-14/iVooxApp 14-04-2026, 15.25.xcarchive/Products/Applications/ivooxNew.app/Frameworks/FBSDKLoginKit.framework/FBSDKLoginKit'>', hardenedRuntime='0'>'> to: /var/folders/8p/5rgt27mj0jdb7dcpxdl3t5p80000gn/T/XcodeDistPipeline.~~~jGsUBi/entitlements~~~cG2als
2026-04-14 13:33:35 +0000  invoking codesign: <NSConcreteTask: 0x79ae82ad0; launchPath='/usr/bin/codesign', arguments='(
    "-f",
    "-s",
    B0336B54C8EE75D6A73481A7B34B1F9C75AAF5D3,
    "--entitlements",
    "/var/folders/8p/5rgt27mj0jdb7dcpxdl3t5p80000gn/T/XcodeDistPipeline.~~~jGsUBi/entitlements~~~cG2als",
    "--preserve-metadata=identifier,flags,runtime,launch-constraints,library-constraints",
    "--generate-entitlement-der",
    "--strip-disallowed-xattrs",
    "-vvv",
    "/var/folders/8p/5rgt27mj0jdb7dcpxdl3t5p80000gn/T/XcodeDistPipeline.~~~jGsUBi/Root/Payload/ivooxNew.app/Frameworks/FBSDKLoginKit.framework"
)'>
2026-04-14 13:33:35 +0000  codesign output: /var/folders/8p/5rgt27mj0jdb7dcpxdl3t5p80000gn/T/XcodeDistPipeline.~~~jGsUBi/Root/Payload/ivooxNew.app/Frameworks/FBSDKLoginKit.framework: replacing existing signature
/var/folders/8p/5rgt27mj0jdb7dcpxdl3t5p80000gn/T/XcodeDistPipeline.~~~jGsUBi/Root/Payload/ivooxNew.app/Frameworks/FBSDKLoginKit.framework: signed bundle with Mach-O thin (arm64) [com.facebook.sdk.FBSDKLoginKit]
2026-04-14 13:33:35 +0000  Entitlements for <IDEDistributionItem: 0x7c421a820; bundleID='com.facebook.sdk.FBSDKShareKit', path='<DVTFilePath:0x7c46b1ce0:'/Users/clseva/Library/Developer/Xcode/Archives/2026-04-14/iVooxApp 14-04-2026, 15.25.xcarchive/Products/Applications/ivooxNew.app/Frameworks/FBSDKShareKit.framework'>', codeSigningInfo='<_DVTCodeSigningInformation_Path: 0x7c4b48d80; isSigned='1', isAdHocSigned='0', signingCertificate='<DVTSigningCertificate: 0x7c45fbcc0; name='Apple Distribution: iVoox Global Podcasting Service SL (GXW5YSU35M)', hash='B0336B54C8EE75D6A73481A7B34B1F9C75AAF5D3', serialNumber='11B69D8EB5EF84EBF19CD9772E089711', certificateKinds='(
    "1.2.840.113635.100.6.1.7",
    "1.2.840.113635.100.6.1.4"
), issueDate='2026-02-13 22:07:26 +0000''>', entitlements='(null)', teamID='GXW5YSU35M', identifier='com.facebook.sdk.FBSDKShareKit', executablePath='<DVTFilePath:0x7c49c8e40:'/Users/clseva/Library/Developer/Xcode/Archives/2026-04-14/iVooxApp 14-04-2026, 15.25.xcarchive/Products/Applications/ivooxNew.app/Frameworks/FBSDKShareKit.framework/FBSDKShareKit'>', hardenedRuntime='0'>'>: {
}
2026-04-14 13:33:35 +0000  Associated App Clip Identifiers Filter: Skipping because "com.apple.developer.associated-appclip-app-identifiers" is not present
2026-04-14 13:33:35 +0000  Entitlements for <IDEDistributionItem: 0x7c421a820; bundleID='com.facebook.sdk.FBSDKShareKit', path='<DVTFilePath:0x7c46b1ce0:'/Users/clseva/Library/Developer/Xcode/Archives/2026-04-14/iVooxApp 14-04-2026, 15.25.xcarchive/Products/Applications/ivooxNew.app/Frameworks/FBSDKShareKit.framework'>', codeSigningInfo='<_DVTCodeSigningInformation_Path: 0x7c4b48d80; isSigned='1', isAdHocSigned='0', signingCertificate='<DVTSigningCertificate: 0x7c45fbb40; name='Apple Distribution: iVoox Global Podcasting Service SL (GXW5YSU35M)', hash='B0336B54C8EE75D6A73481A7B34B1F9C75AAF5D3', serialNumber='11B69D8EB5EF84EBF19CD9772E089711', certificateKinds='(
    "1.2.840.113635.100.6.1.7",
    "1.2.840.113635.100.6.1.4"
), issueDate='2026-02-13 22:07:26 +0000''>', entitlements='(null)', teamID='GXW5YSU35M', identifier='com.facebook.sdk.FBSDKShareKit', executablePath='<DVTFilePath:0x7c49c8e40:'/Users/clseva/Library/Developer/Xcode/Archives/2026-04-14/iVooxApp 14-04-2026, 15.25.xcarchive/Products/Applications/ivooxNew.app/Frameworks/FBSDKShareKit.framework/FBSDKShareKit'>', hardenedRuntime='0'>'> are: {
}
2026-04-14 13:33:35 +0000  Writing entitlements for <IDEDistributionItem: 0x7c421a820; bundleID='com.facebook.sdk.FBSDKShareKit', path='<DVTFilePath:0x7c46b1ce0:'/Users/clseva/Library/Developer/Xcode/Archives/2026-04-14/iVooxApp 14-04-2026, 15.25.xcarchive/Products/Applications/ivooxNew.app/Frameworks/FBSDKShareKit.framework'>', codeSigningInfo='<_DVTCodeSigningInformation_Path: 0x7c4b48d80; isSigned='1', isAdHocSigned='0', signingCertificate='<DVTSigningCertificate: 0x7c45fbb40; name='Apple Distribution: iVoox Global Podcasting Service SL (GXW5YSU35M)', hash='B0336B54C8EE75D6A73481A7B34B1F9C75AAF5D3', serialNumber='11B69D8EB5EF84EBF19CD9772E089711', certificateKinds='(
    "1.2.840.113635.100.6.1.7",
    "1.2.840.113635.100.6.1.4"
), issueDate='2026-02-13 22:07:26 +0000''>', entitlements='(null)', teamID='GXW5YSU35M', identifier='com.facebook.sdk.FBSDKShareKit', executablePath='<DVTFilePath:0x7c49c8e40:'/Users/clseva/Library/Developer/Xcode/Archives/2026-04-14/iVooxApp 14-04-2026, 15.25.xcarchive/Products/Applications/ivooxNew.app/Frameworks/FBSDKShareKit.framework/FBSDKShareKit'>', hardenedRuntime='0'>'> to: /var/folders/8p/5rgt27mj0jdb7dcpxdl3t5p80000gn/T/XcodeDistPipeline.~~~jGsUBi/entitlements~~~X8BXNw
2026-04-14 13:33:35 +0000  invoking codesign: <NSConcreteTask: 0x79ae832a0; launchPath='/usr/bin/codesign', arguments='(
    "-f",
    "-s",
    B0336B54C8EE75D6A73481A7B34B1F9C75AAF5D3,
    "--entitlements",
    "/var/folders/8p/5rgt27mj0jdb7dcpxdl3t5p80000gn/T/XcodeDistPipeline.~~~jGsUBi/entitlements~~~X8BXNw",
    "--preserve-metadata=identifier,flags,runtime,launch-constraints,library-constraints",
    "--generate-entitlement-der",
    "--strip-disallowed-xattrs",
    "-vvv",
    "/var/folders/8p/5rgt27mj0jdb7dcpxdl3t5p80000gn/T/XcodeDistPipeline.~~~jGsUBi/Root/Payload/ivooxNew.app/Frameworks/FBSDKShareKit.framework"
)'>
2026-04-14 13:33:35 +0000  codesign output: /var/folders/8p/5rgt27mj0jdb7dcpxdl3t5p80000gn/T/XcodeDistPipeline.~~~jGsUBi/Root/Payload/ivooxNew.app/Frameworks/FBSDKShareKit.framework: replacing existing signature
/var/folders/8p/5rgt27mj0jdb7dcpxdl3t5p80000gn/T/XcodeDistPipeline.~~~jGsUBi/Root/Payload/ivooxNew.app/Frameworks/FBSDKShareKit.framework: signed bundle with Mach-O thin (arm64) [com.facebook.sdk.FBSDKShareKit]
2026-04-14 13:33:35 +0000  Entitlements for <IDEDistributionItem: 0x7c4b480c0; bundleID='org.cocoapods.FSPagerView', path='<DVTFilePath:0x7b67634f0:'/Users/clseva/Library/Developer/Xcode/Archives/2026-04-14/iVooxApp 14-04-2026, 15.25.xcarchive/Products/Applications/ivooxNew.app/Frameworks/FSPagerView.framework'>', codeSigningInfo='<_DVTCodeSigningInformation_Path: 0x7c4b4b6c0; isSigned='1', isAdHocSigned='0', signingCertificate='<DVTSigningCertificate: 0x7c45fbcc0; name='Apple Distribution: iVoox Global Podcasting Service SL (GXW5YSU35M)', hash='B0336B54C8EE75D6A73481A7B34B1F9C75AAF5D3', serialNumber='11B69D8EB5EF84EBF19CD9772E089711', certificateKinds='(
    "1.2.840.113635.100.6.1.7",
    "1.2.840.113635.100.6.1.4"
), issueDate='2026-02-13 22:07:26 +0000''>', entitlements='(null)', teamID='GXW5YSU35M', identifier='org.cocoapods.FSPagerView', executablePath='<DVTFilePath:0x7c4a4bf60:'/Users/clseva/Library/Developer/Xcode/Archives/2026-04-14/iVooxApp 14-04-2026, 15.25.xcarchive/Products/Applications/ivooxNew.app/Frameworks/FSPagerView.framework/FSPagerView'>', hardenedRuntime='0'>'>: {
}
2026-04-14 13:33:35 +0000  Associated App Clip Identifiers Filter: Skipping because "com.apple.developer.associated-appclip-app-identifiers" is not present
2026-04-14 13:33:35 +0000  Entitlements for <IDEDistributionItem: 0x7c4b480c0; bundleID='org.cocoapods.FSPagerView', path='<DVTFilePath:0x7b67634f0:'/Users/clseva/Library/Developer/Xcode/Archives/2026-04-14/iVooxApp 14-04-2026, 15.25.xcarchive/Products/Applications/ivooxNew.app/Frameworks/FSPagerView.framework'>', codeSigningInfo='<_DVTCodeSigningInformation_Path: 0x7c4b4b6c0; isSigned='1', isAdHocSigned='0', signingCertificate='<DVTSigningCertificate: 0x7c45fbb40; name='Apple Distribution: iVoox Global Podcasting Service SL (GXW5YSU35M)', hash='B0336B54C8EE75D6A73481A7B34B1F9C75AAF5D3', serialNumber='11B69D8EB5EF84EBF19CD9772E089711', certificateKinds='(
    "1.2.840.113635.100.6.1.7",
    "1.2.840.113635.100.6.1.4"
), issueDate='2026-02-13 22:07:26 +0000''>', entitlements='(null)', teamID='GXW5YSU35M', identifier='org.cocoapods.FSPagerView', executablePath='<DVTFilePath:0x7c4a4bf60:'/Users/clseva/Library/Developer/Xcode/Archives/2026-04-14/iVooxApp 14-04-2026, 15.25.xcarchive/Products/Applications/ivooxNew.app/Frameworks/FSPagerView.framework/FSPagerView'>', hardenedRuntime='0'>'> are: {
}
2026-04-14 13:33:35 +0000  Writing entitlements for <IDEDistributionItem: 0x7c4b480c0; bundleID='org.cocoapods.FSPagerView', path='<DVTFilePath:0x7b67634f0:'/Users/clseva/Library/Developer/Xcode/Archives/2026-04-14/iVooxApp 14-04-2026, 15.25.xcarchive/Products/Applications/ivooxNew.app/Frameworks/FSPagerView.framework'>', codeSigningInfo='<_DVTCodeSigningInformation_Path: 0x7c4b4b6c0; isSigned='1', isAdHocSigned='0', signingCertificate='<DVTSigningCertificate: 0x7c45fbb40; name='Apple Distribution: iVoox Global Podcasting Service SL (GXW5YSU35M)', hash='B0336B54C8EE75D6A73481A7B34B1F9C75AAF5D3', serialNumber='11B69D8EB5EF84EBF19CD9772E089711', certificateKinds='(
    "1.2.840.113635.100.6.1.7",
    "1.2.840.113635.100.6.1.4"
), issueDate='2026-02-13 22:07:26 +0000''>', entitlements='(null)', teamID='GXW5YSU35M', identifier='org.cocoapods.FSPagerView', executablePath='<DVTFilePath:0x7c4a4bf60:'/Users/clseva/Library/Developer/Xcode/Archives/2026-04-14/iVooxApp 14-04-2026, 15.25.xcarchive/Products/Applications/ivooxNew.app/Frameworks/FSPagerView.framework/FSPagerView'>', hardenedRuntime='0'>'> to: /var/folders/8p/5rgt27mj0jdb7dcpxdl3t5p80000gn/T/XcodeDistPipeline.~~~jGsUBi/entitlements~~~JAeUCY
2026-04-14 13:33:35 +0000  invoking codesign: <NSConcreteTask: 0x79d8b7c00; launchPath='/usr/bin/codesign', arguments='(
    "-f",
    "-s",
    B0336B54C8EE75D6A73481A7B34B1F9C75AAF5D3,
    "--entitlements",
    "/var/folders/8p/5rgt27mj0jdb7dcpxdl3t5p80000gn/T/XcodeDistPipeline.~~~jGsUBi/entitlements~~~JAeUCY",
    "--preserve-metadata=identifier,flags,runtime,launch-constraints,library-constraints",
    "--generate-entitlement-der",
    "--strip-disallowed-xattrs",
    "-vvv",
    "/var/folders/8p/5rgt27mj0jdb7dcpxdl3t5p80000gn/T/XcodeDistPipeline.~~~jGsUBi/Root/Payload/ivooxNew.app/Frameworks/FSPagerView.framework"
)'>
2026-04-14 13:33:35 +0000  codesign output: /var/folders/8p/5rgt27mj0jdb7dcpxdl3t5p80000gn/T/XcodeDistPipeline.~~~jGsUBi/Root/Payload/ivooxNew.app/Frameworks/FSPagerView.framework: replacing existing signature
/var/folders/8p/5rgt27mj0jdb7dcpxdl3t5p80000gn/T/XcodeDistPipeline.~~~jGsUBi/Root/Payload/ivooxNew.app/Frameworks/FSPagerView.framework: signed bundle with Mach-O thin (arm64) [org.cocoapods.FSPagerView]
2026-04-14 13:33:35 +0000  Entitlements for <IDEDistributionItem: 0x7c4b492c0; bundleID='org.cocoapods.FirebaseABTesting', path='<DVTFilePath:0x7c46c1a40:'/Users/clseva/Library/Developer/Xcode/Archives/2026-04-14/iVooxApp 14-04-2026, 15.25.xcarchive/Products/Applications/ivooxNew.app/Frameworks/FirebaseABTesting.framework'>', codeSigningInfo='<_DVTCodeSigningInformation_Path: 0x7c4219ce0; isSigned='1', isAdHocSigned='0', signingCertificate='<DVTSigningCertificate: 0x7c45fbcc0; name='Apple Distribution: iVoox Global Podcasting Service SL (GXW5YSU35M)', hash='B0336B54C8EE75D6A73481A7B34B1F9C75AAF5D3', serialNumber='11B69D8EB5EF84EBF19CD9772E089711', certificateKinds='(
    "1.2.840.113635.100.6.1.7",
    "1.2.840.113635.100.6.1.4"
), issueDate='2026-02-13 22:07:26 +0000''>', entitlements='(null)', teamID='GXW5YSU35M', identifier='org.cocoapods.FirebaseABTesting', executablePath='<DVTFilePath:0x7c46c1b20:'/Users/clseva/Library/Developer/Xcode/Archives/2026-04-14/iVooxApp 14-04-2026, 15.25.xcarchive/Products/Applications/ivooxNew.app/Frameworks/FirebaseABTesting.framework/FirebaseABTesting'>', hardenedRuntime='0'>'>: {
}
2026-04-14 13:33:35 +0000  Associated App Clip Identifiers Filter: Skipping because "com.apple.developer.associated-appclip-app-identifiers" is not present
2026-04-14 13:33:35 +0000  Entitlements for <IDEDistributionItem: 0x7c4b492c0; bundleID='org.cocoapods.FirebaseABTesting', path='<DVTFilePath:0x7c46c1a40:'/Users/clseva/Library/Developer/Xcode/Archives/2026-04-14/iVooxApp 14-04-2026, 15.25.xcarchive/Products/Applications/ivooxNew.app/Frameworks/FirebaseABTesting.framework'>', codeSigningInfo='<_DVTCodeSigningInformation_Path: 0x7c4219ce0; isSigned='1', isAdHocSigned='0', signingCertificate='<DVTSigningCertificate: 0x7c45fbb40; name='Apple Distribution: iVoox Global Podcasting Service SL (GXW5YSU35M)', hash='B0336B54C8EE75D6A73481A7B34B1F9C75AAF5D3', serialNumber='11B69D8EB5EF84EBF19CD9772E089711', certificateKinds='(
    "1.2.840.113635.100.6.1.7",
    "1.2.840.113635.100.6.1.4"
), issueDate='2026-02-13 22:07:26 +0000''>', entitlements='(null)', teamID='GXW5YSU35M', identifier='org.cocoapods.FirebaseABTesting', executablePath='<DVTFilePath:0x7c46c1b20:'/Users/clseva/Library/Developer/Xcode/Archives/2026-04-14/iVooxApp 14-04-2026, 15.25.xcarchive/Products/Applications/ivooxNew.app/Frameworks/FirebaseABTesting.framework/FirebaseABTesting'>', hardenedRuntime='0'>'> are: {
}
2026-04-14 13:33:35 +0000  Writing entitlements for <IDEDistributionItem: 0x7c4b492c0; bundleID='org.cocoapods.FirebaseABTesting', path='<DVTFilePath:0x7c46c1a40:'/Users/clseva/Library/Developer/Xcode/Archives/2026-04-14/iVooxApp 14-04-2026, 15.25.xcarchive/Products/Applications/ivooxNew.app/Frameworks/FirebaseABTesting.framework'>', codeSigningInfo='<_DVTCodeSigningInformation_Path: 0x7c4219ce0; isSigned='1', isAdHocSigned='0', signingCertificate='<DVTSigningCertificate: 0x7c45fbb40; name='Apple Distribution: iVoox Global Podcasting Service SL (GXW5YSU35M)', hash='B0336B54C8EE75D6A73481A7B34B1F9C75AAF5D3', serialNumber='11B69D8EB5EF84EBF19CD9772E089711', certificateKinds='(
    "1.2.840.113635.100.6.1.7",
    "1.2.840.113635.100.6.1.4"
), issueDate='2026-02-13 22:07:26 +0000''>', entitlements='(null)', teamID='GXW5YSU35M', identifier='org.cocoapods.FirebaseABTesting', executablePath='<DVTFilePath:0x7c46c1b20:'/Users/clseva/Library/Developer/Xcode/Archives/2026-04-14/iVooxApp 14-04-2026, 15.25.xcarchive/Products/Applications/ivooxNew.app/Frameworks/FirebaseABTesting.framework/FirebaseABTesting'>', hardenedRuntime='0'>'> to: /var/folders/8p/5rgt27mj0jdb7dcpxdl3t5p80000gn/T/XcodeDistPipeline.~~~jGsUBi/entitlements~~~L7P0k4
2026-04-14 13:33:35 +0000  invoking codesign: <NSConcreteTask: 0x79d8b7c00; launchPath='/usr/bin/codesign', arguments='(
    "-f",
    "-s",
    B0336B54C8EE75D6A73481A7B34B1F9C75AAF5D3,
    "--entitlements",
    "/var/folders/8p/5rgt27mj0jdb7dcpxdl3t5p80000gn/T/XcodeDistPipeline.~~~jGsUBi/entitlements~~~L7P0k4",
    "--preserve-metadata=identifier,flags,runtime,launch-constraints,library-constraints",
    "--generate-entitlement-der",
    "--strip-disallowed-xattrs",
    "-vvv",
    "/var/folders/8p/5rgt27mj0jdb7dcpxdl3t5p80000gn/T/XcodeDistPipeline.~~~jGsUBi/Root/Payload/ivooxNew.app/Frameworks/FirebaseABTesting.framework"
)'>
2026-04-14 13:33:36 +0000  codesign output: /var/folders/8p/5rgt27mj0jdb7dcpxdl3t5p80000gn/T/XcodeDistPipeline.~~~jGsUBi/Root/Payload/ivooxNew.app/Frameworks/FirebaseABTesting.framework: replacing existing signature
/var/folders/8p/5rgt27mj0jdb7dcpxdl3t5p80000gn/T/XcodeDistPipeline.~~~jGsUBi/Root/Payload/ivooxNew.app/Frameworks/FirebaseABTesting.framework: signed bundle with Mach-O thin (arm64) [org.cocoapods.FirebaseABTesting]
2026-04-14 13:33:36 +0000  Entitlements for <IDEDistributionItem: 0x7c4b4bde0; bundleID='org.cocoapods.FirebaseCore', path='<DVTFilePath:0x7c46b26f0:'/Users/clseva/Library/Developer/Xcode/Archives/2026-04-14/iVooxApp 14-04-2026, 15.25.xcarchive/Products/Applications/ivooxNew.app/Frameworks/FirebaseCore.framework'>', codeSigningInfo='<_DVTCodeSigningInformation_Path: 0x7c4b4bd20; isSigned='1', isAdHocSigned='0', signingCertificate='<DVTSigningCertificate: 0x7c45fbcc0; name='Apple Distribution: iVoox Global Podcasting Service SL (GXW5YSU35M)', hash='B0336B54C8EE75D6A73481A7B34B1F9C75AAF5D3', serialNumber='11B69D8EB5EF84EBF19CD9772E089711', certificateKinds='(
    "1.2.840.113635.100.6.1.7",
    "1.2.840.113635.100.6.1.4"
), issueDate='2026-02-13 22:07:26 +0000''>', entitlements='(null)', teamID='GXW5YSU35M', identifier='org.cocoapods.FirebaseCore', executablePath='<DVTFilePath:0x7c49cb840:'/Users/clseva/Library/Developer/Xcode/Archives/2026-04-14/iVooxApp 14-04-2026, 15.25.xcarchive/Products/Applications/ivooxNew.app/Frameworks/FirebaseCore.framework/FirebaseCore'>', hardenedRuntime='0'>'>: {
}
2026-04-14 13:33:36 +0000  Associated App Clip Identifiers Filter: Skipping because "com.apple.developer.associated-appclip-app-identifiers" is not present
2026-04-14 13:33:36 +0000  Entitlements for <IDEDistributionItem: 0x7c4b4bde0; bundleID='org.cocoapods.FirebaseCore', path='<DVTFilePath:0x7c46b26f0:'/Users/clseva/Library/Developer/Xcode/Archives/2026-04-14/iVooxApp 14-04-2026, 15.25.xcarchive/Products/Applications/ivooxNew.app/Frameworks/FirebaseCore.framework'>', codeSigningInfo='<_DVTCodeSigningInformation_Path: 0x7c4b4bd20; isSigned='1', isAdHocSigned='0', signingCertificate='<DVTSigningCertificate: 0x7c45fbb40; name='Apple Distribution: iVoox Global Podcasting Service SL (GXW5YSU35M)', hash='B0336B54C8EE75D6A73481A7B34B1F9C75AAF5D3', serialNumber='11B69D8EB5EF84EBF19CD9772E089711', certificateKinds='(
    "1.2.840.113635.100.6.1.7",
    "1.2.840.113635.100.6.1.4"
), issueDate='2026-02-13 22:07:26 +0000''>', entitlements='(null)', teamID='GXW5YSU35M', identifier='org.cocoapods.FirebaseCore', executablePath='<DVTFilePath:0x7c49cb840:'/Users/clseva/Library/Developer/Xcode/Archives/2026-04-14/iVooxApp 14-04-2026, 15.25.xcarchive/Products/Applications/ivooxNew.app/Frameworks/FirebaseCore.framework/FirebaseCore'>', hardenedRuntime='0'>'> are: {
}
2026-04-14 13:33:36 +0000  Writing entitlements for <IDEDistributionItem: 0x7c4b4bde0; bundleID='org.cocoapods.FirebaseCore', path='<DVTFilePath:0x7c46b26f0:'/Users/clseva/Library/Developer/Xcode/Archives/2026-04-14/iVooxApp 14-04-2026, 15.25.xcarchive/Products/Applications/ivooxNew.app/Frameworks/FirebaseCore.framework'>', codeSigningInfo='<_DVTCodeSigningInformation_Path: 0x7c4b4bd20; isSigned='1', isAdHocSigned='0', signingCertificate='<DVTSigningCertificate: 0x7c45fbb40; name='Apple Distribution: iVoox Global Podcasting Service SL (GXW5YSU35M)', hash='B0336B54C8EE75D6A73481A7B34B1F9C75AAF5D3', serialNumber='11B69D8EB5EF84EBF19CD9772E089711', certificateKinds='(
    "1.2.840.113635.100.6.1.7",
    "1.2.840.113635.100.6.1.4"
), issueDate='2026-02-13 22:07:26 +0000''>', entitlements='(null)', teamID='GXW5YSU35M', identifier='org.cocoapods.FirebaseCore', executablePath='<DVTFilePath:0x7c49cb840:'/Users/clseva/Library/Developer/Xcode/Archives/2026-04-14/iVooxApp 14-04-2026, 15.25.xcarchive/Products/Applications/ivooxNew.app/Frameworks/FirebaseCore.framework/FirebaseCore'>', hardenedRuntime='0'>'> to: /var/folders/8p/5rgt27mj0jdb7dcpxdl3t5p80000gn/T/XcodeDistPipeline.~~~jGsUBi/entitlements~~~lK42B7
2026-04-14 13:33:36 +0000  invoking codesign: <NSConcreteTask: 0x79d8b7c00; launchPath='/usr/bin/codesign', arguments='(
    "-f",
    "-s",
    B0336B54C8EE75D6A73481A7B34B1F9C75AAF5D3,
    "--entitlements",
    "/var/folders/8p/5rgt27mj0jdb7dcpxdl3t5p80000gn/T/XcodeDistPipeline.~~~jGsUBi/entitlements~~~lK42B7",
    "--preserve-metadata=identifier,flags,runtime,launch-constraints,library-constraints",
    "--generate-entitlement-der",
    "--strip-disallowed-xattrs",
    "-vvv",
    "/var/folders/8p/5rgt27mj0jdb7dcpxdl3t5p80000gn/T/XcodeDistPipeline.~~~jGsUBi/Root/Payload/ivooxNew.app/Frameworks/FirebaseCore.framework"
)'>
2026-04-14 13:33:36 +0000  codesign output: /var/folders/8p/5rgt27mj0jdb7dcpxdl3t5p80000gn/T/XcodeDistPipeline.~~~jGsUBi/Root/Payload/ivooxNew.app/Frameworks/FirebaseCore.framework: replacing existing signature
/var/folders/8p/5rgt27mj0jdb7dcpxdl3t5p80000gn/T/XcodeDistPipeline.~~~jGsUBi/Root/Payload/ivooxNew.app/Frameworks/FirebaseCore.framework: signed bundle with Mach-O thin (arm64) [org.cocoapods.FirebaseCore]
2026-04-14 13:33:36 +0000  Entitlements for <IDEDistributionItem: 0x7c4b4a5e0; bundleID='org.cocoapods.FirebaseCoreExtension', path='<DVTFilePath:0x7c46b3250:'/Users/clseva/Library/Developer/Xcode/Archives/2026-04-14/iVooxApp 14-04-2026, 15.25.xcarchive/Products/Applications/ivooxNew.app/Frameworks/FirebaseCoreExtension.framework'>', codeSigningInfo='<_DVTCodeSigningInformation_Path: 0x7c4b4b8a0; isSigned='1', isAdHocSigned='0', signingCertificate='<DVTSigningCertificate: 0x7c45fbcc0; name='Apple Distribution: iVoox Global Podcasting Service SL (GXW5YSU35M)', hash='B0336B54C8EE75D6A73481A7B34B1F9C75AAF5D3', serialNumber='11B69D8EB5EF84EBF19CD9772E089711', certificateKinds='(
    "1.2.840.113635.100.6.1.7",
    "1.2.840.113635.100.6.1.4"
), issueDate='2026-02-13 22:07:26 +0000''>', entitlements='(null)', teamID='GXW5YSU35M', identifier='org.cocoapods.FirebaseCoreExtension', executablePath='<DVTFilePath:0x7c46b3170:'/Users/clseva/Library/Developer/Xcode/Archives/2026-04-14/iVooxApp 14-04-2026, 15.25.xcarchive/Products/Applications/ivooxNew.app/Frameworks/FirebaseCoreExtension.framework/FirebaseCoreExtension'>', hardenedRuntime='0'>'>: {
}
2026-04-14 13:33:36 +0000  Associated App Clip Identifiers Filter: Skipping because "com.apple.developer.associated-appclip-app-identifiers" is not present
2026-04-14 13:33:36 +0000  Entitlements for <IDEDistributionItem: 0x7c4b4a5e0; bundleID='org.cocoapods.FirebaseCoreExtension', path='<DVTFilePath:0x7c46b3250:'/Users/clseva/Library/Developer/Xcode/Archives/2026-04-14/iVooxApp 14-04-2026, 15.25.xcarchive/Products/Applications/ivooxNew.app/Frameworks/FirebaseCoreExtension.framework'>', codeSigningInfo='<_DVTCodeSigningInformation_Path: 0x7c4b4b8a0; isSigned='1', isAdHocSigned='0', signingCertificate='<DVTSigningCertificate: 0x7c45fbb40; name='Apple Distribution: iVoox Global Podcasting Service SL (GXW5YSU35M)', hash='B0336B54C8EE75D6A73481A7B34B1F9C75AAF5D3', serialNumber='11B69D8EB5EF84EBF19CD9772E089711', certificateKinds='(
    "1.2.840.113635.100.6.1.7",
    "1.2.840.113635.100.6.1.4"
), issueDate='2026-02-13 22:07:26 +0000''>', entitlements='(null)', teamID='GXW5YSU35M', identifier='org.cocoapods.FirebaseCoreExtension', executablePath='<DVTFilePath:0x7c46b3170:'/Users/clseva/Library/Developer/Xcode/Archives/2026-04-14/iVooxApp 14-04-2026, 15.25.xcarchive/Products/Applications/ivooxNew.app/Frameworks/FirebaseCoreExtension.framework/FirebaseCoreExtension'>', hardenedRuntime='0'>'> are: {
}
2026-04-14 13:33:36 +0000  Writing entitlements for <IDEDistributionItem: 0x7c4b4a5e0; bundleID='org.cocoapods.FirebaseCoreExtension', path='<DVTFilePath:0x7c46b3250:'/Users/clseva/Library/Developer/Xcode/Archives/2026-04-14/iVooxApp 14-04-2026, 15.25.xcarchive/Products/Applications/ivooxNew.app/Frameworks/FirebaseCoreExtension.framework'>', codeSigningInfo='<_DVTCodeSigningInformation_Path: 0x7c4b4b8a0; isSigned='1', isAdHocSigned='0', signingCertificate='<DVTSigningCertificate: 0x7c45fbb40; name='Apple Distribution: iVoox Global Podcasting Service SL (GXW5YSU35M)', hash='B0336B54C8EE75D6A73481A7B34B1F9C75AAF5D3', serialNumber='11B69D8EB5EF84EBF19CD9772E089711', certificateKinds='(
    "1.2.840.113635.100.6.1.7",
    "1.2.840.113635.100.6.1.4"
), issueDate='2026-02-13 22:07:26 +0000''>', entitlements='(null)', teamID='GXW5YSU35M', identifier='org.cocoapods.FirebaseCoreExtension', executablePath='<DVTFilePath:0x7c46b3170:'/Users/clseva/Library/Developer/Xcode/Archives/2026-04-14/iVooxApp 14-04-2026, 15.25.xcarchive/Products/Applications/ivooxNew.app/Frameworks/FirebaseCoreExtension.framework/FirebaseCoreExtension'>', hardenedRuntime='0'>'> to: /var/folders/8p/5rgt27mj0jdb7dcpxdl3t5p80000gn/T/XcodeDistPipeline.~~~jGsUBi/entitlements~~~4vsZ6T
2026-04-14 13:33:36 +0000  invoking codesign: <NSConcreteTask: 0x79d8b7c00; launchPath='/usr/bin/codesign', arguments='(
    "-f",
    "-s",
    B0336B54C8EE75D6A73481A7B34B1F9C75AAF5D3,
    "--entitlements",
    "/var/folders/8p/5rgt27mj0jdb7dcpxdl3t5p80000gn/T/XcodeDistPipeline.~~~jGsUBi/entitlements~~~4vsZ6T",
    "--preserve-metadata=identifier,flags,runtime,launch-constraints,library-constraints",
    "--generate-entitlement-der",
    "--strip-disallowed-xattrs",
    "-vvv",
    "/var/folders/8p/5rgt27mj0jdb7dcpxdl3t5p80000gn/T/XcodeDistPipeline.~~~jGsUBi/Root/Payload/ivooxNew.app/Frameworks/FirebaseCoreExtension.framework"
)'>
2026-04-14 13:33:36 +0000  codesign output: /var/folders/8p/5rgt27mj0jdb7dcpxdl3t5p80000gn/T/XcodeDistPipeline.~~~jGsUBi/Root/Payload/ivooxNew.app/Frameworks/FirebaseCoreExtension.framework: replacing existing signature
/var/folders/8p/5rgt27mj0jdb7dcpxdl3t5p80000gn/T/XcodeDistPipeline.~~~jGsUBi/Root/Payload/ivooxNew.app/Frameworks/FirebaseCoreExtension.framework: signed bundle with Mach-O thin (arm64) [org.cocoapods.FirebaseCoreExtension]
2026-04-14 13:33:36 +0000  Entitlements for <IDEDistributionItem: 0x7c4b491a0; bundleID='org.cocoapods.FirebaseCoreInternal', path='<DVTFilePath:0x7c46b2450:'/Users/clseva/Library/Developer/Xcode/Archives/2026-04-14/iVooxApp 14-04-2026, 15.25.xcarchive/Products/Applications/ivooxNew.app/Frameworks/FirebaseCoreInternal.framework'>', codeSigningInfo='<_DVTCodeSigningInformation_Path: 0x7c4b49140; isSigned='1', isAdHocSigned='0', signingCertificate='<DVTSigningCertificate: 0x7c45fbcc0; name='Apple Distribution: iVoox Global Podcasting Service SL (GXW5YSU35M)', hash='B0336B54C8EE75D6A73481A7B34B1F9C75AAF5D3', serialNumber='11B69D8EB5EF84EBF19CD9772E089711', certificateKinds='(
    "1.2.840.113635.100.6.1.7",
    "1.2.840.113635.100.6.1.4"
), issueDate='2026-02-13 22:07:26 +0000''>', entitlements='(null)', teamID='GXW5YSU35M', identifier='org.cocoapods.FirebaseCoreInternal', executablePath='<DVTFilePath:0x7c46b2530:'/Users/clseva/Library/Developer/Xcode/Archives/2026-04-14/iVooxApp 14-04-2026, 15.25.xcarchive/Products/Applications/ivooxNew.app/Frameworks/FirebaseCoreInternal.framework/FirebaseCoreInternal'>', hardenedRuntime='0'>'>: {
}
2026-04-14 13:33:36 +0000  Associated App Clip Identifiers Filter: Skipping because "com.apple.developer.associated-appclip-app-identifiers" is not present
2026-04-14 13:33:36 +0000  Entitlements for <IDEDistributionItem: 0x7c4b491a0; bundleID='org.cocoapods.FirebaseCoreInternal', path='<DVTFilePath:0x7c46b2450:'/Users/clseva/Library/Developer/Xcode/Archives/2026-04-14/iVooxApp 14-04-2026, 15.25.xcarchive/Products/Applications/ivooxNew.app/Frameworks/FirebaseCoreInternal.framework'>', codeSigningInfo='<_DVTCodeSigningInformation_Path: 0x7c4b49140; isSigned='1', isAdHocSigned='0', signingCertificate='<DVTSigningCertificate: 0x7c45fbb40; name='Apple Distribution: iVoox Global Podcasting Service SL (GXW5YSU35M)', hash='B0336B54C8EE75D6A73481A7B34B1F9C75AAF5D3', serialNumber='11B69D8EB5EF84EBF19CD9772E089711', certificateKinds='(
    "1.2.840.113635.100.6.1.7",
    "1.2.840.113635.100.6.1.4"
), issueDate='2026-02-13 22:07:26 +0000''>', entitlements='(null)', teamID='GXW5YSU35M', identifier='org.cocoapods.FirebaseCoreInternal', executablePath='<DVTFilePath:0x7c46b2530:'/Users/clseva/Library/Developer/Xcode/Archives/2026-04-14/iVooxApp 14-04-2026, 15.25.xcarchive/Products/Applications/ivooxNew.app/Frameworks/FirebaseCoreInternal.framework/FirebaseCoreInternal'>', hardenedRuntime='0'>'> are: {
}
2026-04-14 13:33:36 +0000  Writing entitlements for <IDEDistributionItem: 0x7c4b491a0; bundleID='org.cocoapods.FirebaseCoreInternal', path='<DVTFilePath:0x7c46b2450:'/Users/clseva/Library/Developer/Xcode/Archives/2026-04-14/iVooxApp 14-04-2026, 15.25.xcarchive/Products/Applications/ivooxNew.app/Frameworks/FirebaseCoreInternal.framework'>', codeSigningInfo='<_DVTCodeSigningInformation_Path: 0x7c4b49140; isSigned='1', isAdHocSigned='0', signingCertificate='<DVTSigningCertificate: 0x7c45fbb40; name='Apple Distribution: iVoox Global Podcasting Service SL (GXW5YSU35M)', hash='B0336B54C8EE75D6A73481A7B34B1F9C75AAF5D3', serialNumber='11B69D8EB5EF84EBF19CD9772E089711', certificateKinds='(
    "1.2.840.113635.100.6.1.7",
    "1.2.840.113635.100.6.1.4"
), issueDate='2026-02-13 22:07:26 +0000''>', entitlements='(null)', teamID='GXW5YSU35M', identifier='org.cocoapods.FirebaseCoreInternal', executablePath='<DVTFilePath:0x7c46b2530:'/Users/clseva/Library/Developer/Xcode/Archives/2026-04-14/iVooxApp 14-04-2026, 15.25.xcarchive/Products/Applications/ivooxNew.app/Frameworks/FirebaseCoreInternal.framework/FirebaseCoreInternal'>', hardenedRuntime='0'>'> to: /var/folders/8p/5rgt27mj0jdb7dcpxdl3t5p80000gn/T/XcodeDistPipeline.~~~jGsUBi/entitlements~~~jeBSBC
2026-04-14 13:33:36 +0000  invoking codesign: <NSConcreteTask: 0x79d8b7c00; launchPath='/usr/bin/codesign', arguments='(
    "-f",
    "-s",
    B0336B54C8EE75D6A73481A7B34B1F9C75AAF5D3,
    "--entitlements",
    "/var/folders/8p/5rgt27mj0jdb7dcpxdl3t5p80000gn/T/XcodeDistPipeline.~~~jGsUBi/entitlements~~~jeBSBC",
    "--preserve-metadata=identifier,flags,runtime,launch-constraints,library-constraints",
    "--generate-entitlement-der",
    "--strip-disallowed-xattrs",
    "-vvv",
    "/var/folders/8p/5rgt27mj0jdb7dcpxdl3t5p80000gn/T/XcodeDistPipeline.~~~jGsUBi/Root/Payload/ivooxNew.app/Frameworks/FirebaseCoreInternal.framework"
)'>
2026-04-14 13:33:36 +0000  codesign output: /var/folders/8p/5rgt27mj0jdb7dcpxdl3t5p80000gn/T/XcodeDistPipeline.~~~jGsUBi/Root/Payload/ivooxNew.app/Frameworks/FirebaseCoreInternal.framework: replacing existing signature
/var/folders/8p/5rgt27mj0jdb7dcpxdl3t5p80000gn/T/XcodeDistPipeline.~~~jGsUBi/Root/Payload/ivooxNew.app/Frameworks/FirebaseCoreInternal.framework: signed bundle with Mach-O thin (arm64) [org.cocoapods.FirebaseCoreInternal]
2026-04-14 13:33:36 +0000  Entitlements for <IDEDistributionItem: 0x7c4b48600; bundleID='org.cocoapods.FirebaseCrashlytics', path='<DVTFilePath:0x7c46b1ea0:'/Users/clseva/Library/Developer/Xcode/Archives/2026-04-14/iVooxApp 14-04-2026, 15.25.xcarchive/Products/Applications/ivooxNew.app/Frameworks/FirebaseCrashlytics.framework'>', codeSigningInfo='<_DVTCodeSigningInformation_Path: 0x7c4219f20; isSigned='1', isAdHocSigned='0', signingCertificate='<DVTSigningCertificate: 0x7c45fbcc0; name='Apple Distribution: iVoox Global Podcasting Service SL (GXW5YSU35M)', hash='B0336B54C8EE75D6A73481A7B34B1F9C75AAF5D3', serialNumber='11B69D8EB5EF84EBF19CD9772E089711', certificateKinds='(
    "1.2.840.113635.100.6.1.7",
    "1.2.840.113635.100.6.1.4"
), issueDate='2026-02-13 22:07:26 +0000''>', entitlements='(null)', teamID='GXW5YSU35M', identifier='org.cocoapods.FirebaseCrashlytics', executablePath='<DVTFilePath:0x7c46b2060:'/Users/clseva/Library/Developer/Xcode/Archives/2026-04-14/iVooxApp 14-04-2026, 15.25.xcarchive/Products/Applications/ivooxNew.app/Frameworks/FirebaseCrashlytics.framework/FirebaseCrashlytics'>', hardenedRuntime='0'>'>: {
}
2026-04-14 13:33:36 +0000  Associated App Clip Identifiers Filter: Skipping because "com.apple.developer.associated-appclip-app-identifiers" is not present
2026-04-14 13:33:36 +0000  Entitlements for <IDEDistributionItem: 0x7c4b48600; bundleID='org.cocoapods.FirebaseCrashlytics', path='<DVTFilePath:0x7c46b1ea0:'/Users/clseva/Library/Developer/Xcode/Archives/2026-04-14/iVooxApp 14-04-2026, 15.25.xcarchive/Products/Applications/ivooxNew.app/Frameworks/FirebaseCrashlytics.framework'>', codeSigningInfo='<_DVTCodeSigningInformation_Path: 0x7c4219f20; isSigned='1', isAdHocSigned='0', signingCertificate='<DVTSigningCertificate: 0x7c45fb000; name='Apple Distribution: iVoox Global Podcasting Service SL (GXW5YSU35M)', hash='B0336B54C8EE75D6A73481A7B34B1F9C75AAF5D3', serialNumber='11B69D8EB5EF84EBF19CD9772E089711', certificateKinds='(
    "1.2.840.113635.100.6.1.7",
    "1.2.840.113635.100.6.1.4"
), issueDate='2026-02-13 22:07:26 +0000''>', entitlements='(null)', teamID='GXW5YSU35M', identifier='org.cocoapods.FirebaseCrashlytics', executablePath='<DVTFilePath:0x7c46b2060:'/Users/clseva/Library/Developer/Xcode/Archives/2026-04-14/iVooxApp 14-04-2026, 15.25.xcarchive/Products/Applications/ivooxNew.app/Frameworks/FirebaseCrashlytics.framework/FirebaseCrashlytics'>', hardenedRuntime='0'>'> are: {
}
2026-04-14 13:33:36 +0000  Writing entitlements for <IDEDistributionItem: 0x7c4b48600; bundleID='org.cocoapods.FirebaseCrashlytics', path='<DVTFilePath:0x7c46b1ea0:'/Users/clseva/Library/Developer/Xcode/Archives/2026-04-14/iVooxApp 14-04-2026, 15.25.xcarchive/Products/Applications/ivooxNew.app/Frameworks/FirebaseCrashlytics.framework'>', codeSigningInfo='<_DVTCodeSigningInformation_Path: 0x7c4219f20; isSigned='1', isAdHocSigned='0', signingCertificate='<DVTSigningCertificate: 0x7c45fb000; name='Apple Distribution: iVoox Global Podcasting Service SL (GXW5YSU35M)', hash='B0336B54C8EE75D6A73481A7B34B1F9C75AAF5D3', serialNumber='11B69D8EB5EF84EBF19CD9772E089711', certificateKinds='(
    "1.2.840.113635.100.6.1.7",
    "1.2.840.113635.100.6.1.4"
), issueDate='2026-02-13 22:07:26 +0000''>', entitlements='(null)', teamID='GXW5YSU35M', identifier='org.cocoapods.FirebaseCrashlytics', executablePath='<DVTFilePath:0x7c46b2060:'/Users/clseva/Library/Developer/Xcode/Archives/2026-04-14/iVooxApp 14-04-2026, 15.25.xcarchive/Products/Applications/ivooxNew.app/Frameworks/FirebaseCrashlytics.framework/FirebaseCrashlytics'>', hardenedRuntime='0'>'> to: /var/folders/8p/5rgt27mj0jdb7dcpxdl3t5p80000gn/T/XcodeDistPipeline.~~~jGsUBi/entitlements~~~sFbpUI
2026-04-14 13:33:36 +0000  invoking codesign: <NSConcreteTask: 0x79d8b7c00; launchPath='/usr/bin/codesign', arguments='(
    "-f",
    "-s",
    B0336B54C8EE75D6A73481A7B34B1F9C75AAF5D3,
    "--entitlements",
    "/var/folders/8p/5rgt27mj0jdb7dcpxdl3t5p80000gn/T/XcodeDistPipeline.~~~jGsUBi/entitlements~~~sFbpUI",
    "--preserve-metadata=identifier,flags,runtime,launch-constraints,library-constraints",
    "--generate-entitlement-der",
    "--strip-disallowed-xattrs",
    "-vvv",
    "/var/folders/8p/5rgt27mj0jdb7dcpxdl3t5p80000gn/T/XcodeDistPipeline.~~~jGsUBi/Root/Payload/ivooxNew.app/Frameworks/FirebaseCrashlytics.framework"
)'>
2026-04-14 13:33:36 +0000  codesign output: /var/folders/8p/5rgt27mj0jdb7dcpxdl3t5p80000gn/T/XcodeDistPipeline.~~~jGsUBi/Root/Payload/ivooxNew.app/Frameworks/FirebaseCrashlytics.framework: replacing existing signature
/var/folders/8p/5rgt27mj0jdb7dcpxdl3t5p80000gn/T/XcodeDistPipeline.~~~jGsUBi/Root/Payload/ivooxNew.app/Frameworks/FirebaseCrashlytics.framework: signed bundle with Mach-O thin (arm64) [org.cocoapods.FirebaseCrashlytics]
2026-04-14 13:33:36 +0000  Entitlements for <IDEDistributionItem: 0x7c4b4b540; bundleID='org.cocoapods.FirebaseInstallations', path='<DVTFilePath:0x7c46c18f0:'/Users/clseva/Library/Developer/Xcode/Archives/2026-04-14/iVooxApp 14-04-2026, 15.25.xcarchive/Products/Applications/ivooxNew.app/Frameworks/FirebaseInstallations.framework'>', codeSigningInfo='<_DVTCodeSigningInformation_Path: 0x7c4b4a340; isSigned='1', isAdHocSigned='0', signingCertificate='<DVTSigningCertificate: 0x7c45fbcc0; name='Apple Distribution: iVoox Global Podcasting Service SL (GXW5YSU35M)', hash='B0336B54C8EE75D6A73481A7B34B1F9C75AAF5D3', serialNumber='11B69D8EB5EF84EBF19CD9772E089711', certificateKinds='(
    "1.2.840.113635.100.6.1.7",
    "1.2.840.113635.100.6.1.4"
), issueDate='2026-02-13 22:07:26 +0000''>', entitlements='(null)', teamID='GXW5YSU35M', identifier='org.cocoapods.FirebaseInstallations', executablePath='<DVTFilePath:0x7c46c1810:'/Users/clseva/Library/Developer/Xcode/Archives/2026-04-14/iVooxApp 14-04-2026, 15.25.xcarchive/Products/Applications/ivooxNew.app/Frameworks/FirebaseInstallations.framework/FirebaseInstallations'>', hardenedRuntime='0'>'>: {
}
2026-04-14 13:33:36 +0000  Associated App Clip Identifiers Filter: Skipping because "com.apple.developer.associated-appclip-app-identifiers" is not present
2026-04-14 13:33:36 +0000  Entitlements for <IDEDistributionItem: 0x7c4b4b540; bundleID='org.cocoapods.FirebaseInstallations', path='<DVTFilePath:0x7c46c18f0:'/Users/clseva/Library/Developer/Xcode/Archives/2026-04-14/iVooxApp 14-04-2026, 15.25.xcarchive/Products/Applications/ivooxNew.app/Frameworks/FirebaseInstallations.framework'>', codeSigningInfo='<_DVTCodeSigningInformation_Path: 0x7c4b4a340; isSigned='1', isAdHocSigned='0', signingCertificate='<DVTSigningCertificate: 0x7c45fb000; name='Apple Distribution: iVoox Global Podcasting Service SL (GXW5YSU35M)', hash='B0336B54C8EE75D6A73481A7B34B1F9C75AAF5D3', serialNumber='11B69D8EB5EF84EBF19CD9772E089711', certificateKinds='(
    "1.2.840.113635.100.6.1.7",
    "1.2.840.113635.100.6.1.4"
), issueDate='2026-02-13 22:07:26 +0000''>', entitlements='(null)', teamID='GXW5YSU35M', identifier='org.cocoapods.FirebaseInstallations', executablePath='<DVTFilePath:0x7c46c1810:'/Users/clseva/Library/Developer/Xcode/Archives/2026-04-14/iVooxApp 14-04-2026, 15.25.xcarchive/Products/Applications/ivooxNew.app/Frameworks/FirebaseInstallations.framework/FirebaseInstallations'>', hardenedRuntime='0'>'> are: {
}
2026-04-14 13:33:36 +0000  Writing entitlements for <IDEDistributionItem: 0x7c4b4b540; bundleID='org.cocoapods.FirebaseInstallations', path='<DVTFilePath:0x7c46c18f0:'/Users/clseva/Library/Developer/Xcode/Archives/2026-04-14/iVooxApp 14-04-2026, 15.25.xcarchive/Products/Applications/ivooxNew.app/Frameworks/FirebaseInstallations.framework'>', codeSigningInfo='<_DVTCodeSigningInformation_Path: 0x7c4b4a340; isSigned='1', isAdHocSigned='0', signingCertificate='<DVTSigningCertificate: 0x7c45fb000; name='Apple Distribution: iVoox Global Podcasting Service SL (GXW5YSU35M)', hash='B0336B54C8EE75D6A73481A7B34B1F9C75AAF5D3', serialNumber='11B69D8EB5EF84EBF19CD9772E089711', certificateKinds='(
    "1.2.840.113635.100.6.1.7",
    "1.2.840.113635.100.6.1.4"
), issueDate='2026-02-13 22:07:26 +0000''>', entitlements='(null)', teamID='GXW5YSU35M', identifier='org.cocoapods.FirebaseInstallations', executablePath='<DVTFilePath:0x7c46c1810:'/Users/clseva/Library/Developer/Xcode/Archives/2026-04-14/iVooxApp 14-04-2026, 15.25.xcarchive/Products/Applications/ivooxNew.app/Frameworks/FirebaseInstallations.framework/FirebaseInstallations'>', hardenedRuntime='0'>'> to: /var/folders/8p/5rgt27mj0jdb7dcpxdl3t5p80000gn/T/XcodeDistPipeline.~~~jGsUBi/entitlements~~~rT5uok
2026-04-14 13:33:36 +0000  invoking codesign: <NSConcreteTask: 0x79d8b7c00; launchPath='/usr/bin/codesign', arguments='(
    "-f",
    "-s",
    B0336B54C8EE75D6A73481A7B34B1F9C75AAF5D3,
    "--entitlements",
    "/var/folders/8p/5rgt27mj0jdb7dcpxdl3t5p80000gn/T/XcodeDistPipeline.~~~jGsUBi/entitlements~~~rT5uok",
    "--preserve-metadata=identifier,flags,runtime,launch-constraints,library-constraints",
    "--generate-entitlement-der",
    "--strip-disallowed-xattrs",
    "-vvv",
    "/var/folders/8p/5rgt27mj0jdb7dcpxdl3t5p80000gn/T/XcodeDistPipeline.~~~jGsUBi/Root/Payload/ivooxNew.app/Frameworks/FirebaseInstallations.framework"
)'>
2026-04-14 13:33:36 +0000  codesign output: /var/folders/8p/5rgt27mj0jdb7dcpxdl3t5p80000gn/T/XcodeDistPipeline.~~~jGsUBi/Root/Payload/ivooxNew.app/Frameworks/FirebaseInstallations.framework: replacing existing signature
/var/folders/8p/5rgt27mj0jdb7dcpxdl3t5p80000gn/T/XcodeDistPipeline.~~~jGsUBi/Root/Payload/ivooxNew.app/Frameworks/FirebaseInstallations.framework: signed bundle with Mach-O thin (arm64) [org.cocoapods.FirebaseInstallations]
2026-04-14 13:33:36 +0000  Entitlements for <IDEDistributionItem: 0x7c4b4b5a0; bundleID='org.cocoapods.FirebaseRemoteConfig', path='<DVTFilePath:0x7c46b2990:'/Users/clseva/Library/Developer/Xcode/Archives/2026-04-14/iVooxApp 14-04-2026, 15.25.xcarchive/Products/Applications/ivooxNew.app/Frameworks/FirebaseRemoteConfig.framework'>', codeSigningInfo='<_DVTCodeSigningInformation_Path: 0x7c4b4b780; isSigned='1', isAdHocSigned='0', signingCertificate='<DVTSigningCertificate: 0x7c45fbcc0; name='Apple Distribution: iVoox Global Podcasting Service SL (GXW5YSU35M)', hash='B0336B54C8EE75D6A73481A7B34B1F9C75AAF5D3', serialNumber='11B69D8EB5EF84EBF19CD9772E089711', certificateKinds='(
    "1.2.840.113635.100.6.1.7",
    "1.2.840.113635.100.6.1.4"
), issueDate='2026-02-13 22:07:26 +0000''>', entitlements='(null)', teamID='GXW5YSU35M', identifier='org.cocoapods.FirebaseRemoteConfig', executablePath='<DVTFilePath:0x7c46b2a00:'/Users/clseva/Library/Developer/Xcode/Archives/2026-04-14/iVooxApp 14-04-2026, 15.25.xcarchive/Products/Applications/ivooxNew.app/Frameworks/FirebaseRemoteConfig.framework/FirebaseRemoteConfig'>', hardenedRuntime='0'>'>: {
}
2026-04-14 13:33:36 +0000  Associated App Clip Identifiers Filter: Skipping because "com.apple.developer.associated-appclip-app-identifiers" is not present
2026-04-14 13:33:36 +0000  Entitlements for <IDEDistributionItem: 0x7c4b4b5a0; bundleID='org.cocoapods.FirebaseRemoteConfig', path='<DVTFilePath:0x7c46b2990:'/Users/clseva/Library/Developer/Xcode/Archives/2026-04-14/iVooxApp 14-04-2026, 15.25.xcarchive/Products/Applications/ivooxNew.app/Frameworks/FirebaseRemoteConfig.framework'>', codeSigningInfo='<_DVTCodeSigningInformation_Path: 0x7c4b4b780; isSigned='1', isAdHocSigned='0', signingCertificate='<DVTSigningCertificate: 0x7c45fb000; name='Apple Distribution: iVoox Global Podcasting Service SL (GXW5YSU35M)', hash='B0336B54C8EE75D6A73481A7B34B1F9C75AAF5D3', serialNumber='11B69D8EB5EF84EBF19CD9772E089711', certificateKinds='(
    "1.2.840.113635.100.6.1.7",
    "1.2.840.113635.100.6.1.4"
), issueDate='2026-02-13 22:07:26 +0000''>', entitlements='(null)', teamID='GXW5YSU35M', identifier='org.cocoapods.FirebaseRemoteConfig', executablePath='<DVTFilePath:0x7c46b2a00:'/Users/clseva/Library/Developer/Xcode/Archives/2026-04-14/iVooxApp 14-04-2026, 15.25.xcarchive/Products/Applications/ivooxNew.app/Frameworks/FirebaseRemoteConfig.framework/FirebaseRemoteConfig'>', hardenedRuntime='0'>'> are: {
}
2026-04-14 13:33:36 +0000  Writing entitlements for <IDEDistributionItem: 0x7c4b4b5a0; bundleID='org.cocoapods.FirebaseRemoteConfig', path='<DVTFilePath:0x7c46b2990:'/Users/clseva/Library/Developer/Xcode/Archives/2026-04-14/iVooxApp 14-04-2026, 15.25.xcarchive/Products/Applications/ivooxNew.app/Frameworks/FirebaseRemoteConfig.framework'>', codeSigningInfo='<_DVTCodeSigningInformation_Path: 0x7c4b4b780; isSigned='1', isAdHocSigned='0', signingCertificate='<DVTSigningCertificate: 0x7c45fb000; name='Apple Distribution: iVoox Global Podcasting Service SL (GXW5YSU35M)', hash='B0336B54C8EE75D6A73481A7B34B1F9C75AAF5D3', serialNumber='11B69D8EB5EF84EBF19CD9772E089711', certificateKinds='(
    "1.2.840.113635.100.6.1.7",
    "1.2.840.113635.100.6.1.4"
), issueDate='2026-02-13 22:07:26 +0000''>', entitlements='(null)', teamID='GXW5YSU35M', identifier='org.cocoapods.FirebaseRemoteConfig', executablePath='<DVTFilePath:0x7c46b2a00:'/Users/clseva/Library/Developer/Xcode/Archives/2026-04-14/iVooxApp 14-04-2026, 15.25.xcarchive/Products/Applications/ivooxNew.app/Frameworks/FirebaseRemoteConfig.framework/FirebaseRemoteConfig'>', hardenedRuntime='0'>'> to: /var/folders/8p/5rgt27mj0jdb7dcpxdl3t5p80000gn/T/XcodeDistPipeline.~~~jGsUBi/entitlements~~~PmayV1
2026-04-14 13:33:36 +0000  invoking codesign: <NSConcreteTask: 0x79d8b7c00; launchPath='/usr/bin/codesign', arguments='(
    "-f",
    "-s",
    B0336B54C8EE75D6A73481A7B34B1F9C75AAF5D3,
    "--entitlements",
    "/var/folders/8p/5rgt27mj0jdb7dcpxdl3t5p80000gn/T/XcodeDistPipeline.~~~jGsUBi/entitlements~~~PmayV1",
    "--preserve-metadata=identifier,flags,runtime,launch-constraints,library-constraints",
    "--generate-entitlement-der",
    "--strip-disallowed-xattrs",
    "-vvv",
    "/var/folders/8p/5rgt27mj0jdb7dcpxdl3t5p80000gn/T/XcodeDistPipeline.~~~jGsUBi/Root/Payload/ivooxNew.app/Frameworks/FirebaseRemoteConfig.framework"
)'>
2026-04-14 13:33:36 +0000  codesign output: /var/folders/8p/5rgt27mj0jdb7dcpxdl3t5p80000gn/T/XcodeDistPipeline.~~~jGsUBi/Root/Payload/ivooxNew.app/Frameworks/FirebaseRemoteConfig.framework: replacing existing signature
/var/folders/8p/5rgt27mj0jdb7dcpxdl3t5p80000gn/T/XcodeDistPipeline.~~~jGsUBi/Root/Payload/ivooxNew.app/Frameworks/FirebaseRemoteConfig.framework: signed bundle with Mach-O thin (arm64) [org.cocoapods.FirebaseRemoteConfig]
2026-04-14 13:33:36 +0000  Entitlements for <IDEDistributionItem: 0x7c4b486c0; bundleID='org.cocoapods.FirebaseRemoteConfigInterop', path='<DVTFilePath:0x79dab7a00:'/Users/clseva/Library/Developer/Xcode/Archives/2026-04-14/iVooxApp 14-04-2026, 15.25.xcarchive/Products/Applications/ivooxNew.app/Frameworks/FirebaseRemoteConfigInterop.framework'>', codeSigningInfo='<_DVTCodeSigningInformation_Path: 0x7c4b48660; isSigned='1', isAdHocSigned='0', signingCertificate='<DVTSigningCertificate: 0x7c45fbcc0; name='Apple Distribution: iVoox Global Podcasting Service SL (GXW5YSU35M)', hash='B0336B54C8EE75D6A73481A7B34B1F9C75AAF5D3', serialNumber='11B69D8EB5EF84EBF19CD9772E089711', certificateKinds='(
    "1.2.840.113635.100.6.1.7",
    "1.2.840.113635.100.6.1.4"
), issueDate='2026-02-13 22:07:26 +0000''>', entitlements='(null)', teamID='GXW5YSU35M', identifier='org.cocoapods.FirebaseRemoteConfigInterop', executablePath='<DVTFilePath:0x7c46b3720:'/Users/clseva/Library/Developer/Xcode/Archives/2026-04-14/iVooxApp 14-04-2026, 15.25.xcarchive/Products/Applications/ivooxNew.app/Frameworks/FirebaseRemoteConfigInterop.framework/FirebaseRemoteConfigInterop'>', hardenedRuntime='0'>'>: {
}
2026-04-14 13:33:36 +0000  Associated App Clip Identifiers Filter: Skipping because "com.apple.developer.associated-appclip-app-identifiers" is not present
2026-04-14 13:33:36 +0000  Entitlements for <IDEDistributionItem: 0x7c4b486c0; bundleID='org.cocoapods.FirebaseRemoteConfigInterop', path='<DVTFilePath:0x79dab7a00:'/Users/clseva/Library/Developer/Xcode/Archives/2026-04-14/iVooxApp 14-04-2026, 15.25.xcarchive/Products/Applications/ivooxNew.app/Frameworks/FirebaseRemoteConfigInterop.framework'>', codeSigningInfo='<_DVTCodeSigningInformation_Path: 0x7c4b48660; isSigned='1', isAdHocSigned='0', signingCertificate='<DVTSigningCertificate: 0x7c45fb000; name='Apple Distribution: iVoox Global Podcasting Service SL (GXW5YSU35M)', hash='B0336B54C8EE75D6A73481A7B34B1F9C75AAF5D3', serialNumber='11B69D8EB5EF84EBF19CD9772E089711', certificateKinds='(
    "1.2.840.113635.100.6.1.7",
    "1.2.840.113635.100.6.1.4"
), issueDate='2026-02-13 22:07:26 +0000''>', entitlements='(null)', teamID='GXW5YSU35M', identifier='org.cocoapods.FirebaseRemoteConfigInterop', executablePath='<DVTFilePath:0x7c46b3720:'/Users/clseva/Library/Developer/Xcode/Archives/2026-04-14/iVooxApp 14-04-2026, 15.25.xcarchive/Products/Applications/ivooxNew.app/Frameworks/FirebaseRemoteConfigInterop.framework/FirebaseRemoteConfigInterop'>', hardenedRuntime='0'>'> are: {
}
2026-04-14 13:33:36 +0000  Writing entitlements for <IDEDistributionItem: 0x7c4b486c0; bundleID='org.cocoapods.FirebaseRemoteConfigInterop', path='<DVTFilePath:0x79dab7a00:'/Users/clseva/Library/Developer/Xcode/Archives/2026-04-14/iVooxApp 14-04-2026, 15.25.xcarchive/Products/Applications/ivooxNew.app/Frameworks/FirebaseRemoteConfigInterop.framework'>', codeSigningInfo='<_DVTCodeSigningInformation_Path: 0x7c4b48660; isSigned='1', isAdHocSigned='0', signingCertificate='<DVTSigningCertificate: 0x7c45fb000; name='Apple Distribution: iVoox Global Podcasting Service SL (GXW5YSU35M)', hash='B0336B54C8EE75D6A73481A7B34B1F9C75AAF5D3', serialNumber='11B69D8EB5EF84EBF19CD9772E089711', certificateKinds='(
    "1.2.840.113635.100.6.1.7",
    "1.2.840.113635.100.6.1.4"
), issueDate='2026-02-13 22:07:26 +0000''>', entitlements='(null)', teamID='GXW5YSU35M', identifier='org.cocoapods.FirebaseRemoteConfigInterop', executablePath='<DVTFilePath:0x7c46b3720:'/Users/clseva/Library/Developer/Xcode/Archives/2026-04-14/iVooxApp 14-04-2026, 15.25.xcarchive/Products/Applications/ivooxNew.app/Frameworks/FirebaseRemoteConfigInterop.framework/FirebaseRemoteConfigInterop'>', hardenedRuntime='0'>'> to: /var/folders/8p/5rgt27mj0jdb7dcpxdl3t5p80000gn/T/XcodeDistPipeline.~~~jGsUBi/entitlements~~~3Pl2pt
2026-04-14 13:33:36 +0000  invoking codesign: <NSConcreteTask: 0x79d8b7c00; launchPath='/usr/bin/codesign', arguments='(
    "-f",
    "-s",
    B0336B54C8EE75D6A73481A7B34B1F9C75AAF5D3,
    "--entitlements",
    "/var/folders/8p/5rgt27mj0jdb7dcpxdl3t5p80000gn/T/XcodeDistPipeline.~~~jGsUBi/entitlements~~~3Pl2pt",
    "--preserve-metadata=identifier,flags,runtime,launch-constraints,library-constraints",
    "--generate-entitlement-der",
    "--strip-disallowed-xattrs",
    "-vvv",
    "/var/folders/8p/5rgt27mj0jdb7dcpxdl3t5p80000gn/T/XcodeDistPipeline.~~~jGsUBi/Root/Payload/ivooxNew.app/Frameworks/FirebaseRemoteConfigInterop.framework"
)'>
2026-04-14 13:33:36 +0000  codesign output: /var/folders/8p/5rgt27mj0jdb7dcpxdl3t5p80000gn/T/XcodeDistPipeline.~~~jGsUBi/Root/Payload/ivooxNew.app/Frameworks/FirebaseRemoteConfigInterop.framework: replacing existing signature
/var/folders/8p/5rgt27mj0jdb7dcpxdl3t5p80000gn/T/XcodeDistPipeline.~~~jGsUBi/Root/Payload/ivooxNew.app/Frameworks/FirebaseRemoteConfigInterop.framework: signed bundle with Mach-O thin (arm64) [org.cocoapods.FirebaseRemoteConfigInterop]
2026-04-14 13:33:36 +0000  Entitlements for <IDEDistributionItem: 0x7c4b482a0; bundleID='org.cocoapods.FirebaseSessions', path='<DVTFilePath:0x7c46b2ae0:'/Users/clseva/Library/Developer/Xcode/Archives/2026-04-14/iVooxApp 14-04-2026, 15.25.xcarchive/Products/Applications/ivooxNew.app/Frameworks/FirebaseSessions.framework'>', codeSigningInfo='<_DVTCodeSigningInformation_Path: 0x7c4b481e0; isSigned='1', isAdHocSigned='0', signingCertificate='<DVTSigningCertificate: 0x7c45fbcc0; name='Apple Distribution: iVoox Global Podcasting Service SL (GXW5YSU35M)', hash='B0336B54C8EE75D6A73481A7B34B1F9C75AAF5D3', serialNumber='11B69D8EB5EF84EBF19CD9772E089711', certificateKinds='(
    "1.2.840.113635.100.6.1.7",
    "1.2.840.113635.100.6.1.4"
), issueDate='2026-02-13 22:07:26 +0000''>', entitlements='(null)', teamID='GXW5YSU35M', identifier='org.cocoapods.FirebaseSessions', executablePath='<DVTFilePath:0x7c46b2b50:'/Users/clseva/Library/Developer/Xcode/Archives/2026-04-14/iVooxApp 14-04-2026, 15.25.xcarchive/Products/Applications/ivooxNew.app/Frameworks/FirebaseSessions.framework/FirebaseSessions'>', hardenedRuntime='0'>'>: {
}
2026-04-14 13:33:36 +0000  Associated App Clip Identifiers Filter: Skipping because "com.apple.developer.associated-appclip-app-identifiers" is not present
2026-04-14 13:33:36 +0000  Entitlements for <IDEDistributionItem: 0x7c4b482a0; bundleID='org.cocoapods.FirebaseSessions', path='<DVTFilePath:0x7c46b2ae0:'/Users/clseva/Library/Developer/Xcode/Archives/2026-04-14/iVooxApp 14-04-2026, 15.25.xcarchive/Products/Applications/ivooxNew.app/Frameworks/FirebaseSessions.framework'>', codeSigningInfo='<_DVTCodeSigningInformation_Path: 0x7c4b481e0; isSigned='1', isAdHocSigned='0', signingCertificate='<DVTSigningCertificate: 0x7c45fb000; name='Apple Distribution: iVoox Global Podcasting Service SL (GXW5YSU35M)', hash='B0336B54C8EE75D6A73481A7B34B1F9C75AAF5D3', serialNumber='11B69D8EB5EF84EBF19CD9772E089711', certificateKinds='(
    "1.2.840.113635.100.6.1.7",
    "1.2.840.113635.100.6.1.4"
), issueDate='2026-02-13 22:07:26 +0000''>', entitlements='(null)', teamID='GXW5YSU35M', identifier='org.cocoapods.FirebaseSessions', executablePath='<DVTFilePath:0x7c46b2b50:'/Users/clseva/Library/Developer/Xcode/Archives/2026-04-14/iVooxApp 14-04-2026, 15.25.xcarchive/Products/Applications/ivooxNew.app/Frameworks/FirebaseSessions.framework/FirebaseSessions'>', hardenedRuntime='0'>'> are: {
}
2026-04-14 13:33:36 +0000  Writing entitlements for <IDEDistributionItem: 0x7c4b482a0; bundleID='org.cocoapods.FirebaseSessions', path='<DVTFilePath:0x7c46b2ae0:'/Users/clseva/Library/Developer/Xcode/Archives/2026-04-14/iVooxApp 14-04-2026, 15.25.xcarchive/Products/Applications/ivooxNew.app/Frameworks/FirebaseSessions.framework'>', codeSigningInfo='<_DVTCodeSigningInformation_Path: 0x7c4b481e0; isSigned='1', isAdHocSigned='0', signingCertificate='<DVTSigningCertificate: 0x7c45fb000; name='Apple Distribution: iVoox Global Podcasting Service SL (GXW5YSU35M)', hash='B0336B54C8EE75D6A73481A7B34B1F9C75AAF5D3', serialNumber='11B69D8EB5EF84EBF19CD9772E089711', certificateKinds='(
    "1.2.840.113635.100.6.1.7",
    "1.2.840.113635.100.6.1.4"
), issueDate='2026-02-13 22:07:26 +0000''>', entitlements='(null)', teamID='GXW5YSU35M', identifier='org.cocoapods.FirebaseSessions', executablePath='<DVTFilePath:0x7c46b2b50:'/Users/clseva/Library/Developer/Xcode/Archives/2026-04-14/iVooxApp 14-04-2026, 15.25.xcarchive/Products/Applications/ivooxNew.app/Frameworks/FirebaseSessions.framework/FirebaseSessions'>', hardenedRuntime='0'>'> to: /var/folders/8p/5rgt27mj0jdb7dcpxdl3t5p80000gn/T/XcodeDistPipeline.~~~jGsUBi/entitlements~~~qMAz4Q
2026-04-14 13:33:36 +0000  invoking codesign: <NSConcreteTask: 0x79d8b7c00; launchPath='/usr/bin/codesign', arguments='(
    "-f",
    "-s",
    B0336B54C8EE75D6A73481A7B34B1F9C75AAF5D3,
    "--entitlements",
    "/var/folders/8p/5rgt27mj0jdb7dcpxdl3t5p80000gn/T/XcodeDistPipeline.~~~jGsUBi/entitlements~~~qMAz4Q",
    "--preserve-metadata=identifier,flags,runtime,launch-constraints,library-constraints",
    "--generate-entitlement-der",
    "--strip-disallowed-xattrs",
    "-vvv",
    "/var/folders/8p/5rgt27mj0jdb7dcpxdl3t5p80000gn/T/XcodeDistPipeline.~~~jGsUBi/Root/Payload/ivooxNew.app/Frameworks/FirebaseSessions.framework"
)'>
2026-04-14 13:33:36 +0000  codesign output: /var/folders/8p/5rgt27mj0jdb7dcpxdl3t5p80000gn/T/XcodeDistPipeline.~~~jGsUBi/Root/Payload/ivooxNew.app/Frameworks/FirebaseSessions.framework: replacing existing signature
/var/folders/8p/5rgt27mj0jdb7dcpxdl3t5p80000gn/T/XcodeDistPipeline.~~~jGsUBi/Root/Payload/ivooxNew.app/Frameworks/FirebaseSessions.framework: signed bundle with Mach-O thin (arm64) [org.cocoapods.FirebaseSessions]
2026-04-14 13:33:36 +0000  Entitlements for <IDEDistributionItem: 0x7c4b487e0; bundleID='org.cocoapods.FirebaseSharedSwift', path='<DVTFilePath:0x7c46b0e70:'/Users/clseva/Library/Developer/Xcode/Archives/2026-04-14/iVooxApp 14-04-2026, 15.25.xcarchive/Products/Applications/ivooxNew.app/Frameworks/FirebaseSharedSwift.framework'>', codeSigningInfo='<_DVTCodeSigningInformation_Path: 0x7c4b48720; isSigned='1', isAdHocSigned='0', signingCertificate='<DVTSigningCertificate: 0x7c45fbcc0; name='Apple Distribution: iVoox Global Podcasting Service SL (GXW5YSU35M)', hash='B0336B54C8EE75D6A73481A7B34B1F9C75AAF5D3', serialNumber='11B69D8EB5EF84EBF19CD9772E089711', certificateKinds='(
    "1.2.840.113635.100.6.1.7",
    "1.2.840.113635.100.6.1.4"
), issueDate='2026-02-13 22:07:26 +0000''>', entitlements='(null)', teamID='GXW5YSU35M', identifier='org.cocoapods.FirebaseSharedSwift', executablePath='<DVTFilePath:0x7c46b2680:'/Users/clseva/Library/Developer/Xcode/Archives/2026-04-14/iVooxApp 14-04-2026, 15.25.xcarchive/Products/Applications/ivooxNew.app/Frameworks/FirebaseSharedSwift.framework/FirebaseSharedSwift'>', hardenedRuntime='0'>'>: {
}
2026-04-14 13:33:36 +0000  Associated App Clip Identifiers Filter: Skipping because "com.apple.developer.associated-appclip-app-identifiers" is not present
2026-04-14 13:33:36 +0000  Entitlements for <IDEDistributionItem: 0x7c4b487e0; bundleID='org.cocoapods.FirebaseSharedSwift', path='<DVTFilePath:0x7c46b0e70:'/Users/clseva/Library/Developer/Xcode/Archives/2026-04-14/iVooxApp 14-04-2026, 15.25.xcarchive/Products/Applications/ivooxNew.app/Frameworks/FirebaseSharedSwift.framework'>', codeSigningInfo='<_DVTCodeSigningInformation_Path: 0x7c4b48720; isSigned='1', isAdHocSigned='0', signingCertificate='<DVTSigningCertificate: 0x7c45fb000; name='Apple Distribution: iVoox Global Podcasting Service SL (GXW5YSU35M)', hash='B0336B54C8EE75D6A73481A7B34B1F9C75AAF5D3', serialNumber='11B69D8EB5EF84EBF19CD9772E089711', certificateKinds='(
    "1.2.840.113635.100.6.1.7",
    "1.2.840.113635.100.6.1.4"
), issueDate='2026-02-13 22:07:26 +0000''>', entitlements='(null)', teamID='GXW5YSU35M', identifier='org.cocoapods.FirebaseSharedSwift', executablePath='<DVTFilePath:0x7c46b2680:'/Users/clseva/Library/Developer/Xcode/Archives/2026-04-14/iVooxApp 14-04-2026, 15.25.xcarchive/Products/Applications/ivooxNew.app/Frameworks/FirebaseSharedSwift.framework/FirebaseSharedSwift'>', hardenedRuntime='0'>'> are: {
}
2026-04-14 13:33:36 +0000  Writing entitlements for <IDEDistributionItem: 0x7c4b487e0; bundleID='org.cocoapods.FirebaseSharedSwift', path='<DVTFilePath:0x7c46b0e70:'/Users/clseva/Library/Developer/Xcode/Archives/2026-04-14/iVooxApp 14-04-2026, 15.25.xcarchive/Products/Applications/ivooxNew.app/Frameworks/FirebaseSharedSwift.framework'>', codeSigningInfo='<_DVTCodeSigningInformation_Path: 0x7c4b48720; isSigned='1', isAdHocSigned='0', signingCertificate='<DVTSigningCertificate: 0x7c45fb000; name='Apple Distribution: iVoox Global Podcasting Service SL (GXW5YSU35M)', hash='B0336B54C8EE75D6A73481A7B34B1F9C75AAF5D3', serialNumber='11B69D8EB5EF84EBF19CD9772E089711', certificateKinds='(
    "1.2.840.113635.100.6.1.7",
    "1.2.840.113635.100.6.1.4"
), issueDate='2026-02-13 22:07:26 +0000''>', entitlements='(null)', teamID='GXW5YSU35M', identifier='org.cocoapods.FirebaseSharedSwift', executablePath='<DVTFilePath:0x7c46b2680:'/Users/clseva/Library/Developer/Xcode/Archives/2026-04-14/iVooxApp 14-04-2026, 15.25.xcarchive/Products/Applications/ivooxNew.app/Frameworks/FirebaseSharedSwift.framework/FirebaseSharedSwift'>', hardenedRuntime='0'>'> to: /var/folders/8p/5rgt27mj0jdb7dcpxdl3t5p80000gn/T/XcodeDistPipeline.~~~jGsUBi/entitlements~~~jDx6dV
2026-04-14 13:33:36 +0000  invoking codesign: <NSConcreteTask: 0x79d8b7c00; launchPath='/usr/bin/codesign', arguments='(
    "-f",
    "-s",
    B0336B54C8EE75D6A73481A7B34B1F9C75AAF5D3,
    "--entitlements",
    "/var/folders/8p/5rgt27mj0jdb7dcpxdl3t5p80000gn/T/XcodeDistPipeline.~~~jGsUBi/entitlements~~~jDx6dV",
    "--preserve-metadata=identifier,flags,runtime,launch-constraints,library-constraints",
    "--generate-entitlement-der",
    "--strip-disallowed-xattrs",
    "-vvv",
    "/var/folders/8p/5rgt27mj0jdb7dcpxdl3t5p80000gn/T/XcodeDistPipeline.~~~jGsUBi/Root/Payload/ivooxNew.app/Frameworks/FirebaseSharedSwift.framework"
)'>
2026-04-14 13:33:36 +0000  codesign output: /var/folders/8p/5rgt27mj0jdb7dcpxdl3t5p80000gn/T/XcodeDistPipeline.~~~jGsUBi/Root/Payload/ivooxNew.app/Frameworks/FirebaseSharedSwift.framework: replacing existing signature
/var/folders/8p/5rgt27mj0jdb7dcpxdl3t5p80000gn/T/XcodeDistPipeline.~~~jGsUBi/Root/Payload/ivooxNew.app/Frameworks/FirebaseSharedSwift.framework: signed bundle with Mach-O thin (arm64) [org.cocoapods.FirebaseSharedSwift]
2026-04-14 13:33:36 +0000  Entitlements for <IDEDistributionItem: 0x7c421ac40; bundleID='org.cocoapods.FormatterKit', path='<DVTFilePath:0x7c46c20d0:'/Users/clseva/Library/Developer/Xcode/Archives/2026-04-14/iVooxApp 14-04-2026, 15.25.xcarchive/Products/Applications/ivooxNew.app/Frameworks/FormatterKit.framework'>', codeSigningInfo='<_DVTCodeSigningInformation_Path: 0x7c4b4af40; isSigned='1', isAdHocSigned='0', signingCertificate='<DVTSigningCertificate: 0x7c45fbcc0; name='Apple Distribution: iVoox Global Podcasting Service SL (GXW5YSU35M)', hash='B0336B54C8EE75D6A73481A7B34B1F9C75AAF5D3', serialNumber='11B69D8EB5EF84EBF19CD9772E089711', certificateKinds='(
    "1.2.840.113635.100.6.1.7",
    "1.2.840.113635.100.6.1.4"
), issueDate='2026-02-13 22:07:26 +0000''>', entitlements='(null)', teamID='GXW5YSU35M', identifier='org.cocoapods.FormatterKit', executablePath='<DVTFilePath:0x7c4a2a5e0:'/Users/clseva/Library/Developer/Xcode/Archives/2026-04-14/iVooxApp 14-04-2026, 15.25.xcarchive/Products/Applications/ivooxNew.app/Frameworks/FormatterKit.framework/FormatterKit'>', hardenedRuntime='0'>'>: {
}
2026-04-14 13:33:36 +0000  Associated App Clip Identifiers Filter: Skipping because "com.apple.developer.associated-appclip-app-identifiers" is not present
2026-04-14 13:33:36 +0000  Entitlements for <IDEDistributionItem: 0x7c421ac40; bundleID='org.cocoapods.FormatterKit', path='<DVTFilePath:0x7c46c20d0:'/Users/clseva/Library/Developer/Xcode/Archives/2026-04-14/iVooxApp 14-04-2026, 15.25.xcarchive/Products/Applications/ivooxNew.app/Frameworks/FormatterKit.framework'>', codeSigningInfo='<_DVTCodeSigningInformation_Path: 0x7c4b4af40; isSigned='1', isAdHocSigned='0', signingCertificate='<DVTSigningCertificate: 0x7c45fb540; name='Apple Distribution: iVoox Global Podcasting Service SL (GXW5YSU35M)', hash='B0336B54C8EE75D6A73481A7B34B1F9C75AAF5D3', serialNumber='11B69D8EB5EF84EBF19CD9772E089711', certificateKinds='(
    "1.2.840.113635.100.6.1.7",
    "1.2.840.113635.100.6.1.4"
), issueDate='2026-02-13 22:07:26 +0000''>', entitlements='(null)', teamID='GXW5YSU35M', identifier='org.cocoapods.FormatterKit', executablePath='<DVTFilePath:0x7c4a2a5e0:'/Users/clseva/Library/Developer/Xcode/Archives/2026-04-14/iVooxApp 14-04-2026, 15.25.xcarchive/Products/Applications/ivooxNew.app/Frameworks/FormatterKit.framework/FormatterKit'>', hardenedRuntime='0'>'> are: {
}
2026-04-14 13:33:36 +0000  Writing entitlements for <IDEDistributionItem: 0x7c421ac40; bundleID='org.cocoapods.FormatterKit', path='<DVTFilePath:0x7c46c20d0:'/Users/clseva/Library/Developer/Xcode/Archives/2026-04-14/iVooxApp 14-04-2026, 15.25.xcarchive/Products/Applications/ivooxNew.app/Frameworks/FormatterKit.framework'>', codeSigningInfo='<_DVTCodeSigningInformation_Path: 0x7c4b4af40; isSigned='1', isAdHocSigned='0', signingCertificate='<DVTSigningCertificate: 0x7c45fb540; name='Apple Distribution: iVoox Global Podcasting Service SL (GXW5YSU35M)', hash='B0336B54C8EE75D6A73481A7B34B1F9C75AAF5D3', serialNumber='11B69D8EB5EF84EBF19CD9772E089711', certificateKinds='(
    "1.2.840.113635.100.6.1.7",
    "1.2.840.113635.100.6.1.4"
), issueDate='2026-02-13 22:07:26 +0000''>', entitlements='(null)', teamID='GXW5YSU35M', identifier='org.cocoapods.FormatterKit', executablePath='<DVTFilePath:0x7c4a2a5e0:'/Users/clseva/Library/Developer/Xcode/Archives/2026-04-14/iVooxApp 14-04-2026, 15.25.xcarchive/Products/Applications/ivooxNew.app/Frameworks/FormatterKit.framework/FormatterKit'>', hardenedRuntime='0'>'> to: /var/folders/8p/5rgt27mj0jdb7dcpxdl3t5p80000gn/T/XcodeDistPipeline.~~~jGsUBi/entitlements~~~9Wo42e
2026-04-14 13:33:36 +0000  invoking codesign: <NSConcreteTask: 0x79ae832a0; launchPath='/usr/bin/codesign', arguments='(
    "-f",
    "-s",
    B0336B54C8EE75D6A73481A7B34B1F9C75AAF5D3,
    "--entitlements",
    "/var/folders/8p/5rgt27mj0jdb7dcpxdl3t5p80000gn/T/XcodeDistPipeline.~~~jGsUBi/entitlements~~~9Wo42e",
    "--preserve-metadata=identifier,flags,runtime,launch-constraints,library-constraints",
    "--generate-entitlement-der",
    "--strip-disallowed-xattrs",
    "-vvv",
    "/var/folders/8p/5rgt27mj0jdb7dcpxdl3t5p80000gn/T/XcodeDistPipeline.~~~jGsUBi/Root/Payload/ivooxNew.app/Frameworks/FormatterKit.framework"
)'>
2026-04-14 13:33:36 +0000  codesign output: /var/folders/8p/5rgt27mj0jdb7dcpxdl3t5p80000gn/T/XcodeDistPipeline.~~~jGsUBi/Root/Payload/ivooxNew.app/Frameworks/FormatterKit.framework: replacing existing signature
/var/folders/8p/5rgt27mj0jdb7dcpxdl3t5p80000gn/T/XcodeDistPipeline.~~~jGsUBi/Root/Payload/ivooxNew.app/Frameworks/FormatterKit.framework: signed bundle with Mach-O thin (arm64) [org.cocoapods.FormatterKit]
2026-04-14 13:33:36 +0000  Entitlements for <IDEDistributionItem: 0x7c421ae20; bundleID='org.cocoapods.GTMAppAuth', path='<DVTFilePath:0x7c46b2290:'/Users/clseva/Library/Developer/Xcode/Archives/2026-04-14/iVooxApp 14-04-2026, 15.25.xcarchive/Products/Applications/ivooxNew.app/Frameworks/GTMAppAuth.framework'>', codeSigningInfo='<_DVTCodeSigningInformation_Path: 0x7c4b4a700; isSigned='1', isAdHocSigned='0', signingCertificate='<DVTSigningCertificate: 0x7c45fbcc0; name='Apple Distribution: iVoox Global Podcasting Service SL (GXW5YSU35M)', hash='B0336B54C8EE75D6A73481A7B34B1F9C75AAF5D3', serialNumber='11B69D8EB5EF84EBF19CD9772E089711', certificateKinds='(
    "1.2.840.113635.100.6.1.7",
    "1.2.840.113635.100.6.1.4"
), issueDate='2026-02-13 22:07:26 +0000''>', entitlements='(null)', teamID='GXW5YSU35M', identifier='org.cocoapods.GTMAppAuth', executablePath='<DVTFilePath:0x7c49ca9a0:'/Users/clseva/Library/Developer/Xcode/Archives/2026-04-14/iVooxApp 14-04-2026, 15.25.xcarchive/Products/Applications/ivooxNew.app/Frameworks/GTMAppAuth.framework/GTMAppAuth'>', hardenedRuntime='0'>'>: {
}
2026-04-14 13:33:36 +0000  Associated App Clip Identifiers Filter: Skipping because "com.apple.developer.associated-appclip-app-identifiers" is not present
2026-04-14 13:33:36 +0000  Entitlements for <IDEDistributionItem: 0x7c421ae20; bundleID='org.cocoapods.GTMAppAuth', path='<DVTFilePath:0x7c46b2290:'/Users/clseva/Library/Developer/Xcode/Archives/2026-04-14/iVooxApp 14-04-2026, 15.25.xcarchive/Products/Applications/ivooxNew.app/Frameworks/GTMAppAuth.framework'>', codeSigningInfo='<_DVTCodeSigningInformation_Path: 0x7c4b4a700; isSigned='1', isAdHocSigned='0', signingCertificate='<DVTSigningCertificate: 0x7c45fa640; name='Apple Distribution: iVoox Global Podcasting Service SL (GXW5YSU35M)', hash='B0336B54C8EE75D6A73481A7B34B1F9C75AAF5D3', serialNumber='11B69D8EB5EF84EBF19CD9772E089711', certificateKinds='(
    "1.2.840.113635.100.6.1.7",
    "1.2.840.113635.100.6.1.4"
), issueDate='2026-02-13 22:07:26 +0000''>', entitlements='(null)', teamID='GXW5YSU35M', identifier='org.cocoapods.GTMAppAuth', executablePath='<DVTFilePath:0x7c49ca9a0:'/Users/clseva/Library/Developer/Xcode/Archives/2026-04-14/iVooxApp 14-04-2026, 15.25.xcarchive/Products/Applications/ivooxNew.app/Frameworks/GTMAppAuth.framework/GTMAppAuth'>', hardenedRuntime='0'>'> are: {
}
2026-04-14 13:33:36 +0000  Writing entitlements for <IDEDistributionItem: 0x7c421ae20; bundleID='org.cocoapods.GTMAppAuth', path='<DVTFilePath:0x7c46b2290:'/Users/clseva/Library/Developer/Xcode/Archives/2026-04-14/iVooxApp 14-04-2026, 15.25.xcarchive/Products/Applications/ivooxNew.app/Frameworks/GTMAppAuth.framework'>', codeSigningInfo='<_DVTCodeSigningInformation_Path: 0x7c4b4a700; isSigned='1', isAdHocSigned='0', signingCertificate='<DVTSigningCertificate: 0x7c45fa640; name='Apple Distribution: iVoox Global Podcasting Service SL (GXW5YSU35M)', hash='B0336B54C8EE75D6A73481A7B34B1F9C75AAF5D3', serialNumber='11B69D8EB5EF84EBF19CD9772E089711', certificateKinds='(
    "1.2.840.113635.100.6.1.7",
    "1.2.840.113635.100.6.1.4"
), issueDate='2026-02-13 22:07:26 +0000''>', entitlements='(null)', teamID='GXW5YSU35M', identifier='org.cocoapods.GTMAppAuth', executablePath='<DVTFilePath:0x7c49ca9a0:'/Users/clseva/Library/Developer/Xcode/Archives/2026-04-14/iVooxApp 14-04-2026, 15.25.xcarchive/Products/Applications/ivooxNew.app/Frameworks/GTMAppAuth.framework/GTMAppAuth'>', hardenedRuntime='0'>'> to: /var/folders/8p/5rgt27mj0jdb7dcpxdl3t5p80000gn/T/XcodeDistPipeline.~~~jGsUBi/entitlements~~~GEtul9
2026-04-14 13:33:36 +0000  invoking codesign: <NSConcreteTask: 0x79ae832a0; launchPath='/usr/bin/codesign', arguments='(
    "-f",
    "-s",
    B0336B54C8EE75D6A73481A7B34B1F9C75AAF5D3,
    "--entitlements",
    "/var/folders/8p/5rgt27mj0jdb7dcpxdl3t5p80000gn/T/XcodeDistPipeline.~~~jGsUBi/entitlements~~~GEtul9",
    "--preserve-metadata=identifier,flags,runtime,launch-constraints,library-constraints",
    "--generate-entitlement-der",
    "--strip-disallowed-xattrs",
    "-vvv",
    "/var/folders/8p/5rgt27mj0jdb7dcpxdl3t5p80000gn/T/XcodeDistPipeline.~~~jGsUBi/Root/Payload/ivooxNew.app/Frameworks/GTMAppAuth.framework"
)'>
2026-04-14 13:33:36 +0000  codesign output: /var/folders/8p/5rgt27mj0jdb7dcpxdl3t5p80000gn/T/XcodeDistPipeline.~~~jGsUBi/Root/Payload/ivooxNew.app/Frameworks/GTMAppAuth.framework: replacing existing signature
/var/folders/8p/5rgt27mj0jdb7dcpxdl3t5p80000gn/T/XcodeDistPipeline.~~~jGsUBi/Root/Payload/ivooxNew.app/Frameworks/GTMAppAuth.framework: signed bundle with Mach-O thin (arm64) [org.cocoapods.GTMAppAuth]
2026-04-14 13:33:36 +0000  Entitlements for <IDEDistributionItem: 0x7c4907660; bundleID='org.cocoapods.GTMSessionFetcher', path='<DVTFilePath:0x7c46b1f10:'/Users/clseva/Library/Developer/Xcode/Archives/2026-04-14/iVooxApp 14-04-2026, 15.25.xcarchive/Products/Applications/ivooxNew.app/Frameworks/GTMSessionFetcher.framework'>', codeSigningInfo='<_DVTCodeSigningInformation_Path: 0x7c4b4bea0; isSigned='1', isAdHocSigned='0', signingCertificate='<DVTSigningCertificate: 0x7c45fbcc0; name='Apple Distribution: iVoox Global Podcasting Service SL (GXW5YSU35M)', hash='B0336B54C8EE75D6A73481A7B34B1F9C75AAF5D3', serialNumber='11B69D8EB5EF84EBF19CD9772E089711', certificateKinds='(
    "1.2.840.113635.100.6.1.7",
    "1.2.840.113635.100.6.1.4"
), issueDate='2026-02-13 22:07:26 +0000''>', entitlements='(null)', teamID='GXW5YSU35M', identifier='org.cocoapods.GTMSessionFetcher', executablePath='<DVTFilePath:0x7c46b2610:'/Users/clseva/Library/Developer/Xcode/Archives/2026-04-14/iVooxApp 14-04-2026, 15.25.xcarchive/Products/Applications/ivooxNew.app/Frameworks/GTMSessionFetcher.framework/GTMSessionFetcher'>', hardenedRuntime='0'>'>: {
}
2026-04-14 13:33:36 +0000  Associated App Clip Identifiers Filter: Skipping because "com.apple.developer.associated-appclip-app-identifiers" is not present
2026-04-14 13:33:36 +0000  Entitlements for <IDEDistributionItem: 0x7c4907660; bundleID='org.cocoapods.GTMSessionFetcher', path='<DVTFilePath:0x7c46b1f10:'/Users/clseva/Library/Developer/Xcode/Archives/2026-04-14/iVooxApp 14-04-2026, 15.25.xcarchive/Products/Applications/ivooxNew.app/Frameworks/GTMSessionFetcher.framework'>', codeSigningInfo='<_DVTCodeSigningInformation_Path: 0x7c4b4bea0; isSigned='1', isAdHocSigned='0', signingCertificate='<DVTSigningCertificate: 0x7c45fa640; name='Apple Distribution: iVoox Global Podcasting Service SL (GXW5YSU35M)', hash='B0336B54C8EE75D6A73481A7B34B1F9C75AAF5D3', serialNumber='11B69D8EB5EF84EBF19CD9772E089711', certificateKinds='(
    "1.2.840.113635.100.6.1.7",
    "1.2.840.113635.100.6.1.4"
), issueDate='2026-02-13 22:07:26 +0000''>', entitlements='(null)', teamID='GXW5YSU35M', identifier='org.cocoapods.GTMSessionFetcher', executablePath='<DVTFilePath:0x7c46b2610:'/Users/clseva/Library/Developer/Xcode/Archives/2026-04-14/iVooxApp 14-04-2026, 15.25.xcarchive/Products/Applications/ivooxNew.app/Frameworks/GTMSessionFetcher.framework/GTMSessionFetcher'>', hardenedRuntime='0'>'> are: {
}
2026-04-14 13:33:36 +0000  Writing entitlements for <IDEDistributionItem: 0x7c4907660; bundleID='org.cocoapods.GTMSessionFetcher', path='<DVTFilePath:0x7c46b1f10:'/Users/clseva/Library/Developer/Xcode/Archives/2026-04-14/iVooxApp 14-04-2026, 15.25.xcarchive/Products/Applications/ivooxNew.app/Frameworks/GTMSessionFetcher.framework'>', codeSigningInfo='<_DVTCodeSigningInformation_Path: 0x7c4b4bea0; isSigned='1', isAdHocSigned='0', signingCertificate='<DVTSigningCertificate: 0x7c45fa640; name='Apple Distribution: iVoox Global Podcasting Service SL (GXW5YSU35M)', hash='B0336B54C8EE75D6A73481A7B34B1F9C75AAF5D3', serialNumber='11B69D8EB5EF84EBF19CD9772E089711', certificateKinds='(
    "1.2.840.113635.100.6.1.7",
    "1.2.840.113635.100.6.1.4"
), issueDate='2026-02-13 22:07:26 +0000''>', entitlements='(null)', teamID='GXW5YSU35M', identifier='org.cocoapods.GTMSessionFetcher', executablePath='<DVTFilePath:0x7c46b2610:'/Users/clseva/Library/Developer/Xcode/Archives/2026-04-14/iVooxApp 14-04-2026, 15.25.xcarchive/Products/Applications/ivooxNew.app/Frameworks/GTMSessionFetcher.framework/GTMSessionFetcher'>', hardenedRuntime='0'>'> to: /var/folders/8p/5rgt27mj0jdb7dcpxdl3t5p80000gn/T/XcodeDistPipeline.~~~jGsUBi/entitlements~~~TMe8Ac
2026-04-14 13:33:36 +0000  invoking codesign: <NSConcreteTask: 0x79ae832a0; launchPath='/usr/bin/codesign', arguments='(
    "-f",
    "-s",
    B0336B54C8EE75D6A73481A7B34B1F9C75AAF5D3,
    "--entitlements",
    "/var/folders/8p/5rgt27mj0jdb7dcpxdl3t5p80000gn/T/XcodeDistPipeline.~~~jGsUBi/entitlements~~~TMe8Ac",
    "--preserve-metadata=identifier,flags,runtime,launch-constraints,library-constraints",
    "--generate-entitlement-der",
    "--strip-disallowed-xattrs",
    "-vvv",
    "/var/folders/8p/5rgt27mj0jdb7dcpxdl3t5p80000gn/T/XcodeDistPipeline.~~~jGsUBi/Root/Payload/ivooxNew.app/Frameworks/GTMSessionFetcher.framework"
)'>
2026-04-14 13:33:36 +0000  codesign output: /var/folders/8p/5rgt27mj0jdb7dcpxdl3t5p80000gn/T/XcodeDistPipeline.~~~jGsUBi/Root/Payload/ivooxNew.app/Frameworks/GTMSessionFetcher.framework: replacing existing signature
/var/folders/8p/5rgt27mj0jdb7dcpxdl3t5p80000gn/T/XcodeDistPipeline.~~~jGsUBi/Root/Payload/ivooxNew.app/Frameworks/GTMSessionFetcher.framework: signed bundle with Mach-O thin (arm64) [org.cocoapods.GTMSessionFetcher]
2026-04-14 13:33:36 +0000  Entitlements for <IDEDistributionItem: 0x7c4b4a580; bundleID='org.cocoapods.GoogleDataTransport', path='<DVTFilePath:0x7c46b13b0:'/Users/clseva/Library/Developer/Xcode/Archives/2026-04-14/iVooxApp 14-04-2026, 15.25.xcarchive/Products/Applications/ivooxNew.app/Frameworks/GoogleDataTransport.framework'>', codeSigningInfo='<_DVTCodeSigningInformation_Path: 0x7c4b4a880; isSigned='1', isAdHocSigned='0', signingCertificate='<DVTSigningCertificate: 0x7c45fbcc0; name='Apple Distribution: iVoox Global Podcasting Service SL (GXW5YSU35M)', hash='B0336B54C8EE75D6A73481A7B34B1F9C75AAF5D3', serialNumber='11B69D8EB5EF84EBF19CD9772E089711', certificateKinds='(
    "1.2.840.113635.100.6.1.7",
    "1.2.840.113635.100.6.1.4"
), issueDate='2026-02-13 22:07:26 +0000''>', entitlements='(null)', teamID='GXW5YSU35M', identifier='org.cocoapods.GoogleDataTransport', executablePath='<DVTFilePath:0x7c46b1490:'/Users/clseva/Library/Developer/Xcode/Archives/2026-04-14/iVooxApp 14-04-2026, 15.25.xcarchive/Products/Applications/ivooxNew.app/Frameworks/GoogleDataTransport.framework/GoogleDataTransport'>', hardenedRuntime='0'>'>: {
}
2026-04-14 13:33:36 +0000  Associated App Clip Identifiers Filter: Skipping because "com.apple.developer.associated-appclip-app-identifiers" is not present
2026-04-14 13:33:36 +0000  Entitlements for <IDEDistributionItem: 0x7c4b4a580; bundleID='org.cocoapods.GoogleDataTransport', path='<DVTFilePath:0x7c46b13b0:'/Users/clseva/Library/Developer/Xcode/Archives/2026-04-14/iVooxApp 14-04-2026, 15.25.xcarchive/Products/Applications/ivooxNew.app/Frameworks/GoogleDataTransport.framework'>', codeSigningInfo='<_DVTCodeSigningInformation_Path: 0x7c4b4a880; isSigned='1', isAdHocSigned='0', signingCertificate='<DVTSigningCertificate: 0x7c45fa640; name='Apple Distribution: iVoox Global Podcasting Service SL (GXW5YSU35M)', hash='B0336B54C8EE75D6A73481A7B34B1F9C75AAF5D3', serialNumber='11B69D8EB5EF84EBF19CD9772E089711', certificateKinds='(
    "1.2.840.113635.100.6.1.7",
    "1.2.840.113635.100.6.1.4"
), issueDate='2026-02-13 22:07:26 +0000''>', entitlements='(null)', teamID='GXW5YSU35M', identifier='org.cocoapods.GoogleDataTransport', executablePath='<DVTFilePath:0x7c46b1490:'/Users/clseva/Library/Developer/Xcode/Archives/2026-04-14/iVooxApp 14-04-2026, 15.25.xcarchive/Products/Applications/ivooxNew.app/Frameworks/GoogleDataTransport.framework/GoogleDataTransport'>', hardenedRuntime='0'>'> are: {
}
2026-04-14 13:33:36 +0000  Writing entitlements for <IDEDistributionItem: 0x7c4b4a580; bundleID='org.cocoapods.GoogleDataTransport', path='<DVTFilePath:0x7c46b13b0:'/Users/clseva/Library/Developer/Xcode/Archives/2026-04-14/iVooxApp 14-04-2026, 15.25.xcarchive/Products/Applications/ivooxNew.app/Frameworks/GoogleDataTransport.framework'>', codeSigningInfo='<_DVTCodeSigningInformation_Path: 0x7c4b4a880; isSigned='1', isAdHocSigned='0', signingCertificate='<DVTSigningCertificate: 0x7c45fa640; name='Apple Distribution: iVoox Global Podcasting Service SL (GXW5YSU35M)', hash='B0336B54C8EE75D6A73481A7B34B1F9C75AAF5D3', serialNumber='11B69D8EB5EF84EBF19CD9772E089711', certificateKinds='(
    "1.2.840.113635.100.6.1.7",
    "1.2.840.113635.100.6.1.4"
), issueDate='2026-02-13 22:07:26 +0000''>', entitlements='(null)', teamID='GXW5YSU35M', identifier='org.cocoapods.GoogleDataTransport', executablePath='<DVTFilePath:0x7c46b1490:'/Users/clseva/Library/Developer/Xcode/Archives/2026-04-14/iVooxApp 14-04-2026, 15.25.xcarchive/Products/Applications/ivooxNew.app/Frameworks/GoogleDataTransport.framework/GoogleDataTransport'>', hardenedRuntime='0'>'> to: /var/folders/8p/5rgt27mj0jdb7dcpxdl3t5p80000gn/T/XcodeDistPipeline.~~~jGsUBi/entitlements~~~op92Jc
2026-04-14 13:33:36 +0000  invoking codesign: <NSConcreteTask: 0x79ae832a0; launchPath='/usr/bin/codesign', arguments='(
    "-f",
    "-s",
    B0336B54C8EE75D6A73481A7B34B1F9C75AAF5D3,
    "--entitlements",
    "/var/folders/8p/5rgt27mj0jdb7dcpxdl3t5p80000gn/T/XcodeDistPipeline.~~~jGsUBi/entitlements~~~op92Jc",
    "--preserve-metadata=identifier,flags,runtime,launch-constraints,library-constraints",
    "--generate-entitlement-der",
    "--strip-disallowed-xattrs",
    "-vvv",
    "/var/folders/8p/5rgt27mj0jdb7dcpxdl3t5p80000gn/T/XcodeDistPipeline.~~~jGsUBi/Root/Payload/ivooxNew.app/Frameworks/GoogleDataTransport.framework"
)'>
2026-04-14 13:33:36 +0000  codesign output: /var/folders/8p/5rgt27mj0jdb7dcpxdl3t5p80000gn/T/XcodeDistPipeline.~~~jGsUBi/Root/Payload/ivooxNew.app/Frameworks/GoogleDataTransport.framework: replacing existing signature
/var/folders/8p/5rgt27mj0jdb7dcpxdl3t5p80000gn/T/XcodeDistPipeline.~~~jGsUBi/Root/Payload/ivooxNew.app/Frameworks/GoogleDataTransport.framework: signed bundle with Mach-O thin (arm64) [org.cocoapods.GoogleDataTransport]
2026-04-14 13:33:36 +0000  Entitlements for <IDEDistributionItem: 0x7c4219b60; bundleID='com.google.ios.GoogleInteractiveMediaAds', path='<DVTFilePath:0x79dab7380:'/Users/clseva/Library/Developer/Xcode/Archives/2026-04-14/iVooxApp 14-04-2026, 15.25.xcarchive/Products/Applications/ivooxNew.app/Frameworks/GoogleInteractiveMediaAds.framework'>', codeSigningInfo='<_DVTCodeSigningInformation_Path: 0x7c20cbd20; isSigned='1', isAdHocSigned='0', signingCertificate='<DVTSigningCertificate: 0x7c45fbcc0; name='Apple Distribution: iVoox Global Podcasting Service SL (GXW5YSU35M)', hash='B0336B54C8EE75D6A73481A7B34B1F9C75AAF5D3', serialNumber='11B69D8EB5EF84EBF19CD9772E089711', certificateKinds='(
    "1.2.840.113635.100.6.1.7",
    "1.2.840.113635.100.6.1.4"
), issueDate='2026-02-13 22:07:26 +0000''>', entitlements='(null)', teamID='GXW5YSU35M', identifier='com.google.ios.GoogleInteractiveMediaAds', executablePath='<DVTFilePath:0x7c46b3100:'/Users/clseva/Library/Developer/Xcode/Archives/2026-04-14/iVooxApp 14-04-2026, 15.25.xcarchive/Products/Applications/ivooxNew.app/Frameworks/GoogleInteractiveMediaAds.framework/GoogleInteractiveMediaAds'>', hardenedRuntime='0'>'>: {
}
2026-04-14 13:33:36 +0000  Associated App Clip Identifiers Filter: Skipping because "com.apple.developer.associated-appclip-app-identifiers" is not present
2026-04-14 13:33:36 +0000  Entitlements for <IDEDistributionItem: 0x7c4219b60; bundleID='com.google.ios.GoogleInteractiveMediaAds', path='<DVTFilePath:0x79dab7380:'/Users/clseva/Library/Developer/Xcode/Archives/2026-04-14/iVooxApp 14-04-2026, 15.25.xcarchive/Products/Applications/ivooxNew.app/Frameworks/GoogleInteractiveMediaAds.framework'>', codeSigningInfo='<_DVTCodeSigningInformation_Path: 0x7c20cbd20; isSigned='1', isAdHocSigned='0', signingCertificate='<DVTSigningCertificate: 0x7c45fac40; name='Apple Distribution: iVoox Global Podcasting Service SL (GXW5YSU35M)', hash='B0336B54C8EE75D6A73481A7B34B1F9C75AAF5D3', serialNumber='11B69D8EB5EF84EBF19CD9772E089711', certificateKinds='(
    "1.2.840.113635.100.6.1.7",
    "1.2.840.113635.100.6.1.4"
), issueDate='2026-02-13 22:07:26 +0000''>', entitlements='(null)', teamID='GXW5YSU35M', identifier='com.google.ios.GoogleInteractiveMediaAds', executablePath='<DVTFilePath:0x7c46b3100:'/Users/clseva/Library/Developer/Xcode/Archives/2026-04-14/iVooxApp 14-04-2026, 15.25.xcarchive/Products/Applications/ivooxNew.app/Frameworks/GoogleInteractiveMediaAds.framework/GoogleInteractiveMediaAds'>', hardenedRuntime='0'>'> are: {
}
2026-04-14 13:33:36 +0000  Writing entitlements for <IDEDistributionItem: 0x7c4219b60; bundleID='com.google.ios.GoogleInteractiveMediaAds', path='<DVTFilePath:0x79dab7380:'/Users/clseva/Library/Developer/Xcode/Archives/2026-04-14/iVooxApp 14-04-2026, 15.25.xcarchive/Products/Applications/ivooxNew.app/Frameworks/GoogleInteractiveMediaAds.framework'>', codeSigningInfo='<_DVTCodeSigningInformation_Path: 0x7c20cbd20; isSigned='1', isAdHocSigned='0', signingCertificate='<DVTSigningCertificate: 0x7c45fac40; name='Apple Distribution: iVoox Global Podcasting Service SL (GXW5YSU35M)', hash='B0336B54C8EE75D6A73481A7B34B1F9C75AAF5D3', serialNumber='11B69D8EB5EF84EBF19CD9772E089711', certificateKinds='(
    "1.2.840.113635.100.6.1.7",
    "1.2.840.113635.100.6.1.4"
), issueDate='2026-02-13 22:07:26 +0000''>', entitlements='(null)', teamID='GXW5YSU35M', identifier='com.google.ios.GoogleInteractiveMediaAds', executablePath='<DVTFilePath:0x7c46b3100:'/Users/clseva/Library/Developer/Xcode/Archives/2026-04-14/iVooxApp 14-04-2026, 15.25.xcarchive/Products/Applications/ivooxNew.app/Frameworks/GoogleInteractiveMediaAds.framework/GoogleInteractiveMediaAds'>', hardenedRuntime='0'>'> to: /var/folders/8p/5rgt27mj0jdb7dcpxdl3t5p80000gn/T/XcodeDistPipeline.~~~jGsUBi/entitlements~~~SzGPJn
2026-04-14 13:33:36 +0000  invoking codesign: <NSConcreteTask: 0x79ae832a0; launchPath='/usr/bin/codesign', arguments='(
    "-f",
    "-s",
    B0336B54C8EE75D6A73481A7B34B1F9C75AAF5D3,
    "--entitlements",
    "/var/folders/8p/5rgt27mj0jdb7dcpxdl3t5p80000gn/T/XcodeDistPipeline.~~~jGsUBi/entitlements~~~SzGPJn",
    "--preserve-metadata=identifier,flags,runtime,launch-constraints,library-constraints",
    "--generate-entitlement-der",
    "--strip-disallowed-xattrs",
    "-vvv",
    "/var/folders/8p/5rgt27mj0jdb7dcpxdl3t5p80000gn/T/XcodeDistPipeline.~~~jGsUBi/Root/Payload/ivooxNew.app/Frameworks/GoogleInteractiveMediaAds.framework"
)'>
2026-04-14 13:33:37 +0000  codesign output: /var/folders/8p/5rgt27mj0jdb7dcpxdl3t5p80000gn/T/XcodeDistPipeline.~~~jGsUBi/Root/Payload/ivooxNew.app/Frameworks/GoogleInteractiveMediaAds.framework: replacing existing signature
/var/folders/8p/5rgt27mj0jdb7dcpxdl3t5p80000gn/T/XcodeDistPipeline.~~~jGsUBi/Root/Payload/ivooxNew.app/Frameworks/GoogleInteractiveMediaAds.framework: signed bundle with Mach-O thin (arm64) [com.google.ios.GoogleInteractiveMediaAds]
2026-04-14 13:33:37 +0000  Entitlements for <IDEDistributionItem: 0x7c20c8a20; bundleID='org.cocoapods.GoogleSignIn', path='<DVTFilePath:0x7c46c2610:'/Users/clseva/Library/Developer/Xcode/Archives/2026-04-14/iVooxApp 14-04-2026, 15.25.xcarchive/Products/Applications/ivooxNew.app/Frameworks/GoogleSignIn.framework'>', codeSigningInfo='<_DVTCodeSigningInformation_Path: 0x7c20ca160; isSigned='1', isAdHocSigned='0', signingCertificate='<DVTSigningCertificate: 0x7c45fbcc0; name='Apple Distribution: iVoox Global Podcasting Service SL (GXW5YSU35M)', hash='B0336B54C8EE75D6A73481A7B34B1F9C75AAF5D3', serialNumber='11B69D8EB5EF84EBF19CD9772E089711', certificateKinds='(
    "1.2.840.113635.100.6.1.7",
    "1.2.840.113635.100.6.1.4"
), issueDate='2026-02-13 22:07:26 +0000''>', entitlements='(null)', teamID='GXW5YSU35M', identifier='org.cocoapods.GoogleSignIn', executablePath='<DVTFilePath:0x7c4a4b360:'/Users/clseva/Library/Developer/Xcode/Archives/2026-04-14/iVooxApp 14-04-2026, 15.25.xcarchive/Products/Applications/ivooxNew.app/Frameworks/GoogleSignIn.framework/GoogleSignIn'>', hardenedRuntime='0'>'>: {
}
2026-04-14 13:33:37 +0000  Associated App Clip Identifiers Filter: Skipping because "com.apple.developer.associated-appclip-app-identifiers" is not present
2026-04-14 13:33:37 +0000  Entitlements for <IDEDistributionItem: 0x7c20c8a20; bundleID='org.cocoapods.GoogleSignIn', path='<DVTFilePath:0x7c46c2610:'/Users/clseva/Library/Developer/Xcode/Archives/2026-04-14/iVooxApp 14-04-2026, 15.25.xcarchive/Products/Applications/ivooxNew.app/Frameworks/GoogleSignIn.framework'>', codeSigningInfo='<_DVTCodeSigningInformation_Path: 0x7c20ca160; isSigned='1', isAdHocSigned='0', signingCertificate='<DVTSigningCertificate: 0x7c45fac40; name='Apple Distribution: iVoox Global Podcasting Service SL (GXW5YSU35M)', hash='B0336B54C8EE75D6A73481A7B34B1F9C75AAF5D3', serialNumber='11B69D8EB5EF84EBF19CD9772E089711', certificateKinds='(
    "1.2.840.113635.100.6.1.7",
    "1.2.840.113635.100.6.1.4"
), issueDate='2026-02-13 22:07:26 +0000''>', entitlements='(null)', teamID='GXW5YSU35M', identifier='org.cocoapods.GoogleSignIn', executablePath='<DVTFilePath:0x7c4a4b360:'/Users/clseva/Library/Developer/Xcode/Archives/2026-04-14/iVooxApp 14-04-2026, 15.25.xcarchive/Products/Applications/ivooxNew.app/Frameworks/GoogleSignIn.framework/GoogleSignIn'>', hardenedRuntime='0'>'> are: {
}
2026-04-14 13:33:37 +0000  Writing entitlements for <IDEDistributionItem: 0x7c20c8a20; bundleID='org.cocoapods.GoogleSignIn', path='<DVTFilePath:0x7c46c2610:'/Users/clseva/Library/Developer/Xcode/Archives/2026-04-14/iVooxApp 14-04-2026, 15.25.xcarchive/Products/Applications/ivooxNew.app/Frameworks/GoogleSignIn.framework'>', codeSigningInfo='<_DVTCodeSigningInformation_Path: 0x7c20ca160; isSigned='1', isAdHocSigned='0', signingCertificate='<DVTSigningCertificate: 0x7c45fac40; name='Apple Distribution: iVoox Global Podcasting Service SL (GXW5YSU35M)', hash='B0336B54C8EE75D6A73481A7B34B1F9C75AAF5D3', serialNumber='11B69D8EB5EF84EBF19CD9772E089711', certificateKinds='(
    "1.2.840.113635.100.6.1.7",
    "1.2.840.113635.100.6.1.4"
), issueDate='2026-02-13 22:07:26 +0000''>', entitlements='(null)', teamID='GXW5YSU35M', identifier='org.cocoapods.GoogleSignIn', executablePath='<DVTFilePath:0x7c4a4b360:'/Users/clseva/Library/Developer/Xcode/Archives/2026-04-14/iVooxApp 14-04-2026, 15.25.xcarchive/Products/Applications/ivooxNew.app/Frameworks/GoogleSignIn.framework/GoogleSignIn'>', hardenedRuntime='0'>'> to: /var/folders/8p/5rgt27mj0jdb7dcpxdl3t5p80000gn/T/XcodeDistPipeline.~~~jGsUBi/entitlements~~~ELtc85
2026-04-14 13:33:37 +0000  invoking codesign: <NSConcreteTask: 0x79ae832a0; launchPath='/usr/bin/codesign', arguments='(
    "-f",
    "-s",
    B0336B54C8EE75D6A73481A7B34B1F9C75AAF5D3,
    "--entitlements",
    "/var/folders/8p/5rgt27mj0jdb7dcpxdl3t5p80000gn/T/XcodeDistPipeline.~~~jGsUBi/entitlements~~~ELtc85",
    "--preserve-metadata=identifier,flags,runtime,launch-constraints,library-constraints",
    "--generate-entitlement-der",
    "--strip-disallowed-xattrs",
    "-vvv",
    "/var/folders/8p/5rgt27mj0jdb7dcpxdl3t5p80000gn/T/XcodeDistPipeline.~~~jGsUBi/Root/Payload/ivooxNew.app/Frameworks/GoogleSignIn.framework"
)'>
2026-04-14 13:33:37 +0000  codesign output: /var/folders/8p/5rgt27mj0jdb7dcpxdl3t5p80000gn/T/XcodeDistPipeline.~~~jGsUBi/Root/Payload/ivooxNew.app/Frameworks/GoogleSignIn.framework: replacing existing signature
/var/folders/8p/5rgt27mj0jdb7dcpxdl3t5p80000gn/T/XcodeDistPipeline.~~~jGsUBi/Root/Payload/ivooxNew.app/Frameworks/GoogleSignIn.framework: signed bundle with Mach-O thin (arm64) [org.cocoapods.GoogleSignIn]
2026-04-14 13:33:37 +0000  Entitlements for <IDEDistributionItem: 0x7c4b49440; bundleID='org.cocoapods.GoogleUtilities', path='<DVTFilePath:0x7c46b2bc0:'/Users/clseva/Library/Developer/Xcode/Archives/2026-04-14/iVooxApp 14-04-2026, 15.25.xcarchive/Products/Applications/ivooxNew.app/Frameworks/GoogleUtilities.framework'>', codeSigningInfo='<_DVTCodeSigningInformation_Path: 0x7c421a760; isSigned='1', isAdHocSigned='0', signingCertificate='<DVTSigningCertificate: 0x7c45fbcc0; name='Apple Distribution: iVoox Global Podcasting Service SL (GXW5YSU35M)', hash='B0336B54C8EE75D6A73481A7B34B1F9C75AAF5D3', serialNumber='11B69D8EB5EF84EBF19CD9772E089711', certificateKinds='(
    "1.2.840.113635.100.6.1.7",
    "1.2.840.113635.100.6.1.4"
), issueDate='2026-02-13 22:07:26 +0000''>', entitlements='(null)', teamID='GXW5YSU35M', identifier='org.cocoapods.GoogleUtilities', executablePath='<DVTFilePath:0x7c49e4de0:'/Users/clseva/Library/Developer/Xcode/Archives/2026-04-14/iVooxApp 14-04-2026, 15.25.xcarchive/Products/Applications/ivooxNew.app/Frameworks/GoogleUtilities.framework/GoogleUtilities'>', hardenedRuntime='0'>'>: {
}
2026-04-14 13:33:37 +0000  Associated App Clip Identifiers Filter: Skipping because "com.apple.developer.associated-appclip-app-identifiers" is not present
2026-04-14 13:33:37 +0000  Entitlements for <IDEDistributionItem: 0x7c4b49440; bundleID='org.cocoapods.GoogleUtilities', path='<DVTFilePath:0x7c46b2bc0:'/Users/clseva/Library/Developer/Xcode/Archives/2026-04-14/iVooxApp 14-04-2026, 15.25.xcarchive/Products/Applications/ivooxNew.app/Frameworks/GoogleUtilities.framework'>', codeSigningInfo='<_DVTCodeSigningInformation_Path: 0x7c421a760; isSigned='1', isAdHocSigned='0', signingCertificate='<DVTSigningCertificate: 0x7c45fadc0; name='Apple Distribution: iVoox Global Podcasting Service SL (GXW5YSU35M)', hash='B0336B54C8EE75D6A73481A7B34B1F9C75AAF5D3', serialNumber='11B69D8EB5EF84EBF19CD9772E089711', certificateKinds='(
    "1.2.840.113635.100.6.1.7",
    "1.2.840.113635.100.6.1.4"
), issueDate='2026-02-13 22:07:26 +0000''>', entitlements='(null)', teamID='GXW5YSU35M', identifier='org.cocoapods.GoogleUtilities', executablePath='<DVTFilePath:0x7c49e4de0:'/Users/clseva/Library/Developer/Xcode/Archives/2026-04-14/iVooxApp 14-04-2026, 15.25.xcarchive/Products/Applications/ivooxNew.app/Frameworks/GoogleUtilities.framework/GoogleUtilities'>', hardenedRuntime='0'>'> are: {
}
2026-04-14 13:33:37 +0000  Writing entitlements for <IDEDistributionItem: 0x7c4b49440; bundleID='org.cocoapods.GoogleUtilities', path='<DVTFilePath:0x7c46b2bc0:'/Users/clseva/Library/Developer/Xcode/Archives/2026-04-14/iVooxApp 14-04-2026, 15.25.xcarchive/Products/Applications/ivooxNew.app/Frameworks/GoogleUtilities.framework'>', codeSigningInfo='<_DVTCodeSigningInformation_Path: 0x7c421a760; isSigned='1', isAdHocSigned='0', signingCertificate='<DVTSigningCertificate: 0x7c45fadc0; name='Apple Distribution: iVoox Global Podcasting Service SL (GXW5YSU35M)', hash='B0336B54C8EE75D6A73481A7B34B1F9C75AAF5D3', serialNumber='11B69D8EB5EF84EBF19CD9772E089711', certificateKinds='(
    "1.2.840.113635.100.6.1.7",
    "1.2.840.113635.100.6.1.4"
), issueDate='2026-02-13 22:07:26 +0000''>', entitlements='(null)', teamID='GXW5YSU35M', identifier='org.cocoapods.GoogleUtilities', executablePath='<DVTFilePath:0x7c49e4de0:'/Users/clseva/Library/Developer/Xcode/Archives/2026-04-14/iVooxApp 14-04-2026, 15.25.xcarchive/Products/Applications/ivooxNew.app/Frameworks/GoogleUtilities.framework/GoogleUtilities'>', hardenedRuntime='0'>'> to: /var/folders/8p/5rgt27mj0jdb7dcpxdl3t5p80000gn/T/XcodeDistPipeline.~~~jGsUBi/entitlements~~~pjJPcB
2026-04-14 13:33:37 +0000  invoking codesign: <NSConcreteTask: 0x79d84a4e0; launchPath='/usr/bin/codesign', arguments='(
    "-f",
    "-s",
    B0336B54C8EE75D6A73481A7B34B1F9C75AAF5D3,
    "--entitlements",
    "/var/folders/8p/5rgt27mj0jdb7dcpxdl3t5p80000gn/T/XcodeDistPipeline.~~~jGsUBi/entitlements~~~pjJPcB",
    "--preserve-metadata=identifier,flags,runtime,launch-constraints,library-constraints",
    "--generate-entitlement-der",
    "--strip-disallowed-xattrs",
    "-vvv",
    "/var/folders/8p/5rgt27mj0jdb7dcpxdl3t5p80000gn/T/XcodeDistPipeline.~~~jGsUBi/Root/Payload/ivooxNew.app/Frameworks/GoogleUtilities.framework"
)'>
2026-04-14 13:33:37 +0000  codesign output: /var/folders/8p/5rgt27mj0jdb7dcpxdl3t5p80000gn/T/XcodeDistPipeline.~~~jGsUBi/Root/Payload/ivooxNew.app/Frameworks/GoogleUtilities.framework: replacing existing signature
/var/folders/8p/5rgt27mj0jdb7dcpxdl3t5p80000gn/T/XcodeDistPipeline.~~~jGsUBi/Root/Payload/ivooxNew.app/Frameworks/GoogleUtilities.framework: signed bundle with Mach-O thin (arm64) [org.cocoapods.GoogleUtilities]
2026-04-14 13:33:37 +0000  Entitlements for <IDEDistributionItem: 0x7c20c8420; bundleID='org.cocoapods.Kingfisher', path='<DVTFilePath:0x7c46b18f0:'/Users/clseva/Library/Developer/Xcode/Archives/2026-04-14/iVooxApp 14-04-2026, 15.25.xcarchive/Products/Applications/ivooxNew.app/Frameworks/Kingfisher.framework'>', codeSigningInfo='<_DVTCodeSigningInformation_Path: 0x7c4219560; isSigned='1', isAdHocSigned='0', signingCertificate='<DVTSigningCertificate: 0x7c45fbcc0; name='Apple Distribution: iVoox Global Podcasting Service SL (GXW5YSU35M)', hash='B0336B54C8EE75D6A73481A7B34B1F9C75AAF5D3', serialNumber='11B69D8EB5EF84EBF19CD9772E089711', certificateKinds='(
    "1.2.840.113635.100.6.1.7",
    "1.2.840.113635.100.6.1.4"
), issueDate='2026-02-13 22:07:26 +0000''>', entitlements='(null)', teamID='GXW5YSU35M', identifier='org.cocoapods.Kingfisher', executablePath='<DVTFilePath:0x7c49c8900:'/Users/clseva/Library/Developer/Xcode/Archives/2026-04-14/iVooxApp 14-04-2026, 15.25.xcarchive/Products/Applications/ivooxNew.app/Frameworks/Kingfisher.framework/Kingfisher'>', hardenedRuntime='0'>'>: {
}
2026-04-14 13:33:37 +0000  Associated App Clip Identifiers Filter: Skipping because "com.apple.developer.associated-appclip-app-identifiers" is not present
2026-04-14 13:33:37 +0000  Entitlements for <IDEDistributionItem: 0x7c20c8420; bundleID='org.cocoapods.Kingfisher', path='<DVTFilePath:0x7c46b18f0:'/Users/clseva/Library/Developer/Xcode/Archives/2026-04-14/iVooxApp 14-04-2026, 15.25.xcarchive/Products/Applications/ivooxNew.app/Frameworks/Kingfisher.framework'>', codeSigningInfo='<_DVTCodeSigningInformation_Path: 0x7c4219560; isSigned='1', isAdHocSigned='0', signingCertificate='<DVTSigningCertificate: 0x7c45fadc0; name='Apple Distribution: iVoox Global Podcasting Service SL (GXW5YSU35M)', hash='B0336B54C8EE75D6A73481A7B34B1F9C75AAF5D3', serialNumber='11B69D8EB5EF84EBF19CD9772E089711', certificateKinds='(
    "1.2.840.113635.100.6.1.7",
    "1.2.840.113635.100.6.1.4"
), issueDate='2026-02-13 22:07:26 +0000''>', entitlements='(null)', teamID='GXW5YSU35M', identifier='org.cocoapods.Kingfisher', executablePath='<DVTFilePath:0x7c49c8900:'/Users/clseva/Library/Developer/Xcode/Archives/2026-04-14/iVooxApp 14-04-2026, 15.25.xcarchive/Products/Applications/ivooxNew.app/Frameworks/Kingfisher.framework/Kingfisher'>', hardenedRuntime='0'>'> are: {
}
2026-04-14 13:33:37 +0000  Writing entitlements for <IDEDistributionItem: 0x7c20c8420; bundleID='org.cocoapods.Kingfisher', path='<DVTFilePath:0x7c46b18f0:'/Users/clseva/Library/Developer/Xcode/Archives/2026-04-14/iVooxApp 14-04-2026, 15.25.xcarchive/Products/Applications/ivooxNew.app/Frameworks/Kingfisher.framework'>', codeSigningInfo='<_DVTCodeSigningInformation_Path: 0x7c4219560; isSigned='1', isAdHocSigned='0', signingCertificate='<DVTSigningCertificate: 0x7c45fadc0; name='Apple Distribution: iVoox Global Podcasting Service SL (GXW5YSU35M)', hash='B0336B54C8EE75D6A73481A7B34B1F9C75AAF5D3', serialNumber='11B69D8EB5EF84EBF19CD9772E089711', certificateKinds='(
    "1.2.840.113635.100.6.1.7",
    "1.2.840.113635.100.6.1.4"
), issueDate='2026-02-13 22:07:26 +0000''>', entitlements='(null)', teamID='GXW5YSU35M', identifier='org.cocoapods.Kingfisher', executablePath='<DVTFilePath:0x7c49c8900:'/Users/clseva/Library/Developer/Xcode/Archives/2026-04-14/iVooxApp 14-04-2026, 15.25.xcarchive/Products/Applications/ivooxNew.app/Frameworks/Kingfisher.framework/Kingfisher'>', hardenedRuntime='0'>'> to: /var/folders/8p/5rgt27mj0jdb7dcpxdl3t5p80000gn/T/XcodeDistPipeline.~~~jGsUBi/entitlements~~~ejTN19
2026-04-14 13:33:37 +0000  invoking codesign: <NSConcreteTask: 0x79ae82e40; launchPath='/usr/bin/codesign', arguments='(
    "-f",
    "-s",
    B0336B54C8EE75D6A73481A7B34B1F9C75AAF5D3,
    "--entitlements",
    "/var/folders/8p/5rgt27mj0jdb7dcpxdl3t5p80000gn/T/XcodeDistPipeline.~~~jGsUBi/entitlements~~~ejTN19",
    "--preserve-metadata=identifier,flags,runtime,launch-constraints,library-constraints",
    "--generate-entitlement-der",
    "--strip-disallowed-xattrs",
    "-vvv",
    "/var/folders/8p/5rgt27mj0jdb7dcpxdl3t5p80000gn/T/XcodeDistPipeline.~~~jGsUBi/Root/Payload/ivooxNew.app/Frameworks/Kingfisher.framework"
)'>
2026-04-14 13:33:37 +0000  codesign output: /var/folders/8p/5rgt27mj0jdb7dcpxdl3t5p80000gn/T/XcodeDistPipeline.~~~jGsUBi/Root/Payload/ivooxNew.app/Frameworks/Kingfisher.framework: replacing existing signature
/var/folders/8p/5rgt27mj0jdb7dcpxdl3t5p80000gn/T/XcodeDistPipeline.~~~jGsUBi/Root/Payload/ivooxNew.app/Frameworks/Kingfisher.framework: signed bundle with Mach-O thin (arm64) [org.cocoapods.Kingfisher]
2026-04-14 13:33:37 +0000  Entitlements for <IDEDistributionItem: 0x7c421a3a0; bundleID='org.cocoapods.LPSnackbar', path='<DVTFilePath:0x7c46c12d0:'/Users/clseva/Library/Developer/Xcode/Archives/2026-04-14/iVooxApp 14-04-2026, 15.25.xcarchive/Products/Applications/ivooxNew.app/Frameworks/LPSnackbar.framework'>', codeSigningInfo='<_DVTCodeSigningInformation_Path: 0x7c4b48d20; isSigned='1', isAdHocSigned='0', signingCertificate='<DVTSigningCertificate: 0x7c45fbcc0; name='Apple Distribution: iVoox Global Podcasting Service SL (GXW5YSU35M)', hash='B0336B54C8EE75D6A73481A7B34B1F9C75AAF5D3', serialNumber='11B69D8EB5EF84EBF19CD9772E089711', certificateKinds='(
    "1.2.840.113635.100.6.1.7",
    "1.2.840.113635.100.6.1.4"
), issueDate='2026-02-13 22:07:26 +0000''>', entitlements='(null)', teamID='GXW5YSU35M', identifier='org.cocoapods.LPSnackbar', executablePath='<DVTFilePath:0x7c4a16100:'/Users/clseva/Library/Developer/Xcode/Archives/2026-04-14/iVooxApp 14-04-2026, 15.25.xcarchive/Products/Applications/ivooxNew.app/Frameworks/LPSnackbar.framework/LPSnackbar'>', hardenedRuntime='0'>'>: {
}
2026-04-14 13:33:37 +0000  Associated App Clip Identifiers Filter: Skipping because "com.apple.developer.associated-appclip-app-identifiers" is not present
2026-04-14 13:33:37 +0000  Entitlements for <IDEDistributionItem: 0x7c421a3a0; bundleID='org.cocoapods.LPSnackbar', path='<DVTFilePath:0x7c46c12d0:'/Users/clseva/Library/Developer/Xcode/Archives/2026-04-14/iVooxApp 14-04-2026, 15.25.xcarchive/Products/Applications/ivooxNew.app/Frameworks/LPSnackbar.framework'>', codeSigningInfo='<_DVTCodeSigningInformation_Path: 0x7c4b48d20; isSigned='1', isAdHocSigned='0', signingCertificate='<DVTSigningCertificate: 0x7c45fadc0; name='Apple Distribution: iVoox Global Podcasting Service SL (GXW5YSU35M)', hash='B0336B54C8EE75D6A73481A7B34B1F9C75AAF5D3', serialNumber='11B69D8EB5EF84EBF19CD9772E089711', certificateKinds='(
    "1.2.840.113635.100.6.1.7",
    "1.2.840.113635.100.6.1.4"
), issueDate='2026-02-13 22:07:26 +0000''>', entitlements='(null)', teamID='GXW5YSU35M', identifier='org.cocoapods.LPSnackbar', executablePath='<DVTFilePath:0x7c4a16100:'/Users/clseva/Library/Developer/Xcode/Archives/2026-04-14/iVooxApp 14-04-2026, 15.25.xcarchive/Products/Applications/ivooxNew.app/Frameworks/LPSnackbar.framework/LPSnackbar'>', hardenedRuntime='0'>'> are: {
}
2026-04-14 13:33:37 +0000  Writing entitlements for <IDEDistributionItem: 0x7c421a3a0; bundleID='org.cocoapods.LPSnackbar', path='<DVTFilePath:0x7c46c12d0:'/Users/clseva/Library/Developer/Xcode/Archives/2026-04-14/iVooxApp 14-04-2026, 15.25.xcarchive/Products/Applications/ivooxNew.app/Frameworks/LPSnackbar.framework'>', codeSigningInfo='<_DVTCodeSigningInformation_Path: 0x7c4b48d20; isSigned='1', isAdHocSigned='0', signingCertificate='<DVTSigningCertificate: 0x7c45fadc0; name='Apple Distribution: iVoox Global Podcasting Service SL (GXW5YSU35M)', hash='B0336B54C8EE75D6A73481A7B34B1F9C75AAF5D3', serialNumber='11B69D8EB5EF84EBF19CD9772E089711', certificateKinds='(
    "1.2.840.113635.100.6.1.7",
    "1.2.840.113635.100.6.1.4"
), issueDate='2026-02-13 22:07:26 +0000''>', entitlements='(null)', teamID='GXW5YSU35M', identifier='org.cocoapods.LPSnackbar', executablePath='<DVTFilePath:0x7c4a16100:'/Users/clseva/Library/Developer/Xcode/Archives/2026-04-14/iVooxApp 14-04-2026, 15.25.xcarchive/Products/Applications/ivooxNew.app/Frameworks/LPSnackbar.framework/LPSnackbar'>', hardenedRuntime='0'>'> to: /var/folders/8p/5rgt27mj0jdb7dcpxdl3t5p80000gn/T/XcodeDistPipeline.~~~jGsUBi/entitlements~~~XyGBlo
2026-04-14 13:33:37 +0000  invoking codesign: <NSConcreteTask: 0x79ae82e40; launchPath='/usr/bin/codesign', arguments='(
    "-f",
    "-s",
    B0336B54C8EE75D6A73481A7B34B1F9C75AAF5D3,
    "--entitlements",
    "/var/folders/8p/5rgt27mj0jdb7dcpxdl3t5p80000gn/T/XcodeDistPipeline.~~~jGsUBi/entitlements~~~XyGBlo",
    "--preserve-metadata=identifier,flags,runtime,launch-constraints,library-constraints",
    "--generate-entitlement-der",
    "--strip-disallowed-xattrs",
    "-vvv",
    "/var/folders/8p/5rgt27mj0jdb7dcpxdl3t5p80000gn/T/XcodeDistPipeline.~~~jGsUBi/Root/Payload/ivooxNew.app/Frameworks/LPSnackbar.framework"
)'>
2026-04-14 13:33:37 +0000  codesign output: /var/folders/8p/5rgt27mj0jdb7dcpxdl3t5p80000gn/T/XcodeDistPipeline.~~~jGsUBi/Root/Payload/ivooxNew.app/Frameworks/LPSnackbar.framework: replacing existing signature
/var/folders/8p/5rgt27mj0jdb7dcpxdl3t5p80000gn/T/XcodeDistPipeline.~~~jGsUBi/Root/Payload/ivooxNew.app/Frameworks/LPSnackbar.framework: signed bundle with Mach-O thin (arm64) [org.cocoapods.LPSnackbar]
2026-04-14 13:33:37 +0000  Entitlements for <IDEDistributionItem: 0x7c421ad60; bundleID='org.cocoapods.Lottie', path='<DVTFilePath:0x7c46bf090:'/Users/clseva/Library/Developer/Xcode/Archives/2026-04-14/iVooxApp 14-04-2026, 15.25.xcarchive/Products/Applications/ivooxNew.app/Frameworks/Lottie.framework'>', codeSigningInfo='<_DVTCodeSigningInformation_Path: 0x7c4b4aa60; isSigned='1', isAdHocSigned='0', signingCertificate='<DVTSigningCertificate: 0x7c45fbcc0; name='Apple Distribution: iVoox Global Podcasting Service SL (GXW5YSU35M)', hash='B0336B54C8EE75D6A73481A7B34B1F9C75AAF5D3', serialNumber='11B69D8EB5EF84EBF19CD9772E089711', certificateKinds='(
    "1.2.840.113635.100.6.1.7",
    "1.2.840.113635.100.6.1.4"
), issueDate='2026-02-13 22:07:26 +0000''>', entitlements='(null)', teamID='GXW5YSU35M', identifier='org.cocoapods.Lottie', executablePath='<DVTFilePath:0x7c4a605a0:'/Users/clseva/Library/Developer/Xcode/Archives/2026-04-14/iVooxApp 14-04-2026, 15.25.xcarchive/Products/Applications/ivooxNew.app/Frameworks/Lottie.framework/Lottie'>', hardenedRuntime='0'>'>: {
}
2026-04-14 13:33:37 +0000  Associated App Clip Identifiers Filter: Skipping because "com.apple.developer.associated-appclip-app-identifiers" is not present
2026-04-14 13:33:37 +0000  Entitlements for <IDEDistributionItem: 0x7c421ad60; bundleID='org.cocoapods.Lottie', path='<DVTFilePath:0x7c46bf090:'/Users/clseva/Library/Developer/Xcode/Archives/2026-04-14/iVooxApp 14-04-2026, 15.25.xcarchive/Products/Applications/ivooxNew.app/Frameworks/Lottie.framework'>', codeSigningInfo='<_DVTCodeSigningInformation_Path: 0x7c4b4aa60; isSigned='1', isAdHocSigned='0', signingCertificate='<DVTSigningCertificate: 0x7c45fac40; name='Apple Distribution: iVoox Global Podcasting Service SL (GXW5YSU35M)', hash='B0336B54C8EE75D6A73481A7B34B1F9C75AAF5D3', serialNumber='11B69D8EB5EF84EBF19CD9772E089711', certificateKinds='(
    "1.2.840.113635.100.6.1.7",
    "1.2.840.113635.100.6.1.4"
), issueDate='2026-02-13 22:07:26 +0000''>', entitlements='(null)', teamID='GXW5YSU35M', identifier='org.cocoapods.Lottie', executablePath='<DVTFilePath:0x7c4a605a0:'/Users/clseva/Library/Developer/Xcode/Archives/2026-04-14/iVooxApp 14-04-2026, 15.25.xcarchive/Products/Applications/ivooxNew.app/Frameworks/Lottie.framework/Lottie'>', hardenedRuntime='0'>'> are: {
}
2026-04-14 13:33:37 +0000  Writing entitlements for <IDEDistributionItem: 0x7c421ad60; bundleID='org.cocoapods.Lottie', path='<DVTFilePath:0x7c46bf090:'/Users/clseva/Library/Developer/Xcode/Archives/2026-04-14/iVooxApp 14-04-2026, 15.25.xcarchive/Products/Applications/ivooxNew.app/Frameworks/Lottie.framework'>', codeSigningInfo='<_DVTCodeSigningInformation_Path: 0x7c4b4aa60; isSigned='1', isAdHocSigned='0', signingCertificate='<DVTSigningCertificate: 0x7c45fac40; name='Apple Distribution: iVoox Global Podcasting Service SL (GXW5YSU35M)', hash='B0336B54C8EE75D6A73481A7B34B1F9C75AAF5D3', serialNumber='11B69D8EB5EF84EBF19CD9772E089711', certificateKinds='(
    "1.2.840.113635.100.6.1.7",
    "1.2.840.113635.100.6.1.4"
), issueDate='2026-02-13 22:07:26 +0000''>', entitlements='(null)', teamID='GXW5YSU35M', identifier='org.cocoapods.Lottie', executablePath='<DVTFilePath:0x7c4a605a0:'/Users/clseva/Library/Developer/Xcode/Archives/2026-04-14/iVooxApp 14-04-2026, 15.25.xcarchive/Products/Applications/ivooxNew.app/Frameworks/Lottie.framework/Lottie'>', hardenedRuntime='0'>'> to: /var/folders/8p/5rgt27mj0jdb7dcpxdl3t5p80000gn/T/XcodeDistPipeline.~~~jGsUBi/entitlements~~~t7OSQB
2026-04-14 13:33:37 +0000  invoking codesign: <NSConcreteTask: 0x79ae832a0; launchPath='/usr/bin/codesign', arguments='(
    "-f",
    "-s",
    B0336B54C8EE75D6A73481A7B34B1F9C75AAF5D3,
    "--entitlements",
    "/var/folders/8p/5rgt27mj0jdb7dcpxdl3t5p80000gn/T/XcodeDistPipeline.~~~jGsUBi/entitlements~~~t7OSQB",
    "--preserve-metadata=identifier,flags,runtime,launch-constraints,library-constraints",
    "--generate-entitlement-der",
    "--strip-disallowed-xattrs",
    "-vvv",
    "/var/folders/8p/5rgt27mj0jdb7dcpxdl3t5p80000gn/T/XcodeDistPipeline.~~~jGsUBi/Root/Payload/ivooxNew.app/Frameworks/Lottie.framework"
)'>
2026-04-14 13:33:37 +0000  codesign output: /var/folders/8p/5rgt27mj0jdb7dcpxdl3t5p80000gn/T/XcodeDistPipeline.~~~jGsUBi/Root/Payload/ivooxNew.app/Frameworks/Lottie.framework: replacing existing signature
/var/folders/8p/5rgt27mj0jdb7dcpxdl3t5p80000gn/T/XcodeDistPipeline.~~~jGsUBi/Root/Payload/ivooxNew.app/Frameworks/Lottie.framework: signed bundle with Mach-O thin (arm64) [org.cocoapods.Lottie]
2026-04-14 13:33:37 +0000  Entitlements for <IDEDistributionItem: 0x7c4b48a20; bundleID='org.cocoapods.MBProgressHUD', path='<DVTFilePath:0x7c46c1420:'/Users/clseva/Library/Developer/Xcode/Archives/2026-04-14/iVooxApp 14-04-2026, 15.25.xcarchive/Products/Applications/ivooxNew.app/Frameworks/MBProgressHUD.framework'>', codeSigningInfo='<_DVTCodeSigningInformation_Path: 0x7c4b489c0; isSigned='1', isAdHocSigned='0', signingCertificate='<DVTSigningCertificate: 0x7c45fbcc0; name='Apple Distribution: iVoox Global Podcasting Service SL (GXW5YSU35M)', hash='B0336B54C8EE75D6A73481A7B34B1F9C75AAF5D3', serialNumber='11B69D8EB5EF84EBF19CD9772E089711', certificateKinds='(
    "1.2.840.113635.100.6.1.7",
    "1.2.840.113635.100.6.1.4"
), issueDate='2026-02-13 22:07:26 +0000''>', entitlements='(null)', teamID='GXW5YSU35M', identifier='org.cocoapods.MBProgressHUD', executablePath='<DVTFilePath:0x7c4a16580:'/Users/clseva/Library/Developer/Xcode/Archives/2026-04-14/iVooxApp 14-04-2026, 15.25.xcarchive/Products/Applications/ivooxNew.app/Frameworks/MBProgressHUD.framework/MBProgressHUD'>', hardenedRuntime='0'>'>: {
}
2026-04-14 13:33:37 +0000  Associated App Clip Identifiers Filter: Skipping because "com.apple.developer.associated-appclip-app-identifiers" is not present
2026-04-14 13:33:37 +0000  Entitlements for <IDEDistributionItem: 0x7c4b48a20; bundleID='org.cocoapods.MBProgressHUD', path='<DVTFilePath:0x7c46c1420:'/Users/clseva/Library/Developer/Xcode/Archives/2026-04-14/iVooxApp 14-04-2026, 15.25.xcarchive/Products/Applications/ivooxNew.app/Frameworks/MBProgressHUD.framework'>', codeSigningInfo='<_DVTCodeSigningInformation_Path: 0x7c4b489c0; isSigned='1', isAdHocSigned='0', signingCertificate='<DVTSigningCertificate: 0x7c45fac40; name='Apple Distribution: iVoox Global Podcasting Service SL (GXW5YSU35M)', hash='B0336B54C8EE75D6A73481A7B34B1F9C75AAF5D3', serialNumber='11B69D8EB5EF84EBF19CD9772E089711', certificateKinds='(
    "1.2.840.113635.100.6.1.7",
    "1.2.840.113635.100.6.1.4"
), issueDate='2026-02-13 22:07:26 +0000''>', entitlements='(null)', teamID='GXW5YSU35M', identifier='org.cocoapods.MBProgressHUD', executablePath='<DVTFilePath:0x7c4a16580:'/Users/clseva/Library/Developer/Xcode/Archives/2026-04-14/iVooxApp 14-04-2026, 15.25.xcarchive/Products/Applications/ivooxNew.app/Frameworks/MBProgressHUD.framework/MBProgressHUD'>', hardenedRuntime='0'>'> are: {
}
2026-04-14 13:33:37 +0000  Writing entitlements for <IDEDistributionItem: 0x7c4b48a20; bundleID='org.cocoapods.MBProgressHUD', path='<DVTFilePath:0x7c46c1420:'/Users/clseva/Library/Developer/Xcode/Archives/2026-04-14/iVooxApp 14-04-2026, 15.25.xcarchive/Products/Applications/ivooxNew.app/Frameworks/MBProgressHUD.framework'>', codeSigningInfo='<_DVTCodeSigningInformation_Path: 0x7c4b489c0; isSigned='1', isAdHocSigned='0', signingCertificate='<DVTSigningCertificate: 0x7c45fac40; name='Apple Distribution: iVoox Global Podcasting Service SL (GXW5YSU35M)', hash='B0336B54C8EE75D6A73481A7B34B1F9C75AAF5D3', serialNumber='11B69D8EB5EF84EBF19CD9772E089711', certificateKinds='(
    "1.2.840.113635.100.6.1.7",
    "1.2.840.113635.100.6.1.4"
), issueDate='2026-02-13 22:07:26 +0000''>', entitlements='(null)', teamID='GXW5YSU35M', identifier='org.cocoapods.MBProgressHUD', executablePath='<DVTFilePath:0x7c4a16580:'/Users/clseva/Library/Developer/Xcode/Archives/2026-04-14/iVooxApp 14-04-2026, 15.25.xcarchive/Products/Applications/ivooxNew.app/Frameworks/MBProgressHUD.framework/MBProgressHUD'>', hardenedRuntime='0'>'> to: /var/folders/8p/5rgt27mj0jdb7dcpxdl3t5p80000gn/T/XcodeDistPipeline.~~~jGsUBi/entitlements~~~qUHSCK
2026-04-14 13:33:37 +0000  invoking codesign: <NSConcreteTask: 0x79d84a4e0; launchPath='/usr/bin/codesign', arguments='(
    "-f",
    "-s",
    B0336B54C8EE75D6A73481A7B34B1F9C75AAF5D3,
    "--entitlements",
    "/var/folders/8p/5rgt27mj0jdb7dcpxdl3t5p80000gn/T/XcodeDistPipeline.~~~jGsUBi/entitlements~~~qUHSCK",
    "--preserve-metadata=identifier,flags,runtime,launch-constraints,library-constraints",
    "--generate-entitlement-der",
    "--strip-disallowed-xattrs",
    "-vvv",
    "/var/folders/8p/5rgt27mj0jdb7dcpxdl3t5p80000gn/T/XcodeDistPipeline.~~~jGsUBi/Root/Payload/ivooxNew.app/Frameworks/MBProgressHUD.framework"
)'>
2026-04-14 13:33:37 +0000  codesign output: /var/folders/8p/5rgt27mj0jdb7dcpxdl3t5p80000gn/T/XcodeDistPipeline.~~~jGsUBi/Root/Payload/ivooxNew.app/Frameworks/MBProgressHUD.framework: replacing existing signature
/var/folders/8p/5rgt27mj0jdb7dcpxdl3t5p80000gn/T/XcodeDistPipeline.~~~jGsUBi/Root/Payload/ivooxNew.app/Frameworks/MBProgressHUD.framework: signed bundle with Mach-O thin (arm64) [org.cocoapods.MBProgressHUD]
2026-04-14 13:33:37 +0000  Entitlements for <IDEDistributionItem: 0x7c4b488a0; bundleID='org.cocoapods.MZAppearance', path='<DVTFilePath:0x7c46b1e30:'/Users/clseva/Library/Developer/Xcode/Archives/2026-04-14/iVooxApp 14-04-2026, 15.25.xcarchive/Products/Applications/ivooxNew.app/Frameworks/MZAppearance.framework'>', codeSigningInfo='<_DVTCodeSigningInformation_Path: 0x7c4b48840; isSigned='1', isAdHocSigned='0', signingCertificate='<DVTSigningCertificate: 0x7c45fbcc0; name='Apple Distribution: iVoox Global Podcasting Service SL (GXW5YSU35M)', hash='B0336B54C8EE75D6A73481A7B34B1F9C75AAF5D3', serialNumber='11B69D8EB5EF84EBF19CD9772E089711', certificateKinds='(
    "1.2.840.113635.100.6.1.7",
    "1.2.840.113635.100.6.1.4"
), issueDate='2026-02-13 22:07:26 +0000''>', entitlements='(null)', teamID='GXW5YSU35M', identifier='org.cocoapods.MZAppearance', executablePath='<DVTFilePath:0x7c49c91a0:'/Users/clseva/Library/Developer/Xcode/Archives/2026-04-14/iVooxApp 14-04-2026, 15.25.xcarchive/Products/Applications/ivooxNew.app/Frameworks/MZAppearance.framework/MZAppearance'>', hardenedRuntime='0'>'>: {
}
2026-04-14 13:33:37 +0000  Associated App Clip Identifiers Filter: Skipping because "com.apple.developer.associated-appclip-app-identifiers" is not present
2026-04-14 13:33:37 +0000  Entitlements for <IDEDistributionItem: 0x7c4b488a0; bundleID='org.cocoapods.MZAppearance', path='<DVTFilePath:0x7c46b1e30:'/Users/clseva/Library/Developer/Xcode/Archives/2026-04-14/iVooxApp 14-04-2026, 15.25.xcarchive/Products/Applications/ivooxNew.app/Frameworks/MZAppearance.framework'>', codeSigningInfo='<_DVTCodeSigningInformation_Path: 0x7c4b48840; isSigned='1', isAdHocSigned='0', signingCertificate='<DVTSigningCertificate: 0x7c45fac40; name='Apple Distribution: iVoox Global Podcasting Service SL (GXW5YSU35M)', hash='B0336B54C8EE75D6A73481A7B34B1F9C75AAF5D3', serialNumber='11B69D8EB5EF84EBF19CD9772E089711', certificateKinds='(
    "1.2.840.113635.100.6.1.7",
    "1.2.840.113635.100.6.1.4"
), issueDate='2026-02-13 22:07:26 +0000''>', entitlements='(null)', teamID='GXW5YSU35M', identifier='org.cocoapods.MZAppearance', executablePath='<DVTFilePath:0x7c49c91a0:'/Users/clseva/Library/Developer/Xcode/Archives/2026-04-14/iVooxApp 14-04-2026, 15.25.xcarchive/Products/Applications/ivooxNew.app/Frameworks/MZAppearance.framework/MZAppearance'>', hardenedRuntime='0'>'> are: {
}
2026-04-14 13:33:37 +0000  Writing entitlements for <IDEDistributionItem: 0x7c4b488a0; bundleID='org.cocoapods.MZAppearance', path='<DVTFilePath:0x7c46b1e30:'/Users/clseva/Library/Developer/Xcode/Archives/2026-04-14/iVooxApp 14-04-2026, 15.25.xcarchive/Products/Applications/ivooxNew.app/Frameworks/MZAppearance.framework'>', codeSigningInfo='<_DVTCodeSigningInformation_Path: 0x7c4b48840; isSigned='1', isAdHocSigned='0', signingCertificate='<DVTSigningCertificate: 0x7c45fac40; name='Apple Distribution: iVoox Global Podcasting Service SL (GXW5YSU35M)', hash='B0336B54C8EE75D6A73481A7B34B1F9C75AAF5D3', serialNumber='11B69D8EB5EF84EBF19CD9772E089711', certificateKinds='(
    "1.2.840.113635.100.6.1.7",
    "1.2.840.113635.100.6.1.4"
), issueDate='2026-02-13 22:07:26 +0000''>', entitlements='(null)', teamID='GXW5YSU35M', identifier='org.cocoapods.MZAppearance', executablePath='<DVTFilePath:0x7c49c91a0:'/Users/clseva/Library/Developer/Xcode/Archives/2026-04-14/iVooxApp 14-04-2026, 15.25.xcarchive/Products/Applications/ivooxNew.app/Frameworks/MZAppearance.framework/MZAppearance'>', hardenedRuntime='0'>'> to: /var/folders/8p/5rgt27mj0jdb7dcpxdl3t5p80000gn/T/XcodeDistPipeline.~~~jGsUBi/entitlements~~~ZJyNHS
2026-04-14 13:33:37 +0000  invoking codesign: <NSConcreteTask: 0x79d84a4e0; launchPath='/usr/bin/codesign', arguments='(
    "-f",
    "-s",
    B0336B54C8EE75D6A73481A7B34B1F9C75AAF5D3,
    "--entitlements",
    "/var/folders/8p/5rgt27mj0jdb7dcpxdl3t5p80000gn/T/XcodeDistPipeline.~~~jGsUBi/entitlements~~~ZJyNHS",
    "--preserve-metadata=identifier,flags,runtime,launch-constraints,library-constraints",
    "--generate-entitlement-der",
    "--strip-disallowed-xattrs",
    "-vvv",
    "/var/folders/8p/5rgt27mj0jdb7dcpxdl3t5p80000gn/T/XcodeDistPipeline.~~~jGsUBi/Root/Payload/ivooxNew.app/Frameworks/MZAppearance.framework"
)'>
2026-04-14 13:33:37 +0000  codesign output: /var/folders/8p/5rgt27mj0jdb7dcpxdl3t5p80000gn/T/XcodeDistPipeline.~~~jGsUBi/Root/Payload/ivooxNew.app/Frameworks/MZAppearance.framework: replacing existing signature
/var/folders/8p/5rgt27mj0jdb7dcpxdl3t5p80000gn/T/XcodeDistPipeline.~~~jGsUBi/Root/Payload/ivooxNew.app/Frameworks/MZAppearance.framework: signed bundle with Mach-O thin (arm64) [org.cocoapods.MZAppearance]
2026-04-14 13:33:37 +0000  Entitlements for <IDEDistributionItem: 0x7c4b48b40; bundleID='org.cocoapods.MZFormSheetPresentationController', path='<DVTFilePath:0x79dab7900:'/Users/clseva/Library/Developer/Xcode/Archives/2026-04-14/iVooxApp 14-04-2026, 15.25.xcarchive/Products/Applications/ivooxNew.app/Frameworks/MZFormSheetPresentationController.framework'>', codeSigningInfo='<_DVTCodeSigningInformation_Path: 0x7c4b48c60; isSigned='1', isAdHocSigned='0', signingCertificate='<DVTSigningCertificate: 0x7c45fbcc0; name='Apple Distribution: iVoox Global Podcasting Service SL (GXW5YSU35M)', hash='B0336B54C8EE75D6A73481A7B34B1F9C75AAF5D3', serialNumber='11B69D8EB5EF84EBF19CD9772E089711', certificateKinds='(
    "1.2.840.113635.100.6.1.7",
    "1.2.840.113635.100.6.1.4"
), issueDate='2026-02-13 22:07:26 +0000''>', entitlements='(null)', teamID='GXW5YSU35M', identifier='org.cocoapods.MZFormSheetPresentationController', executablePath='<DVTFilePath:0x79dab7480:'/Users/clseva/Library/Developer/Xcode/Archives/2026-04-14/iVooxApp 14-04-2026, 15.25.xcarchive/Products/Applications/ivooxNew.app/Frameworks/MZFormSheetPresentationController.framework/MZFormSheetPresentationController'>', hardenedRuntime='0'>'>: {
}
2026-04-14 13:33:37 +0000  Associated App Clip Identifiers Filter: Skipping because "com.apple.developer.associated-appclip-app-identifiers" is not present
2026-04-14 13:33:37 +0000  Entitlements for <IDEDistributionItem: 0x7c4b48b40; bundleID='org.cocoapods.MZFormSheetPresentationController', path='<DVTFilePath:0x79dab7900:'/Users/clseva/Library/Developer/Xcode/Archives/2026-04-14/iVooxApp 14-04-2026, 15.25.xcarchive/Products/Applications/ivooxNew.app/Frameworks/MZFormSheetPresentationController.framework'>', codeSigningInfo='<_DVTCodeSigningInformation_Path: 0x7c4b48c60; isSigned='1', isAdHocSigned='0', signingCertificate='<DVTSigningCertificate: 0x7c45fac40; name='Apple Distribution: iVoox Global Podcasting Service SL (GXW5YSU35M)', hash='B0336B54C8EE75D6A73481A7B34B1F9C75AAF5D3', serialNumber='11B69D8EB5EF84EBF19CD9772E089711', certificateKinds='(
    "1.2.840.113635.100.6.1.7",
    "1.2.840.113635.100.6.1.4"
), issueDate='2026-02-13 22:07:26 +0000''>', entitlements='(null)', teamID='GXW5YSU35M', identifier='org.cocoapods.MZFormSheetPresentationController', executablePath='<DVTFilePath:0x79dab7480:'/Users/clseva/Library/Developer/Xcode/Archives/2026-04-14/iVooxApp 14-04-2026, 15.25.xcarchive/Products/Applications/ivooxNew.app/Frameworks/MZFormSheetPresentationController.framework/MZFormSheetPresentationController'>', hardenedRuntime='0'>'> are: {
}
2026-04-14 13:33:37 +0000  Writing entitlements for <IDEDistributionItem: 0x7c4b48b40; bundleID='org.cocoapods.MZFormSheetPresentationController', path='<DVTFilePath:0x79dab7900:'/Users/clseva/Library/Developer/Xcode/Archives/2026-04-14/iVooxApp 14-04-2026, 15.25.xcarchive/Products/Applications/ivooxNew.app/Frameworks/MZFormSheetPresentationController.framework'>', codeSigningInfo='<_DVTCodeSigningInformation_Path: 0x7c4b48c60; isSigned='1', isAdHocSigned='0', signingCertificate='<DVTSigningCertificate: 0x7c45fac40; name='Apple Distribution: iVoox Global Podcasting Service SL (GXW5YSU35M)', hash='B0336B54C8EE75D6A73481A7B34B1F9C75AAF5D3', serialNumber='11B69D8EB5EF84EBF19CD9772E089711', certificateKinds='(
    "1.2.840.113635.100.6.1.7",
    "1.2.840.113635.100.6.1.4"
), issueDate='2026-02-13 22:07:26 +0000''>', entitlements='(null)', teamID='GXW5YSU35M', identifier='org.cocoapods.MZFormSheetPresentationController', executablePath='<DVTFilePath:0x79dab7480:'/Users/clseva/Library/Developer/Xcode/Archives/2026-04-14/iVooxApp 14-04-2026, 15.25.xcarchive/Products/Applications/ivooxNew.app/Frameworks/MZFormSheetPresentationController.framework/MZFormSheetPresentationController'>', hardenedRuntime='0'>'> to: /var/folders/8p/5rgt27mj0jdb7dcpxdl3t5p80000gn/T/XcodeDistPipeline.~~~jGsUBi/entitlements~~~TGytse
2026-04-14 13:33:37 +0000  invoking codesign: <NSConcreteTask: 0x79ae82e40; launchPath='/usr/bin/codesign', arguments='(
    "-f",
    "-s",
    B0336B54C8EE75D6A73481A7B34B1F9C75AAF5D3,
    "--entitlements",
    "/var/folders/8p/5rgt27mj0jdb7dcpxdl3t5p80000gn/T/XcodeDistPipeline.~~~jGsUBi/entitlements~~~TGytse",
    "--preserve-metadata=identifier,flags,runtime,launch-constraints,library-constraints",
    "--generate-entitlement-der",
    "--strip-disallowed-xattrs",
    "-vvv",
    "/var/folders/8p/5rgt27mj0jdb7dcpxdl3t5p80000gn/T/XcodeDistPipeline.~~~jGsUBi/Root/Payload/ivooxNew.app/Frameworks/MZFormSheetPresentationController.framework"
)'>
2026-04-14 13:33:37 +0000  codesign output: /var/folders/8p/5rgt27mj0jdb7dcpxdl3t5p80000gn/T/XcodeDistPipeline.~~~jGsUBi/Root/Payload/ivooxNew.app/Frameworks/MZFormSheetPresentationController.framework: replacing existing signature
/var/folders/8p/5rgt27mj0jdb7dcpxdl3t5p80000gn/T/XcodeDistPipeline.~~~jGsUBi/Root/Payload/ivooxNew.app/Frameworks/MZFormSheetPresentationController.framework: signed bundle with Mach-O thin (arm64) [org.cocoapods.MZFormSheetPresentationController]
2026-04-14 13:33:37 +0000  Entitlements for <IDEDistributionItem: 0x7c4b48fc0; bundleID='org.cocoapods.MagicalRecord', path='<DVTFilePath:0x7b67636b0:'/Users/clseva/Library/Developer/Xcode/Archives/2026-04-14/iVooxApp 14-04-2026, 15.25.xcarchive/Products/Applications/ivooxNew.app/Frameworks/MagicalRecord.framework'>', codeSigningInfo='<_DVTCodeSigningInformation_Path: 0x7c4b48f60; isSigned='1', isAdHocSigned='0', signingCertificate='<DVTSigningCertificate: 0x7c45fbcc0; name='Apple Distribution: iVoox Global Podcasting Service SL (GXW5YSU35M)', hash='B0336B54C8EE75D6A73481A7B34B1F9C75AAF5D3', serialNumber='11B69D8EB5EF84EBF19CD9772E089711', certificateKinds='(
    "1.2.840.113635.100.6.1.7",
    "1.2.840.113635.100.6.1.4"
), issueDate='2026-02-13 22:07:26 +0000''>', entitlements='(null)', teamID='GXW5YSU35M', identifier='org.cocoapods.MagicalRecord', executablePath='<DVTFilePath:0x7c4a4bb40:'/Users/clseva/Library/Developer/Xcode/Archives/2026-04-14/iVooxApp 14-04-2026, 15.25.xcarchive/Products/Applications/ivooxNew.app/Frameworks/MagicalRecord.framework/MagicalRecord'>', hardenedRuntime='0'>'>: {
}
2026-04-14 13:33:37 +0000  Associated App Clip Identifiers Filter: Skipping because "com.apple.developer.associated-appclip-app-identifiers" is not present
2026-04-14 13:33:37 +0000  Entitlements for <IDEDistributionItem: 0x7c4b48fc0; bundleID='org.cocoapods.MagicalRecord', path='<DVTFilePath:0x7b67636b0:'/Users/clseva/Library/Developer/Xcode/Archives/2026-04-14/iVooxApp 14-04-2026, 15.25.xcarchive/Products/Applications/ivooxNew.app/Frameworks/MagicalRecord.framework'>', codeSigningInfo='<_DVTCodeSigningInformation_Path: 0x7c4b48f60; isSigned='1', isAdHocSigned='0', signingCertificate='<DVTSigningCertificate: 0x7c45fac40; name='Apple Distribution: iVoox Global Podcasting Service SL (GXW5YSU35M)', hash='B0336B54C8EE75D6A73481A7B34B1F9C75AAF5D3', serialNumber='11B69D8EB5EF84EBF19CD9772E089711', certificateKinds='(
    "1.2.840.113635.100.6.1.7",
    "1.2.840.113635.100.6.1.4"
), issueDate='2026-02-13 22:07:26 +0000''>', entitlements='(null)', teamID='GXW5YSU35M', identifier='org.cocoapods.MagicalRecord', executablePath='<DVTFilePath:0x7c4a4bb40:'/Users/clseva/Library/Developer/Xcode/Archives/2026-04-14/iVooxApp 14-04-2026, 15.25.xcarchive/Products/Applications/ivooxNew.app/Frameworks/MagicalRecord.framework/MagicalRecord'>', hardenedRuntime='0'>'> are: {
}
2026-04-14 13:33:37 +0000  Writing entitlements for <IDEDistributionItem: 0x7c4b48fc0; bundleID='org.cocoapods.MagicalRecord', path='<DVTFilePath:0x7b67636b0:'/Users/clseva/Library/Developer/Xcode/Archives/2026-04-14/iVooxApp 14-04-2026, 15.25.xcarchive/Products/Applications/ivooxNew.app/Frameworks/MagicalRecord.framework'>', codeSigningInfo='<_DVTCodeSigningInformation_Path: 0x7c4b48f60; isSigned='1', isAdHocSigned='0', signingCertificate='<DVTSigningCertificate: 0x7c45fac40; name='Apple Distribution: iVoox Global Podcasting Service SL (GXW5YSU35M)', hash='B0336B54C8EE75D6A73481A7B34B1F9C75AAF5D3', serialNumber='11B69D8EB5EF84EBF19CD9772E089711', certificateKinds='(
    "1.2.840.113635.100.6.1.7",
    "1.2.840.113635.100.6.1.4"
), issueDate='2026-02-13 22:07:26 +0000''>', entitlements='(null)', teamID='GXW5YSU35M', identifier='org.cocoapods.MagicalRecord', executablePath='<DVTFilePath:0x7c4a4bb40:'/Users/clseva/Library/Developer/Xcode/Archives/2026-04-14/iVooxApp 14-04-2026, 15.25.xcarchive/Products/Applications/ivooxNew.app/Frameworks/MagicalRecord.framework/MagicalRecord'>', hardenedRuntime='0'>'> to: /var/folders/8p/5rgt27mj0jdb7dcpxdl3t5p80000gn/T/XcodeDistPipeline.~~~jGsUBi/entitlements~~~uQwVt1
2026-04-14 13:33:37 +0000  invoking codesign: <NSConcreteTask: 0x79ae82e40; launchPath='/usr/bin/codesign', arguments='(
    "-f",
    "-s",
    B0336B54C8EE75D6A73481A7B34B1F9C75AAF5D3,
    "--entitlements",
    "/var/folders/8p/5rgt27mj0jdb7dcpxdl3t5p80000gn/T/XcodeDistPipeline.~~~jGsUBi/entitlements~~~uQwVt1",
    "--preserve-metadata=identifier,flags,runtime,launch-constraints,library-constraints",
    "--generate-entitlement-der",
    "--strip-disallowed-xattrs",
    "-vvv",
    "/var/folders/8p/5rgt27mj0jdb7dcpxdl3t5p80000gn/T/XcodeDistPipeline.~~~jGsUBi/Root/Payload/ivooxNew.app/Frameworks/MagicalRecord.framework"
)'>
2026-04-14 13:33:37 +0000  codesign output: /var/folders/8p/5rgt27mj0jdb7dcpxdl3t5p80000gn/T/XcodeDistPipeline.~~~jGsUBi/Root/Payload/ivooxNew.app/Frameworks/MagicalRecord.framework: replacing existing signature
/var/folders/8p/5rgt27mj0jdb7dcpxdl3t5p80000gn/T/XcodeDistPipeline.~~~jGsUBi/Root/Payload/ivooxNew.app/Frameworks/MagicalRecord.framework: signed bundle with Mach-O thin (arm64) [org.cocoapods.MagicalRecord]
2026-04-14 13:33:37 +0000  Entitlements for <IDEDistributionItem: 0x7c4b4bd80; bundleID='org.cocoapods.Mantle', path='<DVTFilePath:0x7c46b2ed0:'/Users/clseva/Library/Developer/Xcode/Archives/2026-04-14/iVooxApp 14-04-2026, 15.25.xcarchive/Products/Applications/ivooxNew.app/Frameworks/Mantle.framework'>', codeSigningInfo='<_DVTCodeSigningInformation_Path: 0x7c4219da0; isSigned='1', isAdHocSigned='0', signingCertificate='<DVTSigningCertificate: 0x7c45fbcc0; name='Apple Distribution: iVoox Global Podcasting Service SL (GXW5YSU35M)', hash='B0336B54C8EE75D6A73481A7B34B1F9C75AAF5D3', serialNumber='11B69D8EB5EF84EBF19CD9772E089711', certificateKinds='(
    "1.2.840.113635.100.6.1.7",
    "1.2.840.113635.100.6.1.4"
), issueDate='2026-02-13 22:07:26 +0000''>', entitlements='(null)', teamID='GXW5YSU35M', identifier='org.cocoapods.Mantle', executablePath='<DVTFilePath:0x7c49e55c0:'/Users/clseva/Library/Developer/Xcode/Archives/2026-04-14/iVooxApp 14-04-2026, 15.25.xcarchive/Products/Applications/ivooxNew.app/Frameworks/Mantle.framework/Mantle'>', hardenedRuntime='0'>'>: {
}
2026-04-14 13:33:37 +0000  Associated App Clip Identifiers Filter: Skipping because "com.apple.developer.associated-appclip-app-identifiers" is not present
2026-04-14 13:33:37 +0000  Entitlements for <IDEDistributionItem: 0x7c4b4bd80; bundleID='org.cocoapods.Mantle', path='<DVTFilePath:0x7c46b2ed0:'/Users/clseva/Library/Developer/Xcode/Archives/2026-04-14/iVooxApp 14-04-2026, 15.25.xcarchive/Products/Applications/ivooxNew.app/Frameworks/Mantle.framework'>', codeSigningInfo='<_DVTCodeSigningInformation_Path: 0x7c4219da0; isSigned='1', isAdHocSigned='0', signingCertificate='<DVTSigningCertificate: 0x7c45fac40; name='Apple Distribution: iVoox Global Podcasting Service SL (GXW5YSU35M)', hash='B0336B54C8EE75D6A73481A7B34B1F9C75AAF5D3', serialNumber='11B69D8EB5EF84EBF19CD9772E089711', certificateKinds='(
    "1.2.840.113635.100.6.1.7",
    "1.2.840.113635.100.6.1.4"
), issueDate='2026-02-13 22:07:26 +0000''>', entitlements='(null)', teamID='GXW5YSU35M', identifier='org.cocoapods.Mantle', executablePath='<DVTFilePath:0x7c49e55c0:'/Users/clseva/Library/Developer/Xcode/Archives/2026-04-14/iVooxApp 14-04-2026, 15.25.xcarchive/Products/Applications/ivooxNew.app/Frameworks/Mantle.framework/Mantle'>', hardenedRuntime='0'>'> are: {
}
2026-04-14 13:33:37 +0000  Writing entitlements for <IDEDistributionItem: 0x7c4b4bd80; bundleID='org.cocoapods.Mantle', path='<DVTFilePath:0x7c46b2ed0:'/Users/clseva/Library/Developer/Xcode/Archives/2026-04-14/iVooxApp 14-04-2026, 15.25.xcarchive/Products/Applications/ivooxNew.app/Frameworks/Mantle.framework'>', codeSigningInfo='<_DVTCodeSigningInformation_Path: 0x7c4219da0; isSigned='1', isAdHocSigned='0', signingCertificate='<DVTSigningCertificate: 0x7c45fac40; name='Apple Distribution: iVoox Global Podcasting Service SL (GXW5YSU35M)', hash='B0336B54C8EE75D6A73481A7B34B1F9C75AAF5D3', serialNumber='11B69D8EB5EF84EBF19CD9772E089711', certificateKinds='(
    "1.2.840.113635.100.6.1.7",
    "1.2.840.113635.100.6.1.4"
), issueDate='2026-02-13 22:07:26 +0000''>', entitlements='(null)', teamID='GXW5YSU35M', identifier='org.cocoapods.Mantle', executablePath='<DVTFilePath:0x7c49e55c0:'/Users/clseva/Library/Developer/Xcode/Archives/2026-04-14/iVooxApp 14-04-2026, 15.25.xcarchive/Products/Applications/ivooxNew.app/Frameworks/Mantle.framework/Mantle'>', hardenedRuntime='0'>'> to: /var/folders/8p/5rgt27mj0jdb7dcpxdl3t5p80000gn/T/XcodeDistPipeline.~~~jGsUBi/entitlements~~~hhY9RU
2026-04-14 13:33:37 +0000  invoking codesign: <NSConcreteTask: 0x79da41950; launchPath='/usr/bin/codesign', arguments='(
    "-f",
    "-s",
    B0336B54C8EE75D6A73481A7B34B1F9C75AAF5D3,
    "--entitlements",
    "/var/folders/8p/5rgt27mj0jdb7dcpxdl3t5p80000gn/T/XcodeDistPipeline.~~~jGsUBi/entitlements~~~hhY9RU",
    "--preserve-metadata=identifier,flags,runtime,launch-constraints,library-constraints",
    "--generate-entitlement-der",
    "--strip-disallowed-xattrs",
    "-vvv",
    "/var/folders/8p/5rgt27mj0jdb7dcpxdl3t5p80000gn/T/XcodeDistPipeline.~~~jGsUBi/Root/Payload/ivooxNew.app/Frameworks/Mantle.framework"
)'>
2026-04-14 13:33:37 +0000  codesign output: /var/folders/8p/5rgt27mj0jdb7dcpxdl3t5p80000gn/T/XcodeDistPipeline.~~~jGsUBi/Root/Payload/ivooxNew.app/Frameworks/Mantle.framework: replacing existing signature
/var/folders/8p/5rgt27mj0jdb7dcpxdl3t5p80000gn/T/XcodeDistPipeline.~~~jGsUBi/Root/Payload/ivooxNew.app/Frameworks/Mantle.framework: signed bundle with Mach-O thin (arm64) [org.cocoapods.Mantle]
2026-04-14 13:33:37 +0000  Entitlements for <IDEDistributionItem: 0x7c4b49020; bundleID='org.cocoapods.MarqueeLabel', path='<DVTFilePath:0x7c46b0cb0:'/Users/clseva/Library/Developer/Xcode/Archives/2026-04-14/iVooxApp 14-04-2026, 15.25.xcarchive/Products/Applications/ivooxNew.app/Frameworks/MarqueeLabel.framework'>', codeSigningInfo='<_DVTCodeSigningInformation_Path: 0x7c4b490e0; isSigned='1', isAdHocSigned='0', signingCertificate='<DVTSigningCertificate: 0x7c45fbcc0; name='Apple Distribution: iVoox Global Podcasting Service SL (GXW5YSU35M)', hash='B0336B54C8EE75D6A73481A7B34B1F9C75AAF5D3', serialNumber='11B69D8EB5EF84EBF19CD9772E089711', certificateKinds='(
    "1.2.840.113635.100.6.1.7",
    "1.2.840.113635.100.6.1.4"
), issueDate='2026-02-13 22:07:26 +0000''>', entitlements='(null)', teamID='GXW5YSU35M', identifier='org.cocoapods.MarqueeLabel', executablePath='<DVTFilePath:0x7c49b6760:'/Users/clseva/Library/Developer/Xcode/Archives/2026-04-14/iVooxApp 14-04-2026, 15.25.xcarchive/Products/Applications/ivooxNew.app/Frameworks/MarqueeLabel.framework/MarqueeLabel'>', hardenedRuntime='0'>'>: {
}
2026-04-14 13:33:37 +0000  Associated App Clip Identifiers Filter: Skipping because "com.apple.developer.associated-appclip-app-identifiers" is not present
2026-04-14 13:33:37 +0000  Entitlements for <IDEDistributionItem: 0x7c4b49020; bundleID='org.cocoapods.MarqueeLabel', path='<DVTFilePath:0x7c46b0cb0:'/Users/clseva/Library/Developer/Xcode/Archives/2026-04-14/iVooxApp 14-04-2026, 15.25.xcarchive/Products/Applications/ivooxNew.app/Frameworks/MarqueeLabel.framework'>', codeSigningInfo='<_DVTCodeSigningInformation_Path: 0x7c4b490e0; isSigned='1', isAdHocSigned='0', signingCertificate='<DVTSigningCertificate: 0x7c45fac40; name='Apple Distribution: iVoox Global Podcasting Service SL (GXW5YSU35M)', hash='B0336B54C8EE75D6A73481A7B34B1F9C75AAF5D3', serialNumber='11B69D8EB5EF84EBF19CD9772E089711', certificateKinds='(
    "1.2.840.113635.100.6.1.7",
    "1.2.840.113635.100.6.1.4"
), issueDate='2026-02-13 22:07:26 +0000''>', entitlements='(null)', teamID='GXW5YSU35M', identifier='org.cocoapods.MarqueeLabel', executablePath='<DVTFilePath:0x7c49b6760:'/Users/clseva/Library/Developer/Xcode/Archives/2026-04-14/iVooxApp 14-04-2026, 15.25.xcarchive/Products/Applications/ivooxNew.app/Frameworks/MarqueeLabel.framework/MarqueeLabel'>', hardenedRuntime='0'>'> are: {
}
2026-04-14 13:33:37 +0000  Writing entitlements for <IDEDistributionItem: 0x7c4b49020; bundleID='org.cocoapods.MarqueeLabel', path='<DVTFilePath:0x7c46b0cb0:'/Users/clseva/Library/Developer/Xcode/Archives/2026-04-14/iVooxApp 14-04-2026, 15.25.xcarchive/Products/Applications/ivooxNew.app/Frameworks/MarqueeLabel.framework'>', codeSigningInfo='<_DVTCodeSigningInformation_Path: 0x7c4b490e0; isSigned='1', isAdHocSigned='0', signingCertificate='<DVTSigningCertificate: 0x7c45fac40; name='Apple Distribution: iVoox Global Podcasting Service SL (GXW5YSU35M)', hash='B0336B54C8EE75D6A73481A7B34B1F9C75AAF5D3', serialNumber='11B69D8EB5EF84EBF19CD9772E089711', certificateKinds='(
    "1.2.840.113635.100.6.1.7",
    "1.2.840.113635.100.6.1.4"
), issueDate='2026-02-13 22:07:26 +0000''>', entitlements='(null)', teamID='GXW5YSU35M', identifier='org.cocoapods.MarqueeLabel', executablePath='<DVTFilePath:0x7c49b6760:'/Users/clseva/Library/Developer/Xcode/Archives/2026-04-14/iVooxApp 14-04-2026, 15.25.xcarchive/Products/Applications/ivooxNew.app/Frameworks/MarqueeLabel.framework/MarqueeLabel'>', hardenedRuntime='0'>'> to: /var/folders/8p/5rgt27mj0jdb7dcpxdl3t5p80000gn/T/XcodeDistPipeline.~~~jGsUBi/entitlements~~~kKBPU5
2026-04-14 13:33:37 +0000  invoking codesign: <NSConcreteTask: 0x7a3f5d040; launchPath='/usr/bin/codesign', arguments='(
    "-f",
    "-s",
    B0336B54C8EE75D6A73481A7B34B1F9C75AAF5D3,
    "--entitlements",
    "/var/folders/8p/5rgt27mj0jdb7dcpxdl3t5p80000gn/T/XcodeDistPipeline.~~~jGsUBi/entitlements~~~kKBPU5",
    "--preserve-metadata=identifier,flags,runtime,launch-constraints,library-constraints",
    "--generate-entitlement-der",
    "--strip-disallowed-xattrs",
    "-vvv",
    "/var/folders/8p/5rgt27mj0jdb7dcpxdl3t5p80000gn/T/XcodeDistPipeline.~~~jGsUBi/Root/Payload/ivooxNew.app/Frameworks/MarqueeLabel.framework"
)'>
2026-04-14 13:33:37 +0000  codesign output: /var/folders/8p/5rgt27mj0jdb7dcpxdl3t5p80000gn/T/XcodeDistPipeline.~~~jGsUBi/Root/Payload/ivooxNew.app/Frameworks/MarqueeLabel.framework: replacing existing signature
/var/folders/8p/5rgt27mj0jdb7dcpxdl3t5p80000gn/T/XcodeDistPipeline.~~~jGsUBi/Root/Payload/ivooxNew.app/Frameworks/MarqueeLabel.framework: signed bundle with Mach-O thin (arm64) [org.cocoapods.MarqueeLabel]
2026-04-14 13:33:37 +0000  Entitlements for <IDEDistributionItem: 0x7c20cbb40; bundleID='com.moengage.MoEngageCampaignsCore', path='<DVTFilePath:0x7c46b1030:'/Users/clseva/Library/Developer/Xcode/Archives/2026-04-14/iVooxApp 14-04-2026, 15.25.xcarchive/Products/Applications/ivooxNew.app/Frameworks/MoEngageCampaignsCore.framework'>', codeSigningInfo='<_DVTCodeSigningInformation_Path: 0x7c20ca0a0; isSigned='1', isAdHocSigned='0', signingCertificate='<DVTSigningCertificate: 0x7c45fbcc0; name='Apple Distribution: iVoox Global Podcasting Service SL (GXW5YSU35M)', hash='B0336B54C8EE75D6A73481A7B34B1F9C75AAF5D3', serialNumber='11B69D8EB5EF84EBF19CD9772E089711', certificateKinds='(
    "1.2.840.113635.100.6.1.7",
    "1.2.840.113635.100.6.1.4"
), issueDate='2026-02-13 22:07:26 +0000''>', entitlements='(null)', teamID='GXW5YSU35M', identifier='com.moengage.MoEngageCampaignsCore', executablePath='<DVTFilePath:0x7c46b1340:'/Users/clseva/Library/Developer/Xcode/Archives/2026-04-14/iVooxApp 14-04-2026, 15.25.xcarchive/Products/Applications/ivooxNew.app/Frameworks/MoEngageCampaignsCore.framework/MoEngageCampaignsCore'>', hardenedRuntime='0'>'>: {
}
2026-04-14 13:33:37 +0000  Associated App Clip Identifiers Filter: Skipping because "com.apple.developer.associated-appclip-app-identifiers" is not present
2026-04-14 13:33:37 +0000  Entitlements for <IDEDistributionItem: 0x7c20cbb40; bundleID='com.moengage.MoEngageCampaignsCore', path='<DVTFilePath:0x7c46b1030:'/Users/clseva/Library/Developer/Xcode/Archives/2026-04-14/iVooxApp 14-04-2026, 15.25.xcarchive/Products/Applications/ivooxNew.app/Frameworks/MoEngageCampaignsCore.framework'>', codeSigningInfo='<_DVTCodeSigningInformation_Path: 0x7c20ca0a0; isSigned='1', isAdHocSigned='0', signingCertificate='<DVTSigningCertificate: 0x7c45fac40; name='Apple Distribution: iVoox Global Podcasting Service SL (GXW5YSU35M)', hash='B0336B54C8EE75D6A73481A7B34B1F9C75AAF5D3', serialNumber='11B69D8EB5EF84EBF19CD9772E089711', certificateKinds='(
    "1.2.840.113635.100.6.1.7",
    "1.2.840.113635.100.6.1.4"
), issueDate='2026-02-13 22:07:26 +0000''>', entitlements='(null)', teamID='GXW5YSU35M', identifier='com.moengage.MoEngageCampaignsCore', executablePath='<DVTFilePath:0x7c46b1340:'/Users/clseva/Library/Developer/Xcode/Archives/2026-04-14/iVooxApp 14-04-2026, 15.25.xcarchive/Products/Applications/ivooxNew.app/Frameworks/MoEngageCampaignsCore.framework/MoEngageCampaignsCore'>', hardenedRuntime='0'>'> are: {
}
2026-04-14 13:33:37 +0000  Writing entitlements for <IDEDistributionItem: 0x7c20cbb40; bundleID='com.moengage.MoEngageCampaignsCore', path='<DVTFilePath:0x7c46b1030:'/Users/clseva/Library/Developer/Xcode/Archives/2026-04-14/iVooxApp 14-04-2026, 15.25.xcarchive/Products/Applications/ivooxNew.app/Frameworks/MoEngageCampaignsCore.framework'>', codeSigningInfo='<_DVTCodeSigningInformation_Path: 0x7c20ca0a0; isSigned='1', isAdHocSigned='0', signingCertificate='<DVTSigningCertificate: 0x7c45fac40; name='Apple Distribution: iVoox Global Podcasting Service SL (GXW5YSU35M)', hash='B0336B54C8EE75D6A73481A7B34B1F9C75AAF5D3', serialNumber='11B69D8EB5EF84EBF19CD9772E089711', certificateKinds='(
    "1.2.840.113635.100.6.1.7",
    "1.2.840.113635.100.6.1.4"
), issueDate='2026-02-13 22:07:26 +0000''>', entitlements='(null)', teamID='GXW5YSU35M', identifier='com.moengage.MoEngageCampaignsCore', executablePath='<DVTFilePath:0x7c46b1340:'/Users/clseva/Library/Developer/Xcode/Archives/2026-04-14/iVooxApp 14-04-2026, 15.25.xcarchive/Products/Applications/ivooxNew.app/Frameworks/MoEngageCampaignsCore.framework/MoEngageCampaignsCore'>', hardenedRuntime='0'>'> to: /var/folders/8p/5rgt27mj0jdb7dcpxdl3t5p80000gn/T/XcodeDistPipeline.~~~jGsUBi/entitlements~~~auqCqn
2026-04-14 13:33:37 +0000  invoking codesign: <NSConcreteTask: 0x79ae808c0; launchPath='/usr/bin/codesign', arguments='(
    "-f",
    "-s",
    B0336B54C8EE75D6A73481A7B34B1F9C75AAF5D3,
    "--entitlements",
    "/var/folders/8p/5rgt27mj0jdb7dcpxdl3t5p80000gn/T/XcodeDistPipeline.~~~jGsUBi/entitlements~~~auqCqn",
    "--preserve-metadata=identifier,flags,runtime,launch-constraints,library-constraints",
    "--generate-entitlement-der",
    "--strip-disallowed-xattrs",
    "-vvv",
    "/var/folders/8p/5rgt27mj0jdb7dcpxdl3t5p80000gn/T/XcodeDistPipeline.~~~jGsUBi/Root/Payload/ivooxNew.app/Frameworks/MoEngageCampaignsCore.framework"
)'>
2026-04-14 13:33:37 +0000  codesign output: /var/folders/8p/5rgt27mj0jdb7dcpxdl3t5p80000gn/T/XcodeDistPipeline.~~~jGsUBi/Root/Payload/ivooxNew.app/Frameworks/MoEngageCampaignsCore.framework: replacing existing signature
/var/folders/8p/5rgt27mj0jdb7dcpxdl3t5p80000gn/T/XcodeDistPipeline.~~~jGsUBi/Root/Payload/ivooxNew.app/Frameworks/MoEngageCampaignsCore.framework: signed bundle with Mach-O thin (arm64) [com.moengage.MoEngageCampaignsCore]
2026-04-14 13:33:37 +0000  Entitlements for <IDEDistributionItem: 0x7c4b48180; bundleID='com.moengage.MoEngageCore', path='<DVTFilePath:0x7c46b0af0:'/Users/clseva/Library/Developer/Xcode/Archives/2026-04-14/iVooxApp 14-04-2026, 15.25.xcarchive/Products/Applications/ivooxNew.app/Frameworks/MoEngageCore.framework'>', codeSigningInfo='<_DVTCodeSigningInformation_Path: 0x7c421a8e0; isSigned='1', isAdHocSigned='0', signingCertificate='<DVTSigningCertificate: 0x7c45fbcc0; name='Apple Distribution: iVoox Global Podcasting Service SL (GXW5YSU35M)', hash='B0336B54C8EE75D6A73481A7B34B1F9C75AAF5D3', serialNumber='11B69D8EB5EF84EBF19CD9772E089711', certificateKinds='(
    "1.2.840.113635.100.6.1.7",
    "1.2.840.113635.100.6.1.4"
), issueDate='2026-02-13 22:07:26 +0000''>', entitlements='(null)', teamID='GXW5YSU35M', identifier='com.moengage.MoEngageCore', executablePath='<DVTFilePath:0x7c49b61c0:'/Users/clseva/Library/Developer/Xcode/Archives/2026-04-14/iVooxApp 14-04-2026, 15.25.xcarchive/Products/Applications/ivooxNew.app/Frameworks/MoEngageCore.framework/MoEngageCore'>', hardenedRuntime='0'>'>: {
}
2026-04-14 13:33:37 +0000  Associated App Clip Identifiers Filter: Skipping because "com.apple.developer.associated-appclip-app-identifiers" is not present
2026-04-14 13:33:37 +0000  Entitlements for <IDEDistributionItem: 0x7c4b48180; bundleID='com.moengage.MoEngageCore', path='<DVTFilePath:0x7c46b0af0:'/Users/clseva/Library/Developer/Xcode/Archives/2026-04-14/iVooxApp 14-04-2026, 15.25.xcarchive/Products/Applications/ivooxNew.app/Frameworks/MoEngageCore.framework'>', codeSigningInfo='<_DVTCodeSigningInformation_Path: 0x7c421a8e0; isSigned='1', isAdHocSigned='0', signingCertificate='<DVTSigningCertificate: 0x7c45fa640; name='Apple Distribution: iVoox Global Podcasting Service SL (GXW5YSU35M)', hash='B0336B54C8EE75D6A73481A7B34B1F9C75AAF5D3', serialNumber='11B69D8EB5EF84EBF19CD9772E089711', certificateKinds='(
    "1.2.840.113635.100.6.1.7",
    "1.2.840.113635.100.6.1.4"
), issueDate='2026-02-13 22:07:26 +0000''>', entitlements='(null)', teamID='GXW5YSU35M', identifier='com.moengage.MoEngageCore', executablePath='<DVTFilePath:0x7c49b61c0:'/Users/clseva/Library/Developer/Xcode/Archives/2026-04-14/iVooxApp 14-04-2026, 15.25.xcarchive/Products/Applications/ivooxNew.app/Frameworks/MoEngageCore.framework/MoEngageCore'>', hardenedRuntime='0'>'> are: {
}
2026-04-14 13:33:37 +0000  Writing entitlements for <IDEDistributionItem: 0x7c4b48180; bundleID='com.moengage.MoEngageCore', path='<DVTFilePath:0x7c46b0af0:'/Users/clseva/Library/Developer/Xcode/Archives/2026-04-14/iVooxApp 14-04-2026, 15.25.xcarchive/Products/Applications/ivooxNew.app/Frameworks/MoEngageCore.framework'>', codeSigningInfo='<_DVTCodeSigningInformation_Path: 0x7c421a8e0; isSigned='1', isAdHocSigned='0', signingCertificate='<DVTSigningCertificate: 0x7c45fa640; name='Apple Distribution: iVoox Global Podcasting Service SL (GXW5YSU35M)', hash='B0336B54C8EE75D6A73481A7B34B1F9C75AAF5D3', serialNumber='11B69D8EB5EF84EBF19CD9772E089711', certificateKinds='(
    "1.2.840.113635.100.6.1.7",
    "1.2.840.113635.100.6.1.4"
), issueDate='2026-02-13 22:07:26 +0000''>', entitlements='(null)', teamID='GXW5YSU35M', identifier='com.moengage.MoEngageCore', executablePath='<DVTFilePath:0x7c49b61c0:'/Users/clseva/Library/Developer/Xcode/Archives/2026-04-14/iVooxApp 14-04-2026, 15.25.xcarchive/Products/Applications/ivooxNew.app/Frameworks/MoEngageCore.framework/MoEngageCore'>', hardenedRuntime='0'>'> to: /var/folders/8p/5rgt27mj0jdb7dcpxdl3t5p80000gn/T/XcodeDistPipeline.~~~jGsUBi/entitlements~~~q0yLqS
2026-04-14 13:33:37 +0000  invoking codesign: <NSConcreteTask: 0x79ae808c0; launchPath='/usr/bin/codesign', arguments='(
    "-f",
    "-s",
    B0336B54C8EE75D6A73481A7B34B1F9C75AAF5D3,
    "--entitlements",
    "/var/folders/8p/5rgt27mj0jdb7dcpxdl3t5p80000gn/T/XcodeDistPipeline.~~~jGsUBi/entitlements~~~q0yLqS",
    "--preserve-metadata=identifier,flags,runtime,launch-constraints,library-constraints",
    "--generate-entitlement-der",
    "--strip-disallowed-xattrs",
    "-vvv",
    "/var/folders/8p/5rgt27mj0jdb7dcpxdl3t5p80000gn/T/XcodeDistPipeline.~~~jGsUBi/Root/Payload/ivooxNew.app/Frameworks/MoEngageCore.framework"
)'>
2026-04-14 13:33:37 +0000  codesign output: /var/folders/8p/5rgt27mj0jdb7dcpxdl3t5p80000gn/T/XcodeDistPipeline.~~~jGsUBi/Root/Payload/ivooxNew.app/Frameworks/MoEngageCore.framework: replacing existing signature
/var/folders/8p/5rgt27mj0jdb7dcpxdl3t5p80000gn/T/XcodeDistPipeline.~~~jGsUBi/Root/Payload/ivooxNew.app/Frameworks/MoEngageCore.framework: signed bundle with Mach-O thin (arm64) [com.moengage.MoEngageCore]
2026-04-14 13:33:37 +0000  Entitlements for <IDEDistributionItem: 0x7c4b4b480; bundleID='com.moengage.MoEngageInApps', path='<DVTFilePath:0x7c46b3950:'/Users/clseva/Library/Developer/Xcode/Archives/2026-04-14/iVooxApp 14-04-2026, 15.25.xcarchive/Products/Applications/ivooxNew.app/Frameworks/MoEngageInApps.framework'>', codeSigningInfo='<_DVTCodeSigningInformation_Path: 0x7c421aee0; isSigned='1', isAdHocSigned='0', signingCertificate='<DVTSigningCertificate: 0x7c45fbcc0; name='Apple Distribution: iVoox Global Podcasting Service SL (GXW5YSU35M)', hash='B0336B54C8EE75D6A73481A7B34B1F9C75AAF5D3', serialNumber='11B69D8EB5EF84EBF19CD9772E089711', certificateKinds='(
    "1.2.840.113635.100.6.1.7",
    "1.2.840.113635.100.6.1.4"
), issueDate='2026-02-13 22:07:26 +0000''>', entitlements='(null)', teamID='GXW5YSU35M', identifier='com.moengage.MoEngageInApps', executablePath='<DVTFilePath:0x7c49f80c0:'/Users/clseva/Library/Developer/Xcode/Archives/2026-04-14/iVooxApp 14-04-2026, 15.25.xcarchive/Products/Applications/ivooxNew.app/Frameworks/MoEngageInApps.framework/MoEngageInApps'>', hardenedRuntime='0'>'>: {
}
2026-04-14 13:33:37 +0000  Associated App Clip Identifiers Filter: Skipping because "com.apple.developer.associated-appclip-app-identifiers" is not present
2026-04-14 13:33:37 +0000  Entitlements for <IDEDistributionItem: 0x7c4b4b480; bundleID='com.moengage.MoEngageInApps', path='<DVTFilePath:0x7c46b3950:'/Users/clseva/Library/Developer/Xcode/Archives/2026-04-14/iVooxApp 14-04-2026, 15.25.xcarchive/Products/Applications/ivooxNew.app/Frameworks/MoEngageInApps.framework'>', codeSigningInfo='<_DVTCodeSigningInformation_Path: 0x7c421aee0; isSigned='1', isAdHocSigned='0', signingCertificate='<DVTSigningCertificate: 0x7c45fa640; name='Apple Distribution: iVoox Global Podcasting Service SL (GXW5YSU35M)', hash='B0336B54C8EE75D6A73481A7B34B1F9C75AAF5D3', serialNumber='11B69D8EB5EF84EBF19CD9772E089711', certificateKinds='(
    "1.2.840.113635.100.6.1.7",
    "1.2.840.113635.100.6.1.4"
), issueDate='2026-02-13 22:07:26 +0000''>', entitlements='(null)', teamID='GXW5YSU35M', identifier='com.moengage.MoEngageInApps', executablePath='<DVTFilePath:0x7c49f80c0:'/Users/clseva/Library/Developer/Xcode/Archives/2026-04-14/iVooxApp 14-04-2026, 15.25.xcarchive/Products/Applications/ivooxNew.app/Frameworks/MoEngageInApps.framework/MoEngageInApps'>', hardenedRuntime='0'>'> are: {
}
2026-04-14 13:33:37 +0000  Writing entitlements for <IDEDistributionItem: 0x7c4b4b480; bundleID='com.moengage.MoEngageInApps', path='<DVTFilePath:0x7c46b3950:'/Users/clseva/Library/Developer/Xcode/Archives/2026-04-14/iVooxApp 14-04-2026, 15.25.xcarchive/Products/Applications/ivooxNew.app/Frameworks/MoEngageInApps.framework'>', codeSigningInfo='<_DVTCodeSigningInformation_Path: 0x7c421aee0; isSigned='1', isAdHocSigned='0', signingCertificate='<DVTSigningCertificate: 0x7c45fa640; name='Apple Distribution: iVoox Global Podcasting Service SL (GXW5YSU35M)', hash='B0336B54C8EE75D6A73481A7B34B1F9C75AAF5D3', serialNumber='11B69D8EB5EF84EBF19CD9772E089711', certificateKinds='(
    "1.2.840.113635.100.6.1.7",
    "1.2.840.113635.100.6.1.4"
), issueDate='2026-02-13 22:07:26 +0000''>', entitlements='(null)', teamID='GXW5YSU35M', identifier='com.moengage.MoEngageInApps', executablePath='<DVTFilePath:0x7c49f80c0:'/Users/clseva/Library/Developer/Xcode/Archives/2026-04-14/iVooxApp 14-04-2026, 15.25.xcarchive/Products/Applications/ivooxNew.app/Frameworks/MoEngageInApps.framework/MoEngageInApps'>', hardenedRuntime='0'>'> to: /var/folders/8p/5rgt27mj0jdb7dcpxdl3t5p80000gn/T/XcodeDistPipeline.~~~jGsUBi/entitlements~~~10OOds
2026-04-14 13:33:37 +0000  invoking codesign: <NSConcreteTask: 0x79d8b4f00; launchPath='/usr/bin/codesign', arguments='(
    "-f",
    "-s",
    B0336B54C8EE75D6A73481A7B34B1F9C75AAF5D3,
    "--entitlements",
    "/var/folders/8p/5rgt27mj0jdb7dcpxdl3t5p80000gn/T/XcodeDistPipeline.~~~jGsUBi/entitlements~~~10OOds",
    "--preserve-metadata=identifier,flags,runtime,launch-constraints,library-constraints",
    "--generate-entitlement-der",
    "--strip-disallowed-xattrs",
    "-vvv",
    "/var/folders/8p/5rgt27mj0jdb7dcpxdl3t5p80000gn/T/XcodeDistPipeline.~~~jGsUBi/Root/Payload/ivooxNew.app/Frameworks/MoEngageInApps.framework"
)'>
2026-04-14 13:33:37 +0000  codesign output: /var/folders/8p/5rgt27mj0jdb7dcpxdl3t5p80000gn/T/XcodeDistPipeline.~~~jGsUBi/Root/Payload/ivooxNew.app/Frameworks/MoEngageInApps.framework: replacing existing signature
/var/folders/8p/5rgt27mj0jdb7dcpxdl3t5p80000gn/T/XcodeDistPipeline.~~~jGsUBi/Root/Payload/ivooxNew.app/Frameworks/MoEngageInApps.framework: signed bundle with Mach-O thin (arm64) [com.moengage.MoEngageInApps]
2026-04-14 13:33:37 +0000  Entitlements for <IDEDistributionItem: 0x7c4b48120; bundleID='com.moengage.condition.evaluator.MoEngageKMMConditionEvaluator', path='<DVTFilePath:0x79db16280:'/Users/clseva/Library/Developer/Xcode/Archives/2026-04-14/iVooxApp 14-04-2026, 15.25.xcarchive/Products/Applications/ivooxNew.app/Frameworks/MoEngageKMMConditionEvaluator.framework'>', codeSigningInfo='<_DVTCodeSigningInformation_Path: 0x7c421b180; isSigned='1', isAdHocSigned='0', signingCertificate='<DVTSigningCertificate: 0x7c45fbcc0; name='Apple Distribution: iVoox Global Podcasting Service SL (GXW5YSU35M)', hash='B0336B54C8EE75D6A73481A7B34B1F9C75AAF5D3', serialNumber='11B69D8EB5EF84EBF19CD9772E089711', certificateKinds='(
    "1.2.840.113635.100.6.1.7",
    "1.2.840.113635.100.6.1.4"
), issueDate='2026-02-13 22:07:26 +0000''>', entitlements='(null)', teamID='GXW5YSU35M', identifier='com.moengage.condition.evaluator.MoEngageKMMConditionEvaluator', executablePath='<DVTFilePath:0x7c46bd7a0:'/Users/clseva/Library/Developer/Xcode/Archives/2026-04-14/iVooxApp 14-04-2026, 15.25.xcarchive/Products/Applications/ivooxNew.app/Frameworks/MoEngageKMMConditionEvaluator.framework/MoEngageKMMConditionEvaluator'>', hardenedRuntime='0'>'>: {
}
2026-04-14 13:33:37 +0000  Associated App Clip Identifiers Filter: Skipping because "com.apple.developer.associated-appclip-app-identifiers" is not present
2026-04-14 13:33:37 +0000  Entitlements for <IDEDistributionItem: 0x7c4b48120; bundleID='com.moengage.condition.evaluator.MoEngageKMMConditionEvaluator', path='<DVTFilePath:0x79db16280:'/Users/clseva/Library/Developer/Xcode/Archives/2026-04-14/iVooxApp 14-04-2026, 15.25.xcarchive/Products/Applications/ivooxNew.app/Frameworks/MoEngageKMMConditionEvaluator.framework'>', codeSigningInfo='<_DVTCodeSigningInformation_Path: 0x7c421b180; isSigned='1', isAdHocSigned='0', signingCertificate='<DVTSigningCertificate: 0x7c45fa640; name='Apple Distribution: iVoox Global Podcasting Service SL (GXW5YSU35M)', hash='B0336B54C8EE75D6A73481A7B34B1F9C75AAF5D3', serialNumber='11B69D8EB5EF84EBF19CD9772E089711', certificateKinds='(
    "1.2.840.113635.100.6.1.7",
    "1.2.840.113635.100.6.1.4"
), issueDate='2026-02-13 22:07:26 +0000''>', entitlements='(null)', teamID='GXW5YSU35M', identifier='com.moengage.condition.evaluator.MoEngageKMMConditionEvaluator', executablePath='<DVTFilePath:0x7c46bd7a0:'/Users/clseva/Library/Developer/Xcode/Archives/2026-04-14/iVooxApp 14-04-2026, 15.25.xcarchive/Products/Applications/ivooxNew.app/Frameworks/MoEngageKMMConditionEvaluator.framework/MoEngageKMMConditionEvaluator'>', hardenedRuntime='0'>'> are: {
}
2026-04-14 13:33:37 +0000  Writing entitlements for <IDEDistributionItem: 0x7c4b48120; bundleID='com.moengage.condition.evaluator.MoEngageKMMConditionEvaluator', path='<DVTFilePath:0x79db16280:'/Users/clseva/Library/Developer/Xcode/Archives/2026-04-14/iVooxApp 14-04-2026, 15.25.xcarchive/Products/Applications/ivooxNew.app/Frameworks/MoEngageKMMConditionEvaluator.framework'>', codeSigningInfo='<_DVTCodeSigningInformation_Path: 0x7c421b180; isSigned='1', isAdHocSigned='0', signingCertificate='<DVTSigningCertificate: 0x7c45fa640; name='Apple Distribution: iVoox Global Podcasting Service SL (GXW5YSU35M)', hash='B0336B54C8EE75D6A73481A7B34B1F9C75AAF5D3', serialNumber='11B69D8EB5EF84EBF19CD9772E089711', certificateKinds='(
    "1.2.840.113635.100.6.1.7",
    "1.2.840.113635.100.6.1.4"
), issueDate='2026-02-13 22:07:26 +0000''>', entitlements='(null)', teamID='GXW5YSU35M', identifier='com.moengage.condition.evaluator.MoEngageKMMConditionEvaluator', executablePath='<DVTFilePath:0x7c46bd7a0:'/Users/clseva/Library/Developer/Xcode/Archives/2026-04-14/iVooxApp 14-04-2026, 15.25.xcarchive/Products/Applications/ivooxNew.app/Frameworks/MoEngageKMMConditionEvaluator.framework/MoEngageKMMConditionEvaluator'>', hardenedRuntime='0'>'> to: /var/folders/8p/5rgt27mj0jdb7dcpxdl3t5p80000gn/T/XcodeDistPipeline.~~~jGsUBi/entitlements~~~CU6Nm3
2026-04-14 13:33:37 +0000  invoking codesign: <NSConcreteTask: 0x79d8b4f00; launchPath='/usr/bin/codesign', arguments='(
    "-f",
    "-s",
    B0336B54C8EE75D6A73481A7B34B1F9C75AAF5D3,
    "--entitlements",
    "/var/folders/8p/5rgt27mj0jdb7dcpxdl3t5p80000gn/T/XcodeDistPipeline.~~~jGsUBi/entitlements~~~CU6Nm3",
    "--preserve-metadata=identifier,flags,runtime,launch-constraints,library-constraints",
    "--generate-entitlement-der",
    "--strip-disallowed-xattrs",
    "-vvv",
    "/var/folders/8p/5rgt27mj0jdb7dcpxdl3t5p80000gn/T/XcodeDistPipeline.~~~jGsUBi/Root/Payload/ivooxNew.app/Frameworks/MoEngageKMMConditionEvaluator.framework"
)'>
2026-04-14 13:33:38 +0000  codesign output: /var/folders/8p/5rgt27mj0jdb7dcpxdl3t5p80000gn/T/XcodeDistPipeline.~~~jGsUBi/Root/Payload/ivooxNew.app/Frameworks/MoEngageKMMConditionEvaluator.framework: replacing existing signature
/var/folders/8p/5rgt27mj0jdb7dcpxdl3t5p80000gn/T/XcodeDistPipeline.~~~jGsUBi/Root/Payload/ivooxNew.app/Frameworks/MoEngageKMMConditionEvaluator.framework: signed bundle with Mach-O thin (arm64) [com.moengage.condition.evaluator.MoEngageKMMConditionEvaluator]
2026-04-14 13:33:38 +0000  Entitlements for <IDEDistributionItem: 0x7c4b48ba0; bundleID='com.moengage.MoEngageMessaging', path='<DVTFilePath:0x7c46b2d10:'/Users/clseva/Library/Developer/Xcode/Archives/2026-04-14/iVooxApp 14-04-2026, 15.25.xcarchive/Products/Applications/ivooxNew.app/Frameworks/MoEngageMessaging.framework'>', codeSigningInfo='<_DVTCodeSigningInformation_Path: 0x7c421a280; isSigned='1', isAdHocSigned='0', signingCertificate='<DVTSigningCertificate: 0x7c45fbcc0; name='Apple Distribution: iVoox Global Podcasting Service SL (GXW5YSU35M)', hash='B0336B54C8EE75D6A73481A7B34B1F9C75AAF5D3', serialNumber='11B69D8EB5EF84EBF19CD9772E089711', certificateKinds='(
    "1.2.840.113635.100.6.1.7",
    "1.2.840.113635.100.6.1.4"
), issueDate='2026-02-13 22:07:26 +0000''>', entitlements='(null)', teamID='GXW5YSU35M', identifier='com.moengage.MoEngageMessaging', executablePath='<DVTFilePath:0x7c46b2df0:'/Users/clseva/Library/Developer/Xcode/Archives/2026-04-14/iVooxApp 14-04-2026, 15.25.xcarchive/Products/Applications/ivooxNew.app/Frameworks/MoEngageMessaging.framework/MoEngageMessaging'>', hardenedRuntime='0'>'>: {
}
2026-04-14 13:33:38 +0000  Associated App Clip Identifiers Filter: Skipping because "com.apple.developer.associated-appclip-app-identifiers" is not present
2026-04-14 13:33:38 +0000  Entitlements for <IDEDistributionItem: 0x7c4b48ba0; bundleID='com.moengage.MoEngageMessaging', path='<DVTFilePath:0x7c46b2d10:'/Users/clseva/Library/Developer/Xcode/Archives/2026-04-14/iVooxApp 14-04-2026, 15.25.xcarchive/Products/Applications/ivooxNew.app/Frameworks/MoEngageMessaging.framework'>', codeSigningInfo='<_DVTCodeSigningInformation_Path: 0x7c421a280; isSigned='1', isAdHocSigned='0', signingCertificate='<DVTSigningCertificate: 0x7c45fa640; name='Apple Distribution: iVoox Global Podcasting Service SL (GXW5YSU35M)', hash='B0336B54C8EE75D6A73481A7B34B1F9C75AAF5D3', serialNumber='11B69D8EB5EF84EBF19CD9772E089711', certificateKinds='(
    "1.2.840.113635.100.6.1.7",
    "1.2.840.113635.100.6.1.4"
), issueDate='2026-02-13 22:07:26 +0000''>', entitlements='(null)', teamID='GXW5YSU35M', identifier='com.moengage.MoEngageMessaging', executablePath='<DVTFilePath:0x7c46b2df0:'/Users/clseva/Library/Developer/Xcode/Archives/2026-04-14/iVooxApp 14-04-2026, 15.25.xcarchive/Products/Applications/ivooxNew.app/Frameworks/MoEngageMessaging.framework/MoEngageMessaging'>', hardenedRuntime='0'>'> are: {
}
2026-04-14 13:33:38 +0000  Writing entitlements for <IDEDistributionItem: 0x7c4b48ba0; bundleID='com.moengage.MoEngageMessaging', path='<DVTFilePath:0x7c46b2d10:'/Users/clseva/Library/Developer/Xcode/Archives/2026-04-14/iVooxApp 14-04-2026, 15.25.xcarchive/Products/Applications/ivooxNew.app/Frameworks/MoEngageMessaging.framework'>', codeSigningInfo='<_DVTCodeSigningInformation_Path: 0x7c421a280; isSigned='1', isAdHocSigned='0', signingCertificate='<DVTSigningCertificate: 0x7c45fa640; name='Apple Distribution: iVoox Global Podcasting Service SL (GXW5YSU35M)', hash='B0336B54C8EE75D6A73481A7B34B1F9C75AAF5D3', serialNumber='11B69D8EB5EF84EBF19CD9772E089711', certificateKinds='(
    "1.2.840.113635.100.6.1.7",
    "1.2.840.113635.100.6.1.4"
), issueDate='2026-02-13 22:07:26 +0000''>', entitlements='(null)', teamID='GXW5YSU35M', identifier='com.moengage.MoEngageMessaging', executablePath='<DVTFilePath:0x7c46b2df0:'/Users/clseva/Library/Developer/Xcode/Archives/2026-04-14/iVooxApp 14-04-2026, 15.25.xcarchive/Products/Applications/ivooxNew.app/Frameworks/MoEngageMessaging.framework/MoEngageMessaging'>', hardenedRuntime='0'>'> to: /var/folders/8p/5rgt27mj0jdb7dcpxdl3t5p80000gn/T/XcodeDistPipeline.~~~jGsUBi/entitlements~~~luBqmL
2026-04-14 13:33:38 +0000  invoking codesign: <NSConcreteTask: 0x79d8b4f00; launchPath='/usr/bin/codesign', arguments='(
    "-f",
    "-s",
    B0336B54C8EE75D6A73481A7B34B1F9C75AAF5D3,
    "--entitlements",
    "/var/folders/8p/5rgt27mj0jdb7dcpxdl3t5p80000gn/T/XcodeDistPipeline.~~~jGsUBi/entitlements~~~luBqmL",
    "--preserve-metadata=identifier,flags,runtime,launch-constraints,library-constraints",
    "--generate-entitlement-der",
    "--strip-disallowed-xattrs",
    "-vvv",
    "/var/folders/8p/5rgt27mj0jdb7dcpxdl3t5p80000gn/T/XcodeDistPipeline.~~~jGsUBi/Root/Payload/ivooxNew.app/Frameworks/MoEngageMessaging.framework"
)'>
2026-04-14 13:33:38 +0000  codesign output: /var/folders/8p/5rgt27mj0jdb7dcpxdl3t5p80000gn/T/XcodeDistPipeline.~~~jGsUBi/Root/Payload/ivooxNew.app/Frameworks/MoEngageMessaging.framework: replacing existing signature
/var/folders/8p/5rgt27mj0jdb7dcpxdl3t5p80000gn/T/XcodeDistPipeline.~~~jGsUBi/Root/Payload/ivooxNew.app/Frameworks/MoEngageMessaging.framework: signed bundle with Mach-O thin (arm64) [com.moengage.MoEngageMessaging]
2026-04-14 13:33:38 +0000  Entitlements for <IDEDistributionItem: 0x7c4b48ae0; bundleID='com.moengage.MoEngageRichNotification', path='<DVTFilePath:0x79dab7980:'/Users/clseva/Library/Developer/Xcode/Archives/2026-04-14/iVooxApp 14-04-2026, 15.25.xcarchive/Products/Applications/ivooxNew.app/Frameworks/MoEngageRichNotification.framework'>', codeSigningInfo='<_DVTCodeSigningInformation_Path: 0x7c4b48a80; isSigned='1', isAdHocSigned='0', signingCertificate='<DVTSigningCertificate: 0x7c45fbcc0; name='Apple Distribution: iVoox Global Podcasting Service SL (GXW5YSU35M)', hash='B0336B54C8EE75D6A73481A7B34B1F9C75AAF5D3', serialNumber='11B69D8EB5EF84EBF19CD9772E089711', certificateKinds='(
    "1.2.840.113635.100.6.1.7",
    "1.2.840.113635.100.6.1.4"
), issueDate='2026-02-13 22:07:26 +0000''>', entitlements='(null)', teamID='GXW5YSU35M', identifier='com.moengage.MoEngageRichNotification', executablePath='<DVTFilePath:0x7c46c2060:'/Users/clseva/Library/Developer/Xcode/Archives/2026-04-14/iVooxApp 14-04-2026, 15.25.xcarchive/Products/Applications/ivooxNew.app/Frameworks/MoEngageRichNotification.framework/MoEngageRichNotification'>', hardenedRuntime='0'>'>: {
}
2026-04-14 13:33:38 +0000  Associated App Clip Identifiers Filter: Skipping because "com.apple.developer.associated-appclip-app-identifiers" is not present
2026-04-14 13:33:38 +0000  Entitlements for <IDEDistributionItem: 0x7c4b48ae0; bundleID='com.moengage.MoEngageRichNotification', path='<DVTFilePath:0x79dab7980:'/Users/clseva/Library/Developer/Xcode/Archives/2026-04-14/iVooxApp 14-04-2026, 15.25.xcarchive/Products/Applications/ivooxNew.app/Frameworks/MoEngageRichNotification.framework'>', codeSigningInfo='<_DVTCodeSigningInformation_Path: 0x7c4b48a80; isSigned='1', isAdHocSigned='0', signingCertificate='<DVTSigningCertificate: 0x7c45fa640; name='Apple Distribution: iVoox Global Podcasting Service SL (GXW5YSU35M)', hash='B0336B54C8EE75D6A73481A7B34B1F9C75AAF5D3', serialNumber='11B69D8EB5EF84EBF19CD9772E089711', certificateKinds='(
    "1.2.840.113635.100.6.1.7",
    "1.2.840.113635.100.6.1.4"
), issueDate='2026-02-13 22:07:26 +0000''>', entitlements='(null)', teamID='GXW5YSU35M', identifier='com.moengage.MoEngageRichNotification', executablePath='<DVTFilePath:0x7c46c2060:'/Users/clseva/Library/Developer/Xcode/Archives/2026-04-14/iVooxApp 14-04-2026, 15.25.xcarchive/Products/Applications/ivooxNew.app/Frameworks/MoEngageRichNotification.framework/MoEngageRichNotification'>', hardenedRuntime='0'>'> are: {
}
2026-04-14 13:33:38 +0000  Writing entitlements for <IDEDistributionItem: 0x7c4b48ae0; bundleID='com.moengage.MoEngageRichNotification', path='<DVTFilePath:0x79dab7980:'/Users/clseva/Library/Developer/Xcode/Archives/2026-04-14/iVooxApp 14-04-2026, 15.25.xcarchive/Products/Applications/ivooxNew.app/Frameworks/MoEngageRichNotification.framework'>', codeSigningInfo='<_DVTCodeSigningInformation_Path: 0x7c4b48a80; isSigned='1', isAdHocSigned='0', signingCertificate='<DVTSigningCertificate: 0x7c45fa640; name='Apple Distribution: iVoox Global Podcasting Service SL (GXW5YSU35M)', hash='B0336B54C8EE75D6A73481A7B34B1F9C75AAF5D3', serialNumber='11B69D8EB5EF84EBF19CD9772E089711', certificateKinds='(
    "1.2.840.113635.100.6.1.7",
    "1.2.840.113635.100.6.1.4"
), issueDate='2026-02-13 22:07:26 +0000''>', entitlements='(null)', teamID='GXW5YSU35M', identifier='com.moengage.MoEngageRichNotification', executablePath='<DVTFilePath:0x7c46c2060:'/Users/clseva/Library/Developer/Xcode/Archives/2026-04-14/iVooxApp 14-04-2026, 15.25.xcarchive/Products/Applications/ivooxNew.app/Frameworks/MoEngageRichNotification.framework/MoEngageRichNotification'>', hardenedRuntime='0'>'> to: /var/folders/8p/5rgt27mj0jdb7dcpxdl3t5p80000gn/T/XcodeDistPipeline.~~~jGsUBi/entitlements~~~K2jU0M
2026-04-14 13:33:38 +0000  invoking codesign: <NSConcreteTask: 0x79d8b4f00; launchPath='/usr/bin/codesign', arguments='(
    "-f",
    "-s",
    B0336B54C8EE75D6A73481A7B34B1F9C75AAF5D3,
    "--entitlements",
    "/var/folders/8p/5rgt27mj0jdb7dcpxdl3t5p80000gn/T/XcodeDistPipeline.~~~jGsUBi/entitlements~~~K2jU0M",
    "--preserve-metadata=identifier,flags,runtime,launch-constraints,library-constraints",
    "--generate-entitlement-der",
    "--strip-disallowed-xattrs",
    "-vvv",
    "/var/folders/8p/5rgt27mj0jdb7dcpxdl3t5p80000gn/T/XcodeDistPipeline.~~~jGsUBi/Root/Payload/ivooxNew.app/Frameworks/MoEngageRichNotification.framework"
)'>
2026-04-14 13:33:38 +0000  codesign output: /var/folders/8p/5rgt27mj0jdb7dcpxdl3t5p80000gn/T/XcodeDistPipeline.~~~jGsUBi/Root/Payload/ivooxNew.app/Frameworks/MoEngageRichNotification.framework: replacing existing signature
/var/folders/8p/5rgt27mj0jdb7dcpxdl3t5p80000gn/T/XcodeDistPipeline.~~~jGsUBi/Root/Payload/ivooxNew.app/Frameworks/MoEngageRichNotification.framework: signed bundle with Mach-O thin (arm64) [com.moengage.MoEngageRichNotification]
2026-04-14 13:33:38 +0000  Entitlements for <IDEDistributionItem: 0x7c20cbba0; bundleID='com.moengage.MoEngageSDK', path='<DVTFilePath:0x7c46b2fb0:'/Users/clseva/Library/Developer/Xcode/Archives/2026-04-14/iVooxApp 14-04-2026, 15.25.xcarchive/Products/Applications/ivooxNew.app/Frameworks/MoEngageSDK.framework'>', codeSigningInfo='<_DVTCodeSigningInformation_Path: 0x7c20c9620; isSigned='1', isAdHocSigned='0', signingCertificate='<DVTSigningCertificate: 0x7c45fbcc0; name='Apple Distribution: iVoox Global Podcasting Service SL (GXW5YSU35M)', hash='B0336B54C8EE75D6A73481A7B34B1F9C75AAF5D3', serialNumber='11B69D8EB5EF84EBF19CD9772E089711', certificateKinds='(
    "1.2.840.113635.100.6.1.7",
    "1.2.840.113635.100.6.1.4"
), issueDate='2026-02-13 22:07:26 +0000''>', entitlements='(null)', teamID='GXW5YSU35M', identifier='com.moengage.MoEngageSDK', executablePath='<DVTFilePath:0x7c49e5b00:'/Users/clseva/Library/Developer/Xcode/Archives/2026-04-14/iVooxApp 14-04-2026, 15.25.xcarchive/Products/Applications/ivooxNew.app/Frameworks/MoEngageSDK.framework/MoEngageSDK'>', hardenedRuntime='0'>'>: {
}
2026-04-14 13:33:38 +0000  Associated App Clip Identifiers Filter: Skipping because "com.apple.developer.associated-appclip-app-identifiers" is not present
2026-04-14 13:33:38 +0000  Entitlements for <IDEDistributionItem: 0x7c20cbba0; bundleID='com.moengage.MoEngageSDK', path='<DVTFilePath:0x7c46b2fb0:'/Users/clseva/Library/Developer/Xcode/Archives/2026-04-14/iVooxApp 14-04-2026, 15.25.xcarchive/Products/Applications/ivooxNew.app/Frameworks/MoEngageSDK.framework'>', codeSigningInfo='<_DVTCodeSigningInformation_Path: 0x7c20c9620; isSigned='1', isAdHocSigned='0', signingCertificate='<DVTSigningCertificate: 0x7c45fa640; name='Apple Distribution: iVoox Global Podcasting Service SL (GXW5YSU35M)', hash='B0336B54C8EE75D6A73481A7B34B1F9C75AAF5D3', serialNumber='11B69D8EB5EF84EBF19CD9772E089711', certificateKinds='(
    "1.2.840.113635.100.6.1.7",
    "1.2.840.113635.100.6.1.4"
), issueDate='2026-02-13 22:07:26 +0000''>', entitlements='(null)', teamID='GXW5YSU35M', identifier='com.moengage.MoEngageSDK', executablePath='<DVTFilePath:0x7c49e5b00:'/Users/clseva/Library/Developer/Xcode/Archives/2026-04-14/iVooxApp 14-04-2026, 15.25.xcarchive/Products/Applications/ivooxNew.app/Frameworks/MoEngageSDK.framework/MoEngageSDK'>', hardenedRuntime='0'>'> are: {
}
2026-04-14 13:33:38 +0000  Writing entitlements for <IDEDistributionItem: 0x7c20cbba0; bundleID='com.moengage.MoEngageSDK', path='<DVTFilePath:0x7c46b2fb0:'/Users/clseva/Library/Developer/Xcode/Archives/2026-04-14/iVooxApp 14-04-2026, 15.25.xcarchive/Products/Applications/ivooxNew.app/Frameworks/MoEngageSDK.framework'>', codeSigningInfo='<_DVTCodeSigningInformation_Path: 0x7c20c9620; isSigned='1', isAdHocSigned='0', signingCertificate='<DVTSigningCertificate: 0x7c45fa640; name='Apple Distribution: iVoox Global Podcasting Service SL (GXW5YSU35M)', hash='B0336B54C8EE75D6A73481A7B34B1F9C75AAF5D3', serialNumber='11B69D8EB5EF84EBF19CD9772E089711', certificateKinds='(
    "1.2.840.113635.100.6.1.7",
    "1.2.840.113635.100.6.1.4"
), issueDate='2026-02-13 22:07:26 +0000''>', entitlements='(null)', teamID='GXW5YSU35M', identifier='com.moengage.MoEngageSDK', executablePath='<DVTFilePath:0x7c49e5b00:'/Users/clseva/Library/Developer/Xcode/Archives/2026-04-14/iVooxApp 14-04-2026, 15.25.xcarchive/Products/Applications/ivooxNew.app/Frameworks/MoEngageSDK.framework/MoEngageSDK'>', hardenedRuntime='0'>'> to: /var/folders/8p/5rgt27mj0jdb7dcpxdl3t5p80000gn/T/XcodeDistPipeline.~~~jGsUBi/entitlements~~~uYGfwR
2026-04-14 13:33:38 +0000  invoking codesign: <NSConcreteTask: 0x79d8b4f00; launchPath='/usr/bin/codesign', arguments='(
    "-f",
    "-s",
    B0336B54C8EE75D6A73481A7B34B1F9C75AAF5D3,
    "--entitlements",
    "/var/folders/8p/5rgt27mj0jdb7dcpxdl3t5p80000gn/T/XcodeDistPipeline.~~~jGsUBi/entitlements~~~uYGfwR",
    "--preserve-metadata=identifier,flags,runtime,launch-constraints,library-constraints",
    "--generate-entitlement-der",
    "--strip-disallowed-xattrs",
    "-vvv",
    "/var/folders/8p/5rgt27mj0jdb7dcpxdl3t5p80000gn/T/XcodeDistPipeline.~~~jGsUBi/Root/Payload/ivooxNew.app/Frameworks/MoEngageSDK.framework"
)'>
2026-04-14 13:33:38 +0000  codesign output: /var/folders/8p/5rgt27mj0jdb7dcpxdl3t5p80000gn/T/XcodeDistPipeline.~~~jGsUBi/Root/Payload/ivooxNew.app/Frameworks/MoEngageSDK.framework: replacing existing signature
/var/folders/8p/5rgt27mj0jdb7dcpxdl3t5p80000gn/T/XcodeDistPipeline.~~~jGsUBi/Root/Payload/ivooxNew.app/Frameworks/MoEngageSDK.framework: signed bundle with Mach-O thin (arm64) [com.moengage.MoEngageSDK]
2026-04-14 13:33:38 +0000  Entitlements for <IDEDistributionItem: 0x7c4b48540; bundleID='com.moengage.MoEngageSecurity', path='<DVTFilePath:0x7c46b0ee0:'/Users/clseva/Library/Developer/Xcode/Archives/2026-04-14/iVooxApp 14-04-2026, 15.25.xcarchive/Products/Applications/ivooxNew.app/Frameworks/MoEngageSecurity.framework'>', codeSigningInfo='<_DVTCodeSigningInformation_Path: 0x7c4b48000; isSigned='1', isAdHocSigned='0', signingCertificate='<DVTSigningCertificate: 0x7c45fbcc0; name='Apple Distribution: iVoox Global Podcasting Service SL (GXW5YSU35M)', hash='B0336B54C8EE75D6A73481A7B34B1F9C75AAF5D3', serialNumber='11B69D8EB5EF84EBF19CD9772E089711', certificateKinds='(
    "1.2.840.113635.100.6.1.7",
    "1.2.840.113635.100.6.1.4"
), issueDate='2026-02-13 22:07:26 +0000''>', entitlements='(null)', teamID='GXW5YSU35M', identifier='com.moengage.MoEngageSecurity', executablePath='<DVTFilePath:0x7c46b0f50:'/Users/clseva/Library/Developer/Xcode/Archives/2026-04-14/iVooxApp 14-04-2026, 15.25.xcarchive/Products/Applications/ivooxNew.app/Frameworks/MoEngageSecurity.framework/MoEngageSecurity'>', hardenedRuntime='0'>'>: {
}
2026-04-14 13:33:38 +0000  Associated App Clip Identifiers Filter: Skipping because "com.apple.developer.associated-appclip-app-identifiers" is not present
2026-04-14 13:33:38 +0000  Entitlements for <IDEDistributionItem: 0x7c4b48540; bundleID='com.moengage.MoEngageSecurity', path='<DVTFilePath:0x7c46b0ee0:'/Users/clseva/Library/Developer/Xcode/Archives/2026-04-14/iVooxApp 14-04-2026, 15.25.xcarchive/Products/Applications/ivooxNew.app/Frameworks/MoEngageSecurity.framework'>', codeSigningInfo='<_DVTCodeSigningInformation_Path: 0x7c4b48000; isSigned='1', isAdHocSigned='0', signingCertificate='<DVTSigningCertificate: 0x7c45fa640; name='Apple Distribution: iVoox Global Podcasting Service SL (GXW5YSU35M)', hash='B0336B54C8EE75D6A73481A7B34B1F9C75AAF5D3', serialNumber='11B69D8EB5EF84EBF19CD9772E089711', certificateKinds='(
    "1.2.840.113635.100.6.1.7",
    "1.2.840.113635.100.6.1.4"
), issueDate='2026-02-13 22:07:26 +0000''>', entitlements='(null)', teamID='GXW5YSU35M', identifier='com.moengage.MoEngageSecurity', executablePath='<DVTFilePath:0x7c46b0f50:'/Users/clseva/Library/Developer/Xcode/Archives/2026-04-14/iVooxApp 14-04-2026, 15.25.xcarchive/Products/Applications/ivooxNew.app/Frameworks/MoEngageSecurity.framework/MoEngageSecurity'>', hardenedRuntime='0'>'> are: {
}
2026-04-14 13:33:38 +0000  Writing entitlements for <IDEDistributionItem: 0x7c4b48540; bundleID='com.moengage.MoEngageSecurity', path='<DVTFilePath:0x7c46b0ee0:'/Users/clseva/Library/Developer/Xcode/Archives/2026-04-14/iVooxApp 14-04-2026, 15.25.xcarchive/Products/Applications/ivooxNew.app/Frameworks/MoEngageSecurity.framework'>', codeSigningInfo='<_DVTCodeSigningInformation_Path: 0x7c4b48000; isSigned='1', isAdHocSigned='0', signingCertificate='<DVTSigningCertificate: 0x7c45fa640; name='Apple Distribution: iVoox Global Podcasting Service SL (GXW5YSU35M)', hash='B0336B54C8EE75D6A73481A7B34B1F9C75AAF5D3', serialNumber='11B69D8EB5EF84EBF19CD9772E089711', certificateKinds='(
    "1.2.840.113635.100.6.1.7",
    "1.2.840.113635.100.6.1.4"
), issueDate='2026-02-13 22:07:26 +0000''>', entitlements='(null)', teamID='GXW5YSU35M', identifier='com.moengage.MoEngageSecurity', executablePath='<DVTFilePath:0x7c46b0f50:'/Users/clseva/Library/Developer/Xcode/Archives/2026-04-14/iVooxApp 14-04-2026, 15.25.xcarchive/Products/Applications/ivooxNew.app/Frameworks/MoEngageSecurity.framework/MoEngageSecurity'>', hardenedRuntime='0'>'> to: /var/folders/8p/5rgt27mj0jdb7dcpxdl3t5p80000gn/T/XcodeDistPipeline.~~~jGsUBi/entitlements~~~CYoisb
2026-04-14 13:33:38 +0000  invoking codesign: <NSConcreteTask: 0x79d8b4f00; launchPath='/usr/bin/codesign', arguments='(
    "-f",
    "-s",
    B0336B54C8EE75D6A73481A7B34B1F9C75AAF5D3,
    "--entitlements",
    "/var/folders/8p/5rgt27mj0jdb7dcpxdl3t5p80000gn/T/XcodeDistPipeline.~~~jGsUBi/entitlements~~~CYoisb",
    "--preserve-metadata=identifier,flags,runtime,launch-constraints,library-constraints",
    "--generate-entitlement-der",
    "--strip-disallowed-xattrs",
    "-vvv",
    "/var/folders/8p/5rgt27mj0jdb7dcpxdl3t5p80000gn/T/XcodeDistPipeline.~~~jGsUBi/Root/Payload/ivooxNew.app/Frameworks/MoEngageSecurity.framework"
)'>
2026-04-14 13:33:38 +0000  codesign output: /var/folders/8p/5rgt27mj0jdb7dcpxdl3t5p80000gn/T/XcodeDistPipeline.~~~jGsUBi/Root/Payload/ivooxNew.app/Frameworks/MoEngageSecurity.framework: replacing existing signature
/var/folders/8p/5rgt27mj0jdb7dcpxdl3t5p80000gn/T/XcodeDistPipeline.~~~jGsUBi/Root/Payload/ivooxNew.app/Frameworks/MoEngageSecurity.framework: signed bundle with Mach-O thin (arm64) [com.moengage.MoEngageSecurity]
2026-04-14 13:33:38 +0000  Entitlements for <IDEDistributionItem: 0x7c4b48780; bundleID='com.moengage.MoEngageTriggerEvaluator', path='<DVTFilePath:0x79dab4200:'/Users/clseva/Library/Developer/Xcode/Archives/2026-04-14/iVooxApp 14-04-2026, 15.25.xcarchive/Products/Applications/ivooxNew.app/Frameworks/MoEngageTriggerEvaluator.framework'>', codeSigningInfo='<_DVTCodeSigningInformation_Path: 0x7c4b48900; isSigned='1', isAdHocSigned='0', signingCertificate='<DVTSigningCertificate: 0x7c45fbcc0; name='Apple Distribution: iVoox Global Podcasting Service SL (GXW5YSU35M)', hash='B0336B54C8EE75D6A73481A7B34B1F9C75AAF5D3', serialNumber='11B69D8EB5EF84EBF19CD9772E089711', certificateKinds='(
    "1.2.840.113635.100.6.1.7",
    "1.2.840.113635.100.6.1.4"
), issueDate='2026-02-13 22:07:26 +0000''>', entitlements='(null)', teamID='GXW5YSU35M', identifier='com.moengage.MoEngageTriggerEvaluator', executablePath='<DVTFilePath:0x7c46c1880:'/Users/clseva/Library/Developer/Xcode/Archives/2026-04-14/iVooxApp 14-04-2026, 15.25.xcarchive/Products/Applications/ivooxNew.app/Frameworks/MoEngageTriggerEvaluator.framework/MoEngageTriggerEvaluator'>', hardenedRuntime='0'>'>: {
}
2026-04-14 13:33:38 +0000  Associated App Clip Identifiers Filter: Skipping because "com.apple.developer.associated-appclip-app-identifiers" is not present
2026-04-14 13:33:38 +0000  Entitlements for <IDEDistributionItem: 0x7c4b48780; bundleID='com.moengage.MoEngageTriggerEvaluator', path='<DVTFilePath:0x79dab4200:'/Users/clseva/Library/Developer/Xcode/Archives/2026-04-14/iVooxApp 14-04-2026, 15.25.xcarchive/Products/Applications/ivooxNew.app/Frameworks/MoEngageTriggerEvaluator.framework'>', codeSigningInfo='<_DVTCodeSigningInformation_Path: 0x7c4b48900; isSigned='1', isAdHocSigned='0', signingCertificate='<DVTSigningCertificate: 0x7c45fa640; name='Apple Distribution: iVoox Global Podcasting Service SL (GXW5YSU35M)', hash='B0336B54C8EE75D6A73481A7B34B1F9C75AAF5D3', serialNumber='11B69D8EB5EF84EBF19CD9772E089711', certificateKinds='(
    "1.2.840.113635.100.6.1.7",
    "1.2.840.113635.100.6.1.4"
), issueDate='2026-02-13 22:07:26 +0000''>', entitlements='(null)', teamID='GXW5YSU35M', identifier='com.moengage.MoEngageTriggerEvaluator', executablePath='<DVTFilePath:0x7c46c1880:'/Users/clseva/Library/Developer/Xcode/Archives/2026-04-14/iVooxApp 14-04-2026, 15.25.xcarchive/Products/Applications/ivooxNew.app/Frameworks/MoEngageTriggerEvaluator.framework/MoEngageTriggerEvaluator'>', hardenedRuntime='0'>'> are: {
}
2026-04-14 13:33:38 +0000  Writing entitlements for <IDEDistributionItem: 0x7c4b48780; bundleID='com.moengage.MoEngageTriggerEvaluator', path='<DVTFilePath:0x79dab4200:'/Users/clseva/Library/Developer/Xcode/Archives/2026-04-14/iVooxApp 14-04-2026, 15.25.xcarchive/Products/Applications/ivooxNew.app/Frameworks/MoEngageTriggerEvaluator.framework'>', codeSigningInfo='<_DVTCodeSigningInformation_Path: 0x7c4b48900; isSigned='1', isAdHocSigned='0', signingCertificate='<DVTSigningCertificate: 0x7c45fa640; name='Apple Distribution: iVoox Global Podcasting Service SL (GXW5YSU35M)', hash='B0336B54C8EE75D6A73481A7B34B1F9C75AAF5D3', serialNumber='11B69D8EB5EF84EBF19CD9772E089711', certificateKinds='(
    "1.2.840.113635.100.6.1.7",
    "1.2.840.113635.100.6.1.4"
), issueDate='2026-02-13 22:07:26 +0000''>', entitlements='(null)', teamID='GXW5YSU35M', identifier='com.moengage.MoEngageTriggerEvaluator', executablePath='<DVTFilePath:0x7c46c1880:'/Users/clseva/Library/Developer/Xcode/Archives/2026-04-14/iVooxApp 14-04-2026, 15.25.xcarchive/Products/Applications/ivooxNew.app/Frameworks/MoEngageTriggerEvaluator.framework/MoEngageTriggerEvaluator'>', hardenedRuntime='0'>'> to: /var/folders/8p/5rgt27mj0jdb7dcpxdl3t5p80000gn/T/XcodeDistPipeline.~~~jGsUBi/entitlements~~~ktD7gd
2026-04-14 13:33:38 +0000  invoking codesign: <NSConcreteTask: 0x79d8b4f00; launchPath='/usr/bin/codesign', arguments='(
    "-f",
    "-s",
    B0336B54C8EE75D6A73481A7B34B1F9C75AAF5D3,
    "--entitlements",
    "/var/folders/8p/5rgt27mj0jdb7dcpxdl3t5p80000gn/T/XcodeDistPipeline.~~~jGsUBi/entitlements~~~ktD7gd",
    "--preserve-metadata=identifier,flags,runtime,launch-constraints,library-constraints",
    "--generate-entitlement-der",
    "--strip-disallowed-xattrs",
    "-vvv",
    "/var/folders/8p/5rgt27mj0jdb7dcpxdl3t5p80000gn/T/XcodeDistPipeline.~~~jGsUBi/Root/Payload/ivooxNew.app/Frameworks/MoEngageTriggerEvaluator.framework"
)'>
2026-04-14 13:33:38 +0000  codesign output: /var/folders/8p/5rgt27mj0jdb7dcpxdl3t5p80000gn/T/XcodeDistPipeline.~~~jGsUBi/Root/Payload/ivooxNew.app/Frameworks/MoEngageTriggerEvaluator.framework: replacing existing signature
/var/folders/8p/5rgt27mj0jdb7dcpxdl3t5p80000gn/T/XcodeDistPipeline.~~~jGsUBi/Root/Payload/ivooxNew.app/Frameworks/MoEngageTriggerEvaluator.framework: signed bundle with Mach-O thin (arm64) [com.moengage.MoEngageTriggerEvaluator]
2026-04-14 13:33:38 +0000  Entitlements for <IDEDistributionItem: 0x7c20c87e0; bundleID='org.cocoapods.PaginatedScrollView', path='<DVTFilePath:0x7c46c3db0:'/Users/clseva/Library/Developer/Xcode/Archives/2026-04-14/iVooxApp 14-04-2026, 15.25.xcarchive/Products/Applications/ivooxNew.app/Frameworks/PaginatedScrollView.framework'>', codeSigningInfo='<_DVTCodeSigningInformation_Path: 0x7c20c9560; isSigned='1', isAdHocSigned='0', signingCertificate='<DVTSigningCertificate: 0x7c45fbcc0; name='Apple Distribution: iVoox Global Podcasting Service SL (GXW5YSU35M)', hash='B0336B54C8EE75D6A73481A7B34B1F9C75AAF5D3', serialNumber='11B69D8EB5EF84EBF19CD9772E089711', certificateKinds='(
    "1.2.840.113635.100.6.1.7",
    "1.2.840.113635.100.6.1.4"
), issueDate='2026-02-13 22:07:26 +0000''>', entitlements='(null)', teamID='GXW5YSU35M', identifier='org.cocoapods.PaginatedScrollView', executablePath='<DVTFilePath:0x7c46c3f70:'/Users/clseva/Library/Developer/Xcode/Archives/2026-04-14/iVooxApp 14-04-2026, 15.25.xcarchive/Products/Applications/ivooxNew.app/Frameworks/PaginatedScrollView.framework/PaginatedScrollView'>', hardenedRuntime='0'>'>: {
}
2026-04-14 13:33:38 +0000  Associated App Clip Identifiers Filter: Skipping because "com.apple.developer.associated-appclip-app-identifiers" is not present
2026-04-14 13:33:38 +0000  Entitlements for <IDEDistributionItem: 0x7c20c87e0; bundleID='org.cocoapods.PaginatedScrollView', path='<DVTFilePath:0x7c46c3db0:'/Users/clseva/Library/Developer/Xcode/Archives/2026-04-14/iVooxApp 14-04-2026, 15.25.xcarchive/Products/Applications/ivooxNew.app/Frameworks/PaginatedScrollView.framework'>', codeSigningInfo='<_DVTCodeSigningInformation_Path: 0x7c20c9560; isSigned='1', isAdHocSigned='0', signingCertificate='<DVTSigningCertificate: 0x7c45fa640; name='Apple Distribution: iVoox Global Podcasting Service SL (GXW5YSU35M)', hash='B0336B54C8EE75D6A73481A7B34B1F9C75AAF5D3', serialNumber='11B69D8EB5EF84EBF19CD9772E089711', certificateKinds='(
    "1.2.840.113635.100.6.1.7",
    "1.2.840.113635.100.6.1.4"
), issueDate='2026-02-13 22:07:26 +0000''>', entitlements='(null)', teamID='GXW5YSU35M', identifier='org.cocoapods.PaginatedScrollView', executablePath='<DVTFilePath:0x7c46c3f70:'/Users/clseva/Library/Developer/Xcode/Archives/2026-04-14/iVooxApp 14-04-2026, 15.25.xcarchive/Products/Applications/ivooxNew.app/Frameworks/PaginatedScrollView.framework/PaginatedScrollView'>', hardenedRuntime='0'>'> are: {
}
2026-04-14 13:33:38 +0000  Writing entitlements for <IDEDistributionItem: 0x7c20c87e0; bundleID='org.cocoapods.PaginatedScrollView', path='<DVTFilePath:0x7c46c3db0:'/Users/clseva/Library/Developer/Xcode/Archives/2026-04-14/iVooxApp 14-04-2026, 15.25.xcarchive/Products/Applications/ivooxNew.app/Frameworks/PaginatedScrollView.framework'>', codeSigningInfo='<_DVTCodeSigningInformation_Path: 0x7c20c9560; isSigned='1', isAdHocSigned='0', signingCertificate='<DVTSigningCertificate: 0x7c45fa640; name='Apple Distribution: iVoox Global Podcasting Service SL (GXW5YSU35M)', hash='B0336B54C8EE75D6A73481A7B34B1F9C75AAF5D3', serialNumber='11B69D8EB5EF84EBF19CD9772E089711', certificateKinds='(
    "1.2.840.113635.100.6.1.7",
    "1.2.840.113635.100.6.1.4"
), issueDate='2026-02-13 22:07:26 +0000''>', entitlements='(null)', teamID='GXW5YSU35M', identifier='org.cocoapods.PaginatedScrollView', executablePath='<DVTFilePath:0x7c46c3f70:'/Users/clseva/Library/Developer/Xcode/Archives/2026-04-14/iVooxApp 14-04-2026, 15.25.xcarchive/Products/Applications/ivooxNew.app/Frameworks/PaginatedScrollView.framework/PaginatedScrollView'>', hardenedRuntime='0'>'> to: /var/folders/8p/5rgt27mj0jdb7dcpxdl3t5p80000gn/T/XcodeDistPipeline.~~~jGsUBi/entitlements~~~EBvR01
2026-04-14 13:33:38 +0000  invoking codesign: <NSConcreteTask: 0x79d8b4f00; launchPath='/usr/bin/codesign', arguments='(
    "-f",
    "-s",
    B0336B54C8EE75D6A73481A7B34B1F9C75AAF5D3,
    "--entitlements",
    "/var/folders/8p/5rgt27mj0jdb7dcpxdl3t5p80000gn/T/XcodeDistPipeline.~~~jGsUBi/entitlements~~~EBvR01",
    "--preserve-metadata=identifier,flags,runtime,launch-constraints,library-constraints",
    "--generate-entitlement-der",
    "--strip-disallowed-xattrs",
    "-vvv",
    "/var/folders/8p/5rgt27mj0jdb7dcpxdl3t5p80000gn/T/XcodeDistPipeline.~~~jGsUBi/Root/Payload/ivooxNew.app/Frameworks/PaginatedScrollView.framework"
)'>
2026-04-14 13:33:38 +0000  codesign output: /var/folders/8p/5rgt27mj0jdb7dcpxdl3t5p80000gn/T/XcodeDistPipeline.~~~jGsUBi/Root/Payload/ivooxNew.app/Frameworks/PaginatedScrollView.framework: replacing existing signature
/var/folders/8p/5rgt27mj0jdb7dcpxdl3t5p80000gn/T/XcodeDistPipeline.~~~jGsUBi/Root/Payload/ivooxNew.app/Frameworks/PaginatedScrollView.framework: signed bundle with Mach-O thin (arm64) [org.cocoapods.PaginatedScrollView]
2026-04-14 13:33:38 +0000  Entitlements for <IDEDistributionItem: 0x7c4b48f00; bundleID='org.cocoapods.PanModal', path='<DVTFilePath:0x7c46b3c60:'/Users/clseva/Library/Developer/Xcode/Archives/2026-04-14/iVooxApp 14-04-2026, 15.25.xcarchive/Products/Applications/ivooxNew.app/Frameworks/PanModal.framework'>', codeSigningInfo='<_DVTCodeSigningInformation_Path: 0x7c4b48ea0; isSigned='1', isAdHocSigned='0', signingCertificate='<DVTSigningCertificate: 0x7c45fbcc0; name='Apple Distribution: iVoox Global Podcasting Service SL (GXW5YSU35M)', hash='B0336B54C8EE75D6A73481A7B34B1F9C75AAF5D3', serialNumber='11B69D8EB5EF84EBF19CD9772E089711', certificateKinds='(
    "1.2.840.113635.100.6.1.7",
    "1.2.840.113635.100.6.1.4"
), issueDate='2026-02-13 22:07:26 +0000''>', entitlements='(null)', teamID='GXW5YSU35M', identifier='org.cocoapods.PanModal', executablePath='<DVTFilePath:0x7c49f9080:'/Users/clseva/Library/Developer/Xcode/Archives/2026-04-14/iVooxApp 14-04-2026, 15.25.xcarchive/Products/Applications/ivooxNew.app/Frameworks/PanModal.framework/PanModal'>', hardenedRuntime='0'>'>: {
}
2026-04-14 13:33:38 +0000  Associated App Clip Identifiers Filter: Skipping because "com.apple.developer.associated-appclip-app-identifiers" is not present
2026-04-14 13:33:38 +0000  Entitlements for <IDEDistributionItem: 0x7c4b48f00; bundleID='org.cocoapods.PanModal', path='<DVTFilePath:0x7c46b3c60:'/Users/clseva/Library/Developer/Xcode/Archives/2026-04-14/iVooxApp 14-04-2026, 15.25.xcarchive/Products/Applications/ivooxNew.app/Frameworks/PanModal.framework'>', codeSigningInfo='<_DVTCodeSigningInformation_Path: 0x7c4b48ea0; isSigned='1', isAdHocSigned='0', signingCertificate='<DVTSigningCertificate: 0x7c45fa640; name='Apple Distribution: iVoox Global Podcasting Service SL (GXW5YSU35M)', hash='B0336B54C8EE75D6A73481A7B34B1F9C75AAF5D3', serialNumber='11B69D8EB5EF84EBF19CD9772E089711', certificateKinds='(
    "1.2.840.113635.100.6.1.7",
    "1.2.840.113635.100.6.1.4"
), issueDate='2026-02-13 22:07:26 +0000''>', entitlements='(null)', teamID='GXW5YSU35M', identifier='org.cocoapods.PanModal', executablePath='<DVTFilePath:0x7c49f9080:'/Users/clseva/Library/Developer/Xcode/Archives/2026-04-14/iVooxApp 14-04-2026, 15.25.xcarchive/Products/Applications/ivooxNew.app/Frameworks/PanModal.framework/PanModal'>', hardenedRuntime='0'>'> are: {
}
2026-04-14 13:33:38 +0000  Writing entitlements for <IDEDistributionItem: 0x7c4b48f00; bundleID='org.cocoapods.PanModal', path='<DVTFilePath:0x7c46b3c60:'/Users/clseva/Library/Developer/Xcode/Archives/2026-04-14/iVooxApp 14-04-2026, 15.25.xcarchive/Products/Applications/ivooxNew.app/Frameworks/PanModal.framework'>', codeSigningInfo='<_DVTCodeSigningInformation_Path: 0x7c4b48ea0; isSigned='1', isAdHocSigned='0', signingCertificate='<DVTSigningCertificate: 0x7c45fa640; name='Apple Distribution: iVoox Global Podcasting Service SL (GXW5YSU35M)', hash='B0336B54C8EE75D6A73481A7B34B1F9C75AAF5D3', serialNumber='11B69D8EB5EF84EBF19CD9772E089711', certificateKinds='(
    "1.2.840.113635.100.6.1.7",
    "1.2.840.113635.100.6.1.4"
), issueDate='2026-02-13 22:07:26 +0000''>', entitlements='(null)', teamID='GXW5YSU35M', identifier='org.cocoapods.PanModal', executablePath='<DVTFilePath:0x7c49f9080:'/Users/clseva/Library/Developer/Xcode/Archives/2026-04-14/iVooxApp 14-04-2026, 15.25.xcarchive/Products/Applications/ivooxNew.app/Frameworks/PanModal.framework/PanModal'>', hardenedRuntime='0'>'> to: /var/folders/8p/5rgt27mj0jdb7dcpxdl3t5p80000gn/T/XcodeDistPipeline.~~~jGsUBi/entitlements~~~AjcDHR
2026-04-14 13:33:38 +0000  invoking codesign: <NSConcreteTask: 0x79d8b4f00; launchPath='/usr/bin/codesign', arguments='(
    "-f",
    "-s",
    B0336B54C8EE75D6A73481A7B34B1F9C75AAF5D3,
    "--entitlements",
    "/var/folders/8p/5rgt27mj0jdb7dcpxdl3t5p80000gn/T/XcodeDistPipeline.~~~jGsUBi/entitlements~~~AjcDHR",
    "--preserve-metadata=identifier,flags,runtime,launch-constraints,library-constraints",
    "--generate-entitlement-der",
    "--strip-disallowed-xattrs",
    "-vvv",
    "/var/folders/8p/5rgt27mj0jdb7dcpxdl3t5p80000gn/T/XcodeDistPipeline.~~~jGsUBi/Root/Payload/ivooxNew.app/Frameworks/PanModal.framework"
)'>
2026-04-14 13:33:38 +0000  codesign output: /var/folders/8p/5rgt27mj0jdb7dcpxdl3t5p80000gn/T/XcodeDistPipeline.~~~jGsUBi/Root/Payload/ivooxNew.app/Frameworks/PanModal.framework: replacing existing signature
/var/folders/8p/5rgt27mj0jdb7dcpxdl3t5p80000gn/T/XcodeDistPipeline.~~~jGsUBi/Root/Payload/ivooxNew.app/Frameworks/PanModal.framework: signed bundle with Mach-O thin (arm64) [org.cocoapods.PanModal]
2026-04-14 13:33:38 +0000  Entitlements for <IDEDistributionItem: 0x7c4b49380; bundleID='com.permutive.permutive-ios', path='<DVTFilePath:0x7c46b1420:'/Users/clseva/Library/Developer/Xcode/Archives/2026-04-14/iVooxApp 14-04-2026, 15.25.xcarchive/Products/Applications/ivooxNew.app/Frameworks/Permutive_iOS.framework'>', codeSigningInfo='<_DVTCodeSigningInformation_Path: 0x7c421a640; isSigned='1', isAdHocSigned='0', signingCertificate='<DVTSigningCertificate: 0x7c45fa040; name='Apple Distribution: iVoox Global Podcasting Service SL (GXW5YSU35M)', hash='B0336B54C8EE75D6A73481A7B34B1F9C75AAF5D3', serialNumber='11B69D8EB5EF84EBF19CD9772E089711', certificateKinds='(
    "1.2.840.113635.100.6.1.7",
    "1.2.840.113635.100.6.1.4"
), issueDate='2026-02-13 22:07:26 +0000''>', entitlements='(null)', teamID='GXW5YSU35M', identifier='com.permutive.permutive-ios', executablePath='<DVTFilePath:0x7c49b7f60:'/Users/clseva/Library/Developer/Xcode/Archives/2026-04-14/iVooxApp 14-04-2026, 15.25.xcarchive/Products/Applications/ivooxNew.app/Frameworks/Permutive_iOS.framework/Permutive_iOS'>', hardenedRuntime='0'>'>: {
}
2026-04-14 13:33:38 +0000  Associated App Clip Identifiers Filter: Skipping because "com.apple.developer.associated-appclip-app-identifiers" is not present
2026-04-14 13:33:38 +0000  Entitlements for <IDEDistributionItem: 0x7c4b49380; bundleID='com.permutive.permutive-ios', path='<DVTFilePath:0x7c46b1420:'/Users/clseva/Library/Developer/Xcode/Archives/2026-04-14/iVooxApp 14-04-2026, 15.25.xcarchive/Products/Applications/ivooxNew.app/Frameworks/Permutive_iOS.framework'>', codeSigningInfo='<_DVTCodeSigningInformation_Path: 0x7c421a640; isSigned='1', isAdHocSigned='0', signingCertificate='<DVTSigningCertificate: 0x7c45fa640; name='Apple Distribution: iVoox Global Podcasting Service SL (GXW5YSU35M)', hash='B0336B54C8EE75D6A73481A7B34B1F9C75AAF5D3', serialNumber='11B69D8EB5EF84EBF19CD9772E089711', certificateKinds='(
    "1.2.840.113635.100.6.1.7",
    "1.2.840.113635.100.6.1.4"
), issueDate='2026-02-13 22:07:26 +0000''>', entitlements='(null)', teamID='GXW5YSU35M', identifier='com.permutive.permutive-ios', executablePath='<DVTFilePath:0x7c49b7f60:'/Users/clseva/Library/Developer/Xcode/Archives/2026-04-14/iVooxApp 14-04-2026, 15.25.xcarchive/Products/Applications/ivooxNew.app/Frameworks/Permutive_iOS.framework/Permutive_iOS'>', hardenedRuntime='0'>'> are: {
}
2026-04-14 13:33:38 +0000  Writing entitlements for <IDEDistributionItem: 0x7c4b49380; bundleID='com.permutive.permutive-ios', path='<DVTFilePath:0x7c46b1420:'/Users/clseva/Library/Developer/Xcode/Archives/2026-04-14/iVooxApp 14-04-2026, 15.25.xcarchive/Products/Applications/ivooxNew.app/Frameworks/Permutive_iOS.framework'>', codeSigningInfo='<_DVTCodeSigningInformation_Path: 0x7c421a640; isSigned='1', isAdHocSigned='0', signingCertificate='<DVTSigningCertificate: 0x7c45fa640; name='Apple Distribution: iVoox Global Podcasting Service SL (GXW5YSU35M)', hash='B0336B54C8EE75D6A73481A7B34B1F9C75AAF5D3', serialNumber='11B69D8EB5EF84EBF19CD9772E089711', certificateKinds='(
    "1.2.840.113635.100.6.1.7",
    "1.2.840.113635.100.6.1.4"
), issueDate='2026-02-13 22:07:26 +0000''>', entitlements='(null)', teamID='GXW5YSU35M', identifier='com.permutive.permutive-ios', executablePath='<DVTFilePath:0x7c49b7f60:'/Users/clseva/Library/Developer/Xcode/Archives/2026-04-14/iVooxApp 14-04-2026, 15.25.xcarchive/Products/Applications/ivooxNew.app/Frameworks/Permutive_iOS.framework/Permutive_iOS'>', hardenedRuntime='0'>'> to: /var/folders/8p/5rgt27mj0jdb7dcpxdl3t5p80000gn/T/XcodeDistPipeline.~~~jGsUBi/entitlements~~~iEomh6
2026-04-14 13:33:38 +0000  invoking codesign: <NSConcreteTask: 0x79df04820; launchPath='/usr/bin/codesign', arguments='(
    "-f",
    "-s",
    B0336B54C8EE75D6A73481A7B34B1F9C75AAF5D3,
    "--entitlements",
    "/var/folders/8p/5rgt27mj0jdb7dcpxdl3t5p80000gn/T/XcodeDistPipeline.~~~jGsUBi/entitlements~~~iEomh6",
    "--preserve-metadata=identifier,flags,runtime,launch-constraints,library-constraints",
    "--generate-entitlement-der",
    "--strip-disallowed-xattrs",
    "-vvv",
    "/var/folders/8p/5rgt27mj0jdb7dcpxdl3t5p80000gn/T/XcodeDistPipeline.~~~jGsUBi/Root/Payload/ivooxNew.app/Frameworks/Permutive_iOS.framework"
)'>
2026-04-14 13:33:38 +0000  codesign output: /var/folders/8p/5rgt27mj0jdb7dcpxdl3t5p80000gn/T/XcodeDistPipeline.~~~jGsUBi/Root/Payload/ivooxNew.app/Frameworks/Permutive_iOS.framework: replacing existing signature
/var/folders/8p/5rgt27mj0jdb7dcpxdl3t5p80000gn/T/XcodeDistPipeline.~~~jGsUBi/Root/Payload/ivooxNew.app/Frameworks/Permutive_iOS.framework: signed bundle with Mach-O thin (arm64) [com.permutive.permutive-ios]
2026-04-14 13:33:38 +0000  Entitlements for <IDEDistributionItem: 0x7c4b49200; bundleID='org.cocoapods.PromiseKit', path='<DVTFilePath:0x7c46c1260:'/Users/clseva/Library/Developer/Xcode/Archives/2026-04-14/iVooxApp 14-04-2026, 15.25.xcarchive/Products/Applications/ivooxNew.app/Frameworks/PromiseKit.framework'>', codeSigningInfo='<_DVTCodeSigningInformation_Path: 0x7c4b49260; isSigned='1', isAdHocSigned='0', signingCertificate='<DVTSigningCertificate: 0x7c45fa040; name='Apple Distribution: iVoox Global Podcasting Service SL (GXW5YSU35M)', hash='B0336B54C8EE75D6A73481A7B34B1F9C75AAF5D3', serialNumber='11B69D8EB5EF84EBF19CD9772E089711', certificateKinds='(
    "1.2.840.113635.100.6.1.7",
    "1.2.840.113635.100.6.1.4"
), issueDate='2026-02-13 22:07:26 +0000''>', entitlements='(null)', teamID='GXW5YSU35M', identifier='org.cocoapods.PromiseKit', executablePath='<DVTFilePath:0x7c4a15ce0:'/Users/clseva/Library/Developer/Xcode/Archives/2026-04-14/iVooxApp 14-04-2026, 15.25.xcarchive/Products/Applications/ivooxNew.app/Frameworks/PromiseKit.framework/PromiseKit'>', hardenedRuntime='0'>'>: {
}
2026-04-14 13:33:38 +0000  Associated App Clip Identifiers Filter: Skipping because "com.apple.developer.associated-appclip-app-identifiers" is not present
2026-04-14 13:33:38 +0000  Entitlements for <IDEDistributionItem: 0x7c4b49200; bundleID='org.cocoapods.PromiseKit', path='<DVTFilePath:0x7c46c1260:'/Users/clseva/Library/Developer/Xcode/Archives/2026-04-14/iVooxApp 14-04-2026, 15.25.xcarchive/Products/Applications/ivooxNew.app/Frameworks/PromiseKit.framework'>', codeSigningInfo='<_DVTCodeSigningInformation_Path: 0x7c4b49260; isSigned='1', isAdHocSigned='0', signingCertificate='<DVTSigningCertificate: 0x7c45fb540; name='Apple Distribution: iVoox Global Podcasting Service SL (GXW5YSU35M)', hash='B0336B54C8EE75D6A73481A7B34B1F9C75AAF5D3', serialNumber='11B69D8EB5EF84EBF19CD9772E089711', certificateKinds='(
    "1.2.840.113635.100.6.1.7",
    "1.2.840.113635.100.6.1.4"
), issueDate='2026-02-13 22:07:26 +0000''>', entitlements='(null)', teamID='GXW5YSU35M', identifier='org.cocoapods.PromiseKit', executablePath='<DVTFilePath:0x7c4a15ce0:'/Users/clseva/Library/Developer/Xcode/Archives/2026-04-14/iVooxApp 14-04-2026, 15.25.xcarchive/Products/Applications/ivooxNew.app/Frameworks/PromiseKit.framework/PromiseKit'>', hardenedRuntime='0'>'> are: {
}
2026-04-14 13:33:38 +0000  Writing entitlements for <IDEDistributionItem: 0x7c4b49200; bundleID='org.cocoapods.PromiseKit', path='<DVTFilePath:0x7c46c1260:'/Users/clseva/Library/Developer/Xcode/Archives/2026-04-14/iVooxApp 14-04-2026, 15.25.xcarchive/Products/Applications/ivooxNew.app/Frameworks/PromiseKit.framework'>', codeSigningInfo='<_DVTCodeSigningInformation_Path: 0x7c4b49260; isSigned='1', isAdHocSigned='0', signingCertificate='<DVTSigningCertificate: 0x7c45fb540; name='Apple Distribution: iVoox Global Podcasting Service SL (GXW5YSU35M)', hash='B0336B54C8EE75D6A73481A7B34B1F9C75AAF5D3', serialNumber='11B69D8EB5EF84EBF19CD9772E089711', certificateKinds='(
    "1.2.840.113635.100.6.1.7",
    "1.2.840.113635.100.6.1.4"
), issueDate='2026-02-13 22:07:26 +0000''>', entitlements='(null)', teamID='GXW5YSU35M', identifier='org.cocoapods.PromiseKit', executablePath='<DVTFilePath:0x7c4a15ce0:'/Users/clseva/Library/Developer/Xcode/Archives/2026-04-14/iVooxApp 14-04-2026, 15.25.xcarchive/Products/Applications/ivooxNew.app/Frameworks/PromiseKit.framework/PromiseKit'>', hardenedRuntime='0'>'> to: /var/folders/8p/5rgt27mj0jdb7dcpxdl3t5p80000gn/T/XcodeDistPipeline.~~~jGsUBi/entitlements~~~xZrY3M
2026-04-14 13:33:38 +0000  invoking codesign: <NSConcreteTask: 0x7a2042260; launchPath='/usr/bin/codesign', arguments='(
    "-f",
    "-s",
    B0336B54C8EE75D6A73481A7B34B1F9C75AAF5D3,
    "--entitlements",
    "/var/folders/8p/5rgt27mj0jdb7dcpxdl3t5p80000gn/T/XcodeDistPipeline.~~~jGsUBi/entitlements~~~xZrY3M",
    "--preserve-metadata=identifier,flags,runtime,launch-constraints,library-constraints",
    "--generate-entitlement-der",
    "--strip-disallowed-xattrs",
    "-vvv",
    "/var/folders/8p/5rgt27mj0jdb7dcpxdl3t5p80000gn/T/XcodeDistPipeline.~~~jGsUBi/Root/Payload/ivooxNew.app/Frameworks/PromiseKit.framework"
)'>
2026-04-14 13:33:38 +0000  codesign output: /var/folders/8p/5rgt27mj0jdb7dcpxdl3t5p80000gn/T/XcodeDistPipeline.~~~jGsUBi/Root/Payload/ivooxNew.app/Frameworks/PromiseKit.framework: replacing existing signature
/var/folders/8p/5rgt27mj0jdb7dcpxdl3t5p80000gn/T/XcodeDistPipeline.~~~jGsUBi/Root/Payload/ivooxNew.app/Frameworks/PromiseKit.framework: signed bundle with Mach-O thin (arm64) [org.cocoapods.PromiseKit]
2026-04-14 13:33:38 +0000  Entitlements for <IDEDistributionItem: 0x7c4b4a100; bundleID='org.cocoapods.Promises', path='<DVTFilePath:0x7c46b3aa0:'/Users/clseva/Library/Developer/Xcode/Archives/2026-04-14/iVooxApp 14-04-2026, 15.25.xcarchive/Products/Applications/ivooxNew.app/Frameworks/Promises.framework'>', codeSigningInfo='<_DVTCodeSigningInformation_Path: 0x7c4b4b9c0; isSigned='1', isAdHocSigned='0', signingCertificate='<DVTSigningCertificate: 0x7c45fa040; name='Apple Distribution: iVoox Global Podcasting Service SL (GXW5YSU35M)', hash='B0336B54C8EE75D6A73481A7B34B1F9C75AAF5D3', serialNumber='11B69D8EB5EF84EBF19CD9772E089711', certificateKinds='(
    "1.2.840.113635.100.6.1.7",
    "1.2.840.113635.100.6.1.4"
), issueDate='2026-02-13 22:07:26 +0000''>', entitlements='(null)', teamID='GXW5YSU35M', identifier='org.cocoapods.Promises', executablePath='<DVTFilePath:0x7c49f8660:'/Users/clseva/Library/Developer/Xcode/Archives/2026-04-14/iVooxApp 14-04-2026, 15.25.xcarchive/Products/Applications/ivooxNew.app/Frameworks/Promises.framework/Promises'>', hardenedRuntime='0'>'>: {
}
2026-04-14 13:33:38 +0000  Associated App Clip Identifiers Filter: Skipping because "com.apple.developer.associated-appclip-app-identifiers" is not present
2026-04-14 13:33:38 +0000  Entitlements for <IDEDistributionItem: 0x7c4b4a100; bundleID='org.cocoapods.Promises', path='<DVTFilePath:0x7c46b3aa0:'/Users/clseva/Library/Developer/Xcode/Archives/2026-04-14/iVooxApp 14-04-2026, 15.25.xcarchive/Products/Applications/ivooxNew.app/Frameworks/Promises.framework'>', codeSigningInfo='<_DVTCodeSigningInformation_Path: 0x7c4b4b9c0; isSigned='1', isAdHocSigned='0', signingCertificate='<DVTSigningCertificate: 0x7c45fb540; name='Apple Distribution: iVoox Global Podcasting Service SL (GXW5YSU35M)', hash='B0336B54C8EE75D6A73481A7B34B1F9C75AAF5D3', serialNumber='11B69D8EB5EF84EBF19CD9772E089711', certificateKinds='(
    "1.2.840.113635.100.6.1.7",
    "1.2.840.113635.100.6.1.4"
), issueDate='2026-02-13 22:07:26 +0000''>', entitlements='(null)', teamID='GXW5YSU35M', identifier='org.cocoapods.Promises', executablePath='<DVTFilePath:0x7c49f8660:'/Users/clseva/Library/Developer/Xcode/Archives/2026-04-14/iVooxApp 14-04-2026, 15.25.xcarchive/Products/Applications/ivooxNew.app/Frameworks/Promises.framework/Promises'>', hardenedRuntime='0'>'> are: {
}
2026-04-14 13:33:38 +0000  Writing entitlements for <IDEDistributionItem: 0x7c4b4a100; bundleID='org.cocoapods.Promises', path='<DVTFilePath:0x7c46b3aa0:'/Users/clseva/Library/Developer/Xcode/Archives/2026-04-14/iVooxApp 14-04-2026, 15.25.xcarchive/Products/Applications/ivooxNew.app/Frameworks/Promises.framework'>', codeSigningInfo='<_DVTCodeSigningInformation_Path: 0x7c4b4b9c0; isSigned='1', isAdHocSigned='0', signingCertificate='<DVTSigningCertificate: 0x7c45fb540; name='Apple Distribution: iVoox Global Podcasting Service SL (GXW5YSU35M)', hash='B0336B54C8EE75D6A73481A7B34B1F9C75AAF5D3', serialNumber='11B69D8EB5EF84EBF19CD9772E089711', certificateKinds='(
    "1.2.840.113635.100.6.1.7",
    "1.2.840.113635.100.6.1.4"
), issueDate='2026-02-13 22:07:26 +0000''>', entitlements='(null)', teamID='GXW5YSU35M', identifier='org.cocoapods.Promises', executablePath='<DVTFilePath:0x7c49f8660:'/Users/clseva/Library/Developer/Xcode/Archives/2026-04-14/iVooxApp 14-04-2026, 15.25.xcarchive/Products/Applications/ivooxNew.app/Frameworks/Promises.framework/Promises'>', hardenedRuntime='0'>'> to: /var/folders/8p/5rgt27mj0jdb7dcpxdl3t5p80000gn/T/XcodeDistPipeline.~~~jGsUBi/entitlements~~~P3rWdd
2026-04-14 13:33:38 +0000  invoking codesign: <NSConcreteTask: 0x7a2042260; launchPath='/usr/bin/codesign', arguments='(
    "-f",
    "-s",
    B0336B54C8EE75D6A73481A7B34B1F9C75AAF5D3,
    "--entitlements",
    "/var/folders/8p/5rgt27mj0jdb7dcpxdl3t5p80000gn/T/XcodeDistPipeline.~~~jGsUBi/entitlements~~~P3rWdd",
    "--preserve-metadata=identifier,flags,runtime,launch-constraints,library-constraints",
    "--generate-entitlement-der",
    "--strip-disallowed-xattrs",
    "-vvv",
    "/var/folders/8p/5rgt27mj0jdb7dcpxdl3t5p80000gn/T/XcodeDistPipeline.~~~jGsUBi/Root/Payload/ivooxNew.app/Frameworks/Promises.framework"
)'>
2026-04-14 13:33:39 +0000  codesign output: /var/folders/8p/5rgt27mj0jdb7dcpxdl3t5p80000gn/T/XcodeDistPipeline.~~~jGsUBi/Root/Payload/ivooxNew.app/Frameworks/Promises.framework: replacing existing signature
/var/folders/8p/5rgt27mj0jdb7dcpxdl3t5p80000gn/T/XcodeDistPipeline.~~~jGsUBi/Root/Payload/ivooxNew.app/Frameworks/Promises.framework: signed bundle with Mach-O thin (arm64) [org.cocoapods.Promises]
2026-04-14 13:33:39 +0000  Entitlements for <IDEDistributionItem: 0x7c421a0a0; bundleID='org.cocoapods.SkeletonView', path='<DVTFilePath:0x7c46c1340:'/Users/clseva/Library/Developer/Xcode/Archives/2026-04-14/iVooxApp 14-04-2026, 15.25.xcarchive/Products/Applications/ivooxNew.app/Frameworks/SkeletonView.framework'>', codeSigningInfo='<_DVTCodeSigningInformation_Path: 0x7c421a220; isSigned='1', isAdHocSigned='0', signingCertificate='<DVTSigningCertificate: 0x7c45fa040; name='Apple Distribution: iVoox Global Podcasting Service SL (GXW5YSU35M)', hash='B0336B54C8EE75D6A73481A7B34B1F9C75AAF5D3', serialNumber='11B69D8EB5EF84EBF19CD9772E089711', certificateKinds='(
    "1.2.840.113635.100.6.1.7",
    "1.2.840.113635.100.6.1.4"
), issueDate='2026-02-13 22:07:26 +0000''>', entitlements='(null)', teamID='GXW5YSU35M', identifier='org.cocoapods.SkeletonView', executablePath='<DVTFilePath:0x7c4a169a0:'/Users/clseva/Library/Developer/Xcode/Archives/2026-04-14/iVooxApp 14-04-2026, 15.25.xcarchive/Products/Applications/ivooxNew.app/Frameworks/SkeletonView.framework/SkeletonView'>', hardenedRuntime='0'>'>: {
}
2026-04-14 13:33:39 +0000  Associated App Clip Identifiers Filter: Skipping because "com.apple.developer.associated-appclip-app-identifiers" is not present
2026-04-14 13:33:39 +0000  Entitlements for <IDEDistributionItem: 0x7c421a0a0; bundleID='org.cocoapods.SkeletonView', path='<DVTFilePath:0x7c46c1340:'/Users/clseva/Library/Developer/Xcode/Archives/2026-04-14/iVooxApp 14-04-2026, 15.25.xcarchive/Products/Applications/ivooxNew.app/Frameworks/SkeletonView.framework'>', codeSigningInfo='<_DVTCodeSigningInformation_Path: 0x7c421a220; isSigned='1', isAdHocSigned='0', signingCertificate='<DVTSigningCertificate: 0x7c45fb540; name='Apple Distribution: iVoox Global Podcasting Service SL (GXW5YSU35M)', hash='B0336B54C8EE75D6A73481A7B34B1F9C75AAF5D3', serialNumber='11B69D8EB5EF84EBF19CD9772E089711', certificateKinds='(
    "1.2.840.113635.100.6.1.7",
    "1.2.840.113635.100.6.1.4"
), issueDate='2026-02-13 22:07:26 +0000''>', entitlements='(null)', teamID='GXW5YSU35M', identifier='org.cocoapods.SkeletonView', executablePath='<DVTFilePath:0x7c4a169a0:'/Users/clseva/Library/Developer/Xcode/Archives/2026-04-14/iVooxApp 14-04-2026, 15.25.xcarchive/Products/Applications/ivooxNew.app/Frameworks/SkeletonView.framework/SkeletonView'>', hardenedRuntime='0'>'> are: {
}
2026-04-14 13:33:39 +0000  Writing entitlements for <IDEDistributionItem: 0x7c421a0a0; bundleID='org.cocoapods.SkeletonView', path='<DVTFilePath:0x7c46c1340:'/Users/clseva/Library/Developer/Xcode/Archives/2026-04-14/iVooxApp 14-04-2026, 15.25.xcarchive/Products/Applications/ivooxNew.app/Frameworks/SkeletonView.framework'>', codeSigningInfo='<_DVTCodeSigningInformation_Path: 0x7c421a220; isSigned='1', isAdHocSigned='0', signingCertificate='<DVTSigningCertificate: 0x7c45fb540; name='Apple Distribution: iVoox Global Podcasting Service SL (GXW5YSU35M)', hash='B0336B54C8EE75D6A73481A7B34B1F9C75AAF5D3', serialNumber='11B69D8EB5EF84EBF19CD9772E089711', certificateKinds='(
    "1.2.840.113635.100.6.1.7",
    "1.2.840.113635.100.6.1.4"
), issueDate='2026-02-13 22:07:26 +0000''>', entitlements='(null)', teamID='GXW5YSU35M', identifier='org.cocoapods.SkeletonView', executablePath='<DVTFilePath:0x7c4a169a0:'/Users/clseva/Library/Developer/Xcode/Archives/2026-04-14/iVooxApp 14-04-2026, 15.25.xcarchive/Products/Applications/ivooxNew.app/Frameworks/SkeletonView.framework/SkeletonView'>', hardenedRuntime='0'>'> to: /var/folders/8p/5rgt27mj0jdb7dcpxdl3t5p80000gn/T/XcodeDistPipeline.~~~jGsUBi/entitlements~~~OryDiS
2026-04-14 13:33:39 +0000  invoking codesign: <NSConcreteTask: 0x7a2042260; launchPath='/usr/bin/codesign', arguments='(
    "-f",
    "-s",
    B0336B54C8EE75D6A73481A7B34B1F9C75AAF5D3,
    "--entitlements",
    "/var/folders/8p/5rgt27mj0jdb7dcpxdl3t5p80000gn/T/XcodeDistPipeline.~~~jGsUBi/entitlements~~~OryDiS",
    "--preserve-metadata=identifier,flags,runtime,launch-constraints,library-constraints",
    "--generate-entitlement-der",
    "--strip-disallowed-xattrs",
    "-vvv",
    "/var/folders/8p/5rgt27mj0jdb7dcpxdl3t5p80000gn/T/XcodeDistPipeline.~~~jGsUBi/Root/Payload/ivooxNew.app/Frameworks/SkeletonView.framework"
)'>
2026-04-14 13:33:39 +0000  codesign output: /var/folders/8p/5rgt27mj0jdb7dcpxdl3t5p80000gn/T/XcodeDistPipeline.~~~jGsUBi/Root/Payload/ivooxNew.app/Frameworks/SkeletonView.framework: replacing existing signature
/var/folders/8p/5rgt27mj0jdb7dcpxdl3t5p80000gn/T/XcodeDistPipeline.~~~jGsUBi/Root/Payload/ivooxNew.app/Frameworks/SkeletonView.framework: signed bundle with Mach-O thin (arm64) [org.cocoapods.SkeletonView]
2026-04-14 13:33:39 +0000  Entitlements for <IDEDistributionItem: 0x7c4907600; bundleID='org.cocoapods.SwipeCellKit', path='<DVTFilePath:0x7c46b2f40:'/Users/clseva/Library/Developer/Xcode/Archives/2026-04-14/iVooxApp 14-04-2026, 15.25.xcarchive/Products/Applications/ivooxNew.app/Frameworks/SwipeCellKit.framework'>', codeSigningInfo='<_DVTCodeSigningInformation_Path: 0x7c4219e60; isSigned='1', isAdHocSigned='0', signingCertificate='<DVTSigningCertificate: 0x7c45fa040; name='Apple Distribution: iVoox Global Podcasting Service SL (GXW5YSU35M)', hash='B0336B54C8EE75D6A73481A7B34B1F9C75AAF5D3', serialNumber='11B69D8EB5EF84EBF19CD9772E089711', certificateKinds='(
    "1.2.840.113635.100.6.1.7",
    "1.2.840.113635.100.6.1.4"
), issueDate='2026-02-13 22:07:26 +0000''>', entitlements='(null)', teamID='GXW5YSU35M', identifier='org.cocoapods.SwipeCellKit', executablePath='<DVTFilePath:0x7c49e5e60:'/Users/clseva/Library/Developer/Xcode/Archives/2026-04-14/iVooxApp 14-04-2026, 15.25.xcarchive/Products/Applications/ivooxNew.app/Frameworks/SwipeCellKit.framework/SwipeCellKit'>', hardenedRuntime='0'>'>: {
}
2026-04-14 13:33:39 +0000  Associated App Clip Identifiers Filter: Skipping because "com.apple.developer.associated-appclip-app-identifiers" is not present
2026-04-14 13:33:39 +0000  Entitlements for <IDEDistributionItem: 0x7c4907600; bundleID='org.cocoapods.SwipeCellKit', path='<DVTFilePath:0x7c46b2f40:'/Users/clseva/Library/Developer/Xcode/Archives/2026-04-14/iVooxApp 14-04-2026, 15.25.xcarchive/Products/Applications/ivooxNew.app/Frameworks/SwipeCellKit.framework'>', codeSigningInfo='<_DVTCodeSigningInformation_Path: 0x7c4219e60; isSigned='1', isAdHocSigned='0', signingCertificate='<DVTSigningCertificate: 0x7c45fb540; name='Apple Distribution: iVoox Global Podcasting Service SL (GXW5YSU35M)', hash='B0336B54C8EE75D6A73481A7B34B1F9C75AAF5D3', serialNumber='11B69D8EB5EF84EBF19CD9772E089711', certificateKinds='(
    "1.2.840.113635.100.6.1.7",
    "1.2.840.113635.100.6.1.4"
), issueDate='2026-02-13 22:07:26 +0000''>', entitlements='(null)', teamID='GXW5YSU35M', identifier='org.cocoapods.SwipeCellKit', executablePath='<DVTFilePath:0x7c49e5e60:'/Users/clseva/Library/Developer/Xcode/Archives/2026-04-14/iVooxApp 14-04-2026, 15.25.xcarchive/Products/Applications/ivooxNew.app/Frameworks/SwipeCellKit.framework/SwipeCellKit'>', hardenedRuntime='0'>'> are: {
}
2026-04-14 13:33:39 +0000  Writing entitlements for <IDEDistributionItem: 0x7c4907600; bundleID='org.cocoapods.SwipeCellKit', path='<DVTFilePath:0x7c46b2f40:'/Users/clseva/Library/Developer/Xcode/Archives/2026-04-14/iVooxApp 14-04-2026, 15.25.xcarchive/Products/Applications/ivooxNew.app/Frameworks/SwipeCellKit.framework'>', codeSigningInfo='<_DVTCodeSigningInformation_Path: 0x7c4219e60; isSigned='1', isAdHocSigned='0', signingCertificate='<DVTSigningCertificate: 0x7c45fb540; name='Apple Distribution: iVoox Global Podcasting Service SL (GXW5YSU35M)', hash='B0336B54C8EE75D6A73481A7B34B1F9C75AAF5D3', serialNumber='11B69D8EB5EF84EBF19CD9772E089711', certificateKinds='(
    "1.2.840.113635.100.6.1.7",
    "1.2.840.113635.100.6.1.4"
), issueDate='2026-02-13 22:07:26 +0000''>', entitlements='(null)', teamID='GXW5YSU35M', identifier='org.cocoapods.SwipeCellKit', executablePath='<DVTFilePath:0x7c49e5e60:'/Users/clseva/Library/Developer/Xcode/Archives/2026-04-14/iVooxApp 14-04-2026, 15.25.xcarchive/Products/Applications/ivooxNew.app/Frameworks/SwipeCellKit.framework/SwipeCellKit'>', hardenedRuntime='0'>'> to: /var/folders/8p/5rgt27mj0jdb7dcpxdl3t5p80000gn/T/XcodeDistPipeline.~~~jGsUBi/entitlements~~~zdVYhI
2026-04-14 13:33:39 +0000  invoking codesign: <NSConcreteTask: 0x7a2042260; launchPath='/usr/bin/codesign', arguments='(
    "-f",
    "-s",
    B0336B54C8EE75D6A73481A7B34B1F9C75AAF5D3,
    "--entitlements",
    "/var/folders/8p/5rgt27mj0jdb7dcpxdl3t5p80000gn/T/XcodeDistPipeline.~~~jGsUBi/entitlements~~~zdVYhI",
    "--preserve-metadata=identifier,flags,runtime,launch-constraints,library-constraints",
    "--generate-entitlement-der",
    "--strip-disallowed-xattrs",
    "-vvv",
    "/var/folders/8p/5rgt27mj0jdb7dcpxdl3t5p80000gn/T/XcodeDistPipeline.~~~jGsUBi/Root/Payload/ivooxNew.app/Frameworks/SwipeCellKit.framework"
)'>
2026-04-14 13:33:39 +0000  codesign output: /var/folders/8p/5rgt27mj0jdb7dcpxdl3t5p80000gn/T/XcodeDistPipeline.~~~jGsUBi/Root/Payload/ivooxNew.app/Frameworks/SwipeCellKit.framework: replacing existing signature
/var/folders/8p/5rgt27mj0jdb7dcpxdl3t5p80000gn/T/XcodeDistPipeline.~~~jGsUBi/Root/Payload/ivooxNew.app/Frameworks/SwipeCellKit.framework: signed bundle with Mach-O thin (arm64) [org.cocoapods.SwipeCellKit]
2026-04-14 13:33:39 +0000  Entitlements for <IDEDistributionItem: 0x7c4b4a460; bundleID='org.cocoapods.TTTLocalizedPluralString', path='<DVTFilePath:0x79dab6e80:'/Users/clseva/Library/Developer/Xcode/Archives/2026-04-14/iVooxApp 14-04-2026, 15.25.xcarchive/Products/Applications/ivooxNew.app/Frameworks/TTTLocalizedPluralString.framework'>', codeSigningInfo='<_DVTCodeSigningInformation_Path: 0x7c4b4b600; isSigned='1', isAdHocSigned='0', signingCertificate='<DVTSigningCertificate: 0x7c45fa040; name='Apple Distribution: iVoox Global Podcasting Service SL (GXW5YSU35M)', hash='B0336B54C8EE75D6A73481A7B34B1F9C75AAF5D3', serialNumber='11B69D8EB5EF84EBF19CD9772E089711', certificateKinds='(
    "1.2.840.113635.100.6.1.7",
    "1.2.840.113635.100.6.1.4"
), issueDate='2026-02-13 22:07:26 +0000''>', entitlements='(null)', teamID='GXW5YSU35M', identifier='org.cocoapods.TTTLocalizedPluralString', executablePath='<DVTFilePath:0x7c46b3b80:'/Users/clseva/Library/Developer/Xcode/Archives/2026-04-14/iVooxApp 14-04-2026, 15.25.xcarchive/Products/Applications/ivooxNew.app/Frameworks/TTTLocalizedPluralString.framework/TTTLocalizedPluralString'>', hardenedRuntime='0'>'>: {
}
2026-04-14 13:33:39 +0000  Associated App Clip Identifiers Filter: Skipping because "com.apple.developer.associated-appclip-app-identifiers" is not present
2026-04-14 13:33:39 +0000  Entitlements for <IDEDistributionItem: 0x7c4b4a460; bundleID='org.cocoapods.TTTLocalizedPluralString', path='<DVTFilePath:0x79dab6e80:'/Users/clseva/Library/Developer/Xcode/Archives/2026-04-14/iVooxApp 14-04-2026, 15.25.xcarchive/Products/Applications/ivooxNew.app/Frameworks/TTTLocalizedPluralString.framework'>', codeSigningInfo='<_DVTCodeSigningInformation_Path: 0x7c4b4b600; isSigned='1', isAdHocSigned='0', signingCertificate='<DVTSigningCertificate: 0x7c45fb540; name='Apple Distribution: iVoox Global Podcasting Service SL (GXW5YSU35M)', hash='B0336B54C8EE75D6A73481A7B34B1F9C75AAF5D3', serialNumber='11B69D8EB5EF84EBF19CD9772E089711', certificateKinds='(
    "1.2.840.113635.100.6.1.7",
    "1.2.840.113635.100.6.1.4"
), issueDate='2026-02-13 22:07:26 +0000''>', entitlements='(null)', teamID='GXW5YSU35M', identifier='org.cocoapods.TTTLocalizedPluralString', executablePath='<DVTFilePath:0x7c46b3b80:'/Users/clseva/Library/Developer/Xcode/Archives/2026-04-14/iVooxApp 14-04-2026, 15.25.xcarchive/Products/Applications/ivooxNew.app/Frameworks/TTTLocalizedPluralString.framework/TTTLocalizedPluralString'>', hardenedRuntime='0'>'> are: {
}
2026-04-14 13:33:39 +0000  Writing entitlements for <IDEDistributionItem: 0x7c4b4a460; bundleID='org.cocoapods.TTTLocalizedPluralString', path='<DVTFilePath:0x79dab6e80:'/Users/clseva/Library/Developer/Xcode/Archives/2026-04-14/iVooxApp 14-04-2026, 15.25.xcarchive/Products/Applications/ivooxNew.app/Frameworks/TTTLocalizedPluralString.framework'>', codeSigningInfo='<_DVTCodeSigningInformation_Path: 0x7c4b4b600; isSigned='1', isAdHocSigned='0', signingCertificate='<DVTSigningCertificate: 0x7c45fb540; name='Apple Distribution: iVoox Global Podcasting Service SL (GXW5YSU35M)', hash='B0336B54C8EE75D6A73481A7B34B1F9C75AAF5D3', serialNumber='11B69D8EB5EF84EBF19CD9772E089711', certificateKinds='(
    "1.2.840.113635.100.6.1.7",
    "1.2.840.113635.100.6.1.4"
), issueDate='2026-02-13 22:07:26 +0000''>', entitlements='(null)', teamID='GXW5YSU35M', identifier='org.cocoapods.TTTLocalizedPluralString', executablePath='<DVTFilePath:0x7c46b3b80:'/Users/clseva/Library/Developer/Xcode/Archives/2026-04-14/iVooxApp 14-04-2026, 15.25.xcarchive/Products/Applications/ivooxNew.app/Frameworks/TTTLocalizedPluralString.framework/TTTLocalizedPluralString'>', hardenedRuntime='0'>'> to: /var/folders/8p/5rgt27mj0jdb7dcpxdl3t5p80000gn/T/XcodeDistPipeline.~~~jGsUBi/entitlements~~~zDeINP
2026-04-14 13:33:39 +0000  invoking codesign: <NSConcreteTask: 0x7a2042260; launchPath='/usr/bin/codesign', arguments='(
    "-f",
    "-s",
    B0336B54C8EE75D6A73481A7B34B1F9C75AAF5D3,
    "--entitlements",
    "/var/folders/8p/5rgt27mj0jdb7dcpxdl3t5p80000gn/T/XcodeDistPipeline.~~~jGsUBi/entitlements~~~zDeINP",
    "--preserve-metadata=identifier,flags,runtime,launch-constraints,library-constraints",
    "--generate-entitlement-der",
    "--strip-disallowed-xattrs",
    "-vvv",
    "/var/folders/8p/5rgt27mj0jdb7dcpxdl3t5p80000gn/T/XcodeDistPipeline.~~~jGsUBi/Root/Payload/ivooxNew.app/Frameworks/TTTLocalizedPluralString.framework"
)'>
2026-04-14 13:33:39 +0000  codesign output: /var/folders/8p/5rgt27mj0jdb7dcpxdl3t5p80000gn/T/XcodeDistPipeline.~~~jGsUBi/Root/Payload/ivooxNew.app/Frameworks/TTTLocalizedPluralString.framework: replacing existing signature
/var/folders/8p/5rgt27mj0jdb7dcpxdl3t5p80000gn/T/XcodeDistPipeline.~~~jGsUBi/Root/Payload/ivooxNew.app/Frameworks/TTTLocalizedPluralString.framework: signed bundle with Mach-O thin (arm64) [org.cocoapods.TTTLocalizedPluralString]
2026-04-14 13:33:39 +0000  Entitlements for <IDEDistributionItem: 0x7c4b4aa00; bundleID='org.cocoapods.Toast', path='<DVTFilePath:0x7c49b58c0:'/Users/clseva/Library/Developer/Xcode/Archives/2026-04-14/iVooxApp 14-04-2026, 15.25.xcarchive/Products/Applications/ivooxNew.app/Frameworks/Toast.framework'>', codeSigningInfo='<_DVTCodeSigningInformation_Path: 0x7c4b4b4e0; isSigned='1', isAdHocSigned='0', signingCertificate='<DVTSigningCertificate: 0x7c45fa040; name='Apple Distribution: iVoox Global Podcasting Service SL (GXW5YSU35M)', hash='B0336B54C8EE75D6A73481A7B34B1F9C75AAF5D3', serialNumber='11B69D8EB5EF84EBF19CD9772E089711', certificateKinds='(
    "1.2.840.113635.100.6.1.7",
    "1.2.840.113635.100.6.1.4"
), issueDate='2026-02-13 22:07:26 +0000''>', entitlements='(null)', teamID='GXW5YSU35M', identifier='org.cocoapods.Toast', executablePath='<DVTFilePath:0x7c49b5b60:'/Users/clseva/Library/Developer/Xcode/Archives/2026-04-14/iVooxApp 14-04-2026, 15.25.xcarchive/Products/Applications/ivooxNew.app/Frameworks/Toast.framework/Toast'>', hardenedRuntime='0'>'>: {
}
2026-04-14 13:33:39 +0000  Associated App Clip Identifiers Filter: Skipping because "com.apple.developer.associated-appclip-app-identifiers" is not present
2026-04-14 13:33:39 +0000  Entitlements for <IDEDistributionItem: 0x7c4b4aa00; bundleID='org.cocoapods.Toast', path='<DVTFilePath:0x7c49b58c0:'/Users/clseva/Library/Developer/Xcode/Archives/2026-04-14/iVooxApp 14-04-2026, 15.25.xcarchive/Products/Applications/ivooxNew.app/Frameworks/Toast.framework'>', codeSigningInfo='<_DVTCodeSigningInformation_Path: 0x7c4b4b4e0; isSigned='1', isAdHocSigned='0', signingCertificate='<DVTSigningCertificate: 0x7c45fb540; name='Apple Distribution: iVoox Global Podcasting Service SL (GXW5YSU35M)', hash='B0336B54C8EE75D6A73481A7B34B1F9C75AAF5D3', serialNumber='11B69D8EB5EF84EBF19CD9772E089711', certificateKinds='(
    "1.2.840.113635.100.6.1.7",
    "1.2.840.113635.100.6.1.4"
), issueDate='2026-02-13 22:07:26 +0000''>', entitlements='(null)', teamID='GXW5YSU35M', identifier='org.cocoapods.Toast', executablePath='<DVTFilePath:0x7c49b5b60:'/Users/clseva/Library/Developer/Xcode/Archives/2026-04-14/iVooxApp 14-04-2026, 15.25.xcarchive/Products/Applications/ivooxNew.app/Frameworks/Toast.framework/Toast'>', hardenedRuntime='0'>'> are: {
}
2026-04-14 13:33:39 +0000  Writing entitlements for <IDEDistributionItem: 0x7c4b4aa00; bundleID='org.cocoapods.Toast', path='<DVTFilePath:0x7c49b58c0:'/Users/clseva/Library/Developer/Xcode/Archives/2026-04-14/iVooxApp 14-04-2026, 15.25.xcarchive/Products/Applications/ivooxNew.app/Frameworks/Toast.framework'>', codeSigningInfo='<_DVTCodeSigningInformation_Path: 0x7c4b4b4e0; isSigned='1', isAdHocSigned='0', signingCertificate='<DVTSigningCertificate: 0x7c45fb540; name='Apple Distribution: iVoox Global Podcasting Service SL (GXW5YSU35M)', hash='B0336B54C8EE75D6A73481A7B34B1F9C75AAF5D3', serialNumber='11B69D8EB5EF84EBF19CD9772E089711', certificateKinds='(
    "1.2.840.113635.100.6.1.7",
    "1.2.840.113635.100.6.1.4"
), issueDate='2026-02-13 22:07:26 +0000''>', entitlements='(null)', teamID='GXW5YSU35M', identifier='org.cocoapods.Toast', executablePath='<DVTFilePath:0x7c49b5b60:'/Users/clseva/Library/Developer/Xcode/Archives/2026-04-14/iVooxApp 14-04-2026, 15.25.xcarchive/Products/Applications/ivooxNew.app/Frameworks/Toast.framework/Toast'>', hardenedRuntime='0'>'> to: /var/folders/8p/5rgt27mj0jdb7dcpxdl3t5p80000gn/T/XcodeDistPipeline.~~~jGsUBi/entitlements~~~qQagWA
2026-04-14 13:33:39 +0000  invoking codesign: <NSConcreteTask: 0x79df05450; launchPath='/usr/bin/codesign', arguments='(
    "-f",
    "-s",
    B0336B54C8EE75D6A73481A7B34B1F9C75AAF5D3,
    "--entitlements",
    "/var/folders/8p/5rgt27mj0jdb7dcpxdl3t5p80000gn/T/XcodeDistPipeline.~~~jGsUBi/entitlements~~~qQagWA",
    "--preserve-metadata=identifier,flags,runtime,launch-constraints,library-constraints",
    "--generate-entitlement-der",
    "--strip-disallowed-xattrs",
    "-vvv",
    "/var/folders/8p/5rgt27mj0jdb7dcpxdl3t5p80000gn/T/XcodeDistPipeline.~~~jGsUBi/Root/Payload/ivooxNew.app/Frameworks/Toast.framework"
)'>
2026-04-14 13:33:39 +0000  codesign output: /var/folders/8p/5rgt27mj0jdb7dcpxdl3t5p80000gn/T/XcodeDistPipeline.~~~jGsUBi/Root/Payload/ivooxNew.app/Frameworks/Toast.framework: replacing existing signature
/var/folders/8p/5rgt27mj0jdb7dcpxdl3t5p80000gn/T/XcodeDistPipeline.~~~jGsUBi/Root/Payload/ivooxNew.app/Frameworks/Toast.framework: signed bundle with Mach-O thin (arm64) [org.cocoapods.Toast]
2026-04-14 13:33:39 +0000  Entitlements for <IDEDistributionItem: 0x7c20c8060; bundleID='org.cocoapods.libextobjc', path='<DVTFilePath:0x7c46c1ea0:'/Users/clseva/Library/Developer/Xcode/Archives/2026-04-14/iVooxApp 14-04-2026, 15.25.xcarchive/Products/Applications/ivooxNew.app/Frameworks/libextobjc.framework'>', codeSigningInfo='<_DVTCodeSigningInformation_Path: 0x7c20c8d20; isSigned='1', isAdHocSigned='0', signingCertificate='<DVTSigningCertificate: 0x7c45fa040; name='Apple Distribution: iVoox Global Podcasting Service SL (GXW5YSU35M)', hash='B0336B54C8EE75D6A73481A7B34B1F9C75AAF5D3', serialNumber='11B69D8EB5EF84EBF19CD9772E089711', certificateKinds='(
    "1.2.840.113635.100.6.1.7",
    "1.2.840.113635.100.6.1.4"
), issueDate='2026-02-13 22:07:26 +0000''>', entitlements='(null)', teamID='GXW5YSU35M', identifier='org.cocoapods.libextobjc', executablePath='<DVTFilePath:0x7c4a29860:'/Users/clseva/Library/Developer/Xcode/Archives/2026-04-14/iVooxApp 14-04-2026, 15.25.xcarchive/Products/Applications/ivooxNew.app/Frameworks/libextobjc.framework/libextobjc'>', hardenedRuntime='0'>'>: {
}
2026-04-14 13:33:39 +0000  Associated App Clip Identifiers Filter: Skipping because "com.apple.developer.associated-appclip-app-identifiers" is not present
2026-04-14 13:33:39 +0000  Entitlements for <IDEDistributionItem: 0x7c20c8060; bundleID='org.cocoapods.libextobjc', path='<DVTFilePath:0x7c46c1ea0:'/Users/clseva/Library/Developer/Xcode/Archives/2026-04-14/iVooxApp 14-04-2026, 15.25.xcarchive/Products/Applications/ivooxNew.app/Frameworks/libextobjc.framework'>', codeSigningInfo='<_DVTCodeSigningInformation_Path: 0x7c20c8d20; isSigned='1', isAdHocSigned='0', signingCertificate='<DVTSigningCertificate: 0x7c45fb540; name='Apple Distribution: iVoox Global Podcasting Service SL (GXW5YSU35M)', hash='B0336B54C8EE75D6A73481A7B34B1F9C75AAF5D3', serialNumber='11B69D8EB5EF84EBF19CD9772E089711', certificateKinds='(
    "1.2.840.113635.100.6.1.7",
    "1.2.840.113635.100.6.1.4"
), issueDate='2026-02-13 22:07:26 +0000''>', entitlements='(null)', teamID='GXW5YSU35M', identifier='org.cocoapods.libextobjc', executablePath='<DVTFilePath:0x7c4a29860:'/Users/clseva/Library/Developer/Xcode/Archives/2026-04-14/iVooxApp 14-04-2026, 15.25.xcarchive/Products/Applications/ivooxNew.app/Frameworks/libextobjc.framework/libextobjc'>', hardenedRuntime='0'>'> are: {
}
2026-04-14 13:33:39 +0000  Writing entitlements for <IDEDistributionItem: 0x7c20c8060; bundleID='org.cocoapods.libextobjc', path='<DVTFilePath:0x7c46c1ea0:'/Users/clseva/Library/Developer/Xcode/Archives/2026-04-14/iVooxApp 14-04-2026, 15.25.xcarchive/Products/Applications/ivooxNew.app/Frameworks/libextobjc.framework'>', codeSigningInfo='<_DVTCodeSigningInformation_Path: 0x7c20c8d20; isSigned='1', isAdHocSigned='0', signingCertificate='<DVTSigningCertificate: 0x7c45fb540; name='Apple Distribution: iVoox Global Podcasting Service SL (GXW5YSU35M)', hash='B0336B54C8EE75D6A73481A7B34B1F9C75AAF5D3', serialNumber='11B69D8EB5EF84EBF19CD9772E089711', certificateKinds='(
    "1.2.840.113635.100.6.1.7",
    "1.2.840.113635.100.6.1.4"
), issueDate='2026-02-13 22:07:26 +0000''>', entitlements='(null)', teamID='GXW5YSU35M', identifier='org.cocoapods.libextobjc', executablePath='<DVTFilePath:0x7c4a29860:'/Users/clseva/Library/Developer/Xcode/Archives/2026-04-14/iVooxApp 14-04-2026, 15.25.xcarchive/Products/Applications/ivooxNew.app/Frameworks/libextobjc.framework/libextobjc'>', hardenedRuntime='0'>'> to: /var/folders/8p/5rgt27mj0jdb7dcpxdl3t5p80000gn/T/XcodeDistPipeline.~~~jGsUBi/entitlements~~~MZDzTE
2026-04-14 13:33:39 +0000  invoking codesign: <NSConcreteTask: 0x7a2042260; launchPath='/usr/bin/codesign', arguments='(
    "-f",
    "-s",
    B0336B54C8EE75D6A73481A7B34B1F9C75AAF5D3,
    "--entitlements",
    "/var/folders/8p/5rgt27mj0jdb7dcpxdl3t5p80000gn/T/XcodeDistPipeline.~~~jGsUBi/entitlements~~~MZDzTE",
    "--preserve-metadata=identifier,flags,runtime,launch-constraints,library-constraints",
    "--generate-entitlement-der",
    "--strip-disallowed-xattrs",
    "-vvv",
    "/var/folders/8p/5rgt27mj0jdb7dcpxdl3t5p80000gn/T/XcodeDistPipeline.~~~jGsUBi/Root/Payload/ivooxNew.app/Frameworks/libextobjc.framework"
)'>
2026-04-14 13:33:39 +0000  codesign output: /var/folders/8p/5rgt27mj0jdb7dcpxdl3t5p80000gn/T/XcodeDistPipeline.~~~jGsUBi/Root/Payload/ivooxNew.app/Frameworks/libextobjc.framework: replacing existing signature
/var/folders/8p/5rgt27mj0jdb7dcpxdl3t5p80000gn/T/XcodeDistPipeline.~~~jGsUBi/Root/Payload/ivooxNew.app/Frameworks/libextobjc.framework: signed bundle with Mach-O thin (arm64) [org.cocoapods.libextobjc]
2026-04-14 13:33:39 +0000  Entitlements for <IDEDistributionItem: 0x7c4b4b060; bundleID='org.cocoapods.nanopb', path='<DVTFilePath:0x7c46b3330:'/Users/clseva/Library/Developer/Xcode/Archives/2026-04-14/iVooxApp 14-04-2026, 15.25.xcarchive/Products/Applications/ivooxNew.app/Frameworks/nanopb.framework'>', codeSigningInfo='<_DVTCodeSigningInformation_Path: 0x7c4b4a7c0; isSigned='1', isAdHocSigned='0', signingCertificate='<DVTSigningCertificate: 0x7c45fa040; name='Apple Distribution: iVoox Global Podcasting Service SL (GXW5YSU35M)', hash='B0336B54C8EE75D6A73481A7B34B1F9C75AAF5D3', serialNumber='11B69D8EB5EF84EBF19CD9772E089711', certificateKinds='(
    "1.2.840.113635.100.6.1.7",
    "1.2.840.113635.100.6.1.4"
), issueDate='2026-02-13 22:07:26 +0000''>', entitlements='(null)', teamID='GXW5YSU35M', identifier='org.cocoapods.nanopb', executablePath='<DVTFilePath:0x7c49e7420:'/Users/clseva/Library/Developer/Xcode/Archives/2026-04-14/iVooxApp 14-04-2026, 15.25.xcarchive/Products/Applications/ivooxNew.app/Frameworks/nanopb.framework/nanopb'>', hardenedRuntime='0'>'>: {
}
2026-04-14 13:33:39 +0000  Associated App Clip Identifiers Filter: Skipping because "com.apple.developer.associated-appclip-app-identifiers" is not present
2026-04-14 13:33:39 +0000  Entitlements for <IDEDistributionItem: 0x7c4b4b060; bundleID='org.cocoapods.nanopb', path='<DVTFilePath:0x7c46b3330:'/Users/clseva/Library/Developer/Xcode/Archives/2026-04-14/iVooxApp 14-04-2026, 15.25.xcarchive/Products/Applications/ivooxNew.app/Frameworks/nanopb.framework'>', codeSigningInfo='<_DVTCodeSigningInformation_Path: 0x7c4b4a7c0; isSigned='1', isAdHocSigned='0', signingCertificate='<DVTSigningCertificate: 0x7c45fb540; name='Apple Distribution: iVoox Global Podcasting Service SL (GXW5YSU35M)', hash='B0336B54C8EE75D6A73481A7B34B1F9C75AAF5D3', serialNumber='11B69D8EB5EF84EBF19CD9772E089711', certificateKinds='(
    "1.2.840.113635.100.6.1.7",
    "1.2.840.113635.100.6.1.4"
), issueDate='2026-02-13 22:07:26 +0000''>', entitlements='(null)', teamID='GXW5YSU35M', identifier='org.cocoapods.nanopb', executablePath='<DVTFilePath:0x7c49e7420:'/Users/clseva/Library/Developer/Xcode/Archives/2026-04-14/iVooxApp 14-04-2026, 15.25.xcarchive/Products/Applications/ivooxNew.app/Frameworks/nanopb.framework/nanopb'>', hardenedRuntime='0'>'> are: {
}
2026-04-14 13:33:39 +0000  Writing entitlements for <IDEDistributionItem: 0x7c4b4b060; bundleID='org.cocoapods.nanopb', path='<DVTFilePath:0x7c46b3330:'/Users/clseva/Library/Developer/Xcode/Archives/2026-04-14/iVooxApp 14-04-2026, 15.25.xcarchive/Products/Applications/ivooxNew.app/Frameworks/nanopb.framework'>', codeSigningInfo='<_DVTCodeSigningInformation_Path: 0x7c4b4a7c0; isSigned='1', isAdHocSigned='0', signingCertificate='<DVTSigningCertificate: 0x7c45fb540; name='Apple Distribution: iVoox Global Podcasting Service SL (GXW5YSU35M)', hash='B0336B54C8EE75D6A73481A7B34B1F9C75AAF5D3', serialNumber='11B69D8EB5EF84EBF19CD9772E089711', certificateKinds='(
    "1.2.840.113635.100.6.1.7",
    "1.2.840.113635.100.6.1.4"
), issueDate='2026-02-13 22:07:26 +0000''>', entitlements='(null)', teamID='GXW5YSU35M', identifier='org.cocoapods.nanopb', executablePath='<DVTFilePath:0x7c49e7420:'/Users/clseva/Library/Developer/Xcode/Archives/2026-04-14/iVooxApp 14-04-2026, 15.25.xcarchive/Products/Applications/ivooxNew.app/Frameworks/nanopb.framework/nanopb'>', hardenedRuntime='0'>'> to: /var/folders/8p/5rgt27mj0jdb7dcpxdl3t5p80000gn/T/XcodeDistPipeline.~~~jGsUBi/entitlements~~~Hzss56
2026-04-14 13:33:39 +0000  invoking codesign: <NSConcreteTask: 0x7a2042260; launchPath='/usr/bin/codesign', arguments='(
    "-f",
    "-s",
    B0336B54C8EE75D6A73481A7B34B1F9C75AAF5D3,
    "--entitlements",
    "/var/folders/8p/5rgt27mj0jdb7dcpxdl3t5p80000gn/T/XcodeDistPipeline.~~~jGsUBi/entitlements~~~Hzss56",
    "--preserve-metadata=identifier,flags,runtime,launch-constraints,library-constraints",
    "--generate-entitlement-der",
    "--strip-disallowed-xattrs",
    "-vvv",
    "/var/folders/8p/5rgt27mj0jdb7dcpxdl3t5p80000gn/T/XcodeDistPipeline.~~~jGsUBi/Root/Payload/ivooxNew.app/Frameworks/nanopb.framework"
)'>
2026-04-14 13:33:39 +0000  codesign output: /var/folders/8p/5rgt27mj0jdb7dcpxdl3t5p80000gn/T/XcodeDistPipeline.~~~jGsUBi/Root/Payload/ivooxNew.app/Frameworks/nanopb.framework: replacing existing signature
/var/folders/8p/5rgt27mj0jdb7dcpxdl3t5p80000gn/T/XcodeDistPipeline.~~~jGsUBi/Root/Payload/ivooxNew.app/Frameworks/nanopb.framework: signed bundle with Mach-O thin (arm64) [org.cocoapods.nanopb]
2026-04-14 13:33:39 +0000  Entitlements for <IDEDistributionItem: 0x7c4b4b360; bundleID='com.ivoox.ivoox.RichNotificationsExtension', path='<DVTFilePath:0x79da0fb80:'/Users/clseva/Library/Developer/Xcode/Archives/2026-04-14/iVooxApp 14-04-2026, 15.25.xcarchive/Products/Applications/ivooxNew.app/PlugIns/RichNotificationsExtension.appex'>', codeSigningInfo='<_DVTCodeSigningInformation_Path: 0x7c4b4b720; isSigned='1', isAdHocSigned='0', signingCertificate='<DVTSigningCertificate: 0x7c45fa040; name='Apple Distribution: iVoox Global Podcasting Service SL (GXW5YSU35M)', hash='B0336B54C8EE75D6A73481A7B34B1F9C75AAF5D3', serialNumber='11B69D8EB5EF84EBF19CD9772E089711', certificateKinds='(
    "1.2.840.113635.100.6.1.7",
    "1.2.840.113635.100.6.1.4"
), issueDate='2026-02-13 22:07:26 +0000''>', entitlements='{
    "application-identifier" = "GXW5YSU35M.com.ivoox.ivoox.RichNotificationsExtension";
    "beta-reports-active" = 1;
    "com.apple.developer.team-identifier" = GXW5YSU35M;
    "com.apple.security.application-groups" =     (
        "group.com.ivoox.ivoox.batch"
    );
    "get-task-allow" = 0;
}', teamID='GXW5YSU35M', identifier='com.ivoox.ivoox.RichNotificationsExtension', executablePath='<DVTFilePath:0x7c46a58f0:'/Users/clseva/Library/Developer/Xcode/Archives/2026-04-14/iVooxApp 14-04-2026, 15.25.xcarchive/Products/Applications/ivooxNew.app/PlugIns/RichNotificationsExtension.appex/RichNotificationsExtension'>', hardenedRuntime='0'>'>: {
    "application-identifier" = "GXW5YSU35M.com.ivoox.ivoox.RichNotificationsExtension";
    "com.apple.developer.team-identifier" = GXW5YSU35M;
    "com.apple.security.application-groups" =     (
        "group.com.ivoox.ivoox.batch"
    );
    "get-task-allow" = 0;
}
2026-04-14 13:33:39 +0000  Associated App Clip Identifiers Filter: Skipping because "com.apple.developer.associated-appclip-app-identifiers" is not present
2026-04-14 13:33:39 +0000  Entitlements for <IDEDistributionItem: 0x7c4b4b360; bundleID='com.ivoox.ivoox.RichNotificationsExtension', path='<DVTFilePath:0x79da0fb80:'/Users/clseva/Library/Developer/Xcode/Archives/2026-04-14/iVooxApp 14-04-2026, 15.25.xcarchive/Products/Applications/ivooxNew.app/PlugIns/RichNotificationsExtension.appex'>', codeSigningInfo='<_DVTCodeSigningInformation_Path: 0x7c4b4b720; isSigned='1', isAdHocSigned='0', signingCertificate='<DVTSigningCertificate: 0x7c45fb540; name='Apple Distribution: iVoox Global Podcasting Service SL (GXW5YSU35M)', hash='B0336B54C8EE75D6A73481A7B34B1F9C75AAF5D3', serialNumber='11B69D8EB5EF84EBF19CD9772E089711', certificateKinds='(
    "1.2.840.113635.100.6.1.7",
    "1.2.840.113635.100.6.1.4"
), issueDate='2026-02-13 22:07:26 +0000''>', entitlements='{
    "application-identifier" = "GXW5YSU35M.com.ivoox.ivoox.RichNotificationsExtension";
    "beta-reports-active" = 1;
    "com.apple.developer.team-identifier" = GXW5YSU35M;
    "com.apple.security.application-groups" =     (
        "group.com.ivoox.ivoox.batch"
    );
    "get-task-allow" = 0;
}', teamID='GXW5YSU35M', identifier='com.ivoox.ivoox.RichNotificationsExtension', executablePath='<DVTFilePath:0x7c46a58f0:'/Users/clseva/Library/Developer/Xcode/Archives/2026-04-14/iVooxApp 14-04-2026, 15.25.xcarchive/Products/Applications/ivooxNew.app/PlugIns/RichNotificationsExtension.appex/RichNotificationsExtension'>', hardenedRuntime='0'>'> are: {
    "application-identifier" = "GXW5YSU35M.com.ivoox.ivoox.RichNotificationsExtension";
    "com.apple.developer.team-identifier" = GXW5YSU35M;
    "com.apple.security.application-groups" =     (
        "group.com.ivoox.ivoox.batch"
    );
    "get-task-allow" = 0;
}
2026-04-14 13:33:39 +0000  Writing entitlements for <IDEDistributionItem: 0x7c4b4b360; bundleID='com.ivoox.ivoox.RichNotificationsExtension', path='<DVTFilePath:0x79da0fb80:'/Users/clseva/Library/Developer/Xcode/Archives/2026-04-14/iVooxApp 14-04-2026, 15.25.xcarchive/Products/Applications/ivooxNew.app/PlugIns/RichNotificationsExtension.appex'>', codeSigningInfo='<_DVTCodeSigningInformation_Path: 0x7c4b4b720; isSigned='1', isAdHocSigned='0', signingCertificate='<DVTSigningCertificate: 0x7c45fb540; name='Apple Distribution: iVoox Global Podcasting Service SL (GXW5YSU35M)', hash='B0336B54C8EE75D6A73481A7B34B1F9C75AAF5D3', serialNumber='11B69D8EB5EF84EBF19CD9772E089711', certificateKinds='(
    "1.2.840.113635.100.6.1.7",
    "1.2.840.113635.100.6.1.4"
), issueDate='2026-02-13 22:07:26 +0000''>', entitlements='{
    "application-identifier" = "GXW5YSU35M.com.ivoox.ivoox.RichNotificationsExtension";
    "beta-reports-active" = 1;
    "com.apple.developer.team-identifier" = GXW5YSU35M;
    "com.apple.security.application-groups" =     (
        "group.com.ivoox.ivoox.batch"
    );
    "get-task-allow" = 0;
}', teamID='GXW5YSU35M', identifier='com.ivoox.ivoox.RichNotificationsExtension', executablePath='<DVTFilePath:0x7c46a58f0:'/Users/clseva/Library/Developer/Xcode/Archives/2026-04-14/iVooxApp 14-04-2026, 15.25.xcarchive/Products/Applications/ivooxNew.app/PlugIns/RichNotificationsExtension.appex/RichNotificationsExtension'>', hardenedRuntime='0'>'> to: /var/folders/8p/5rgt27mj0jdb7dcpxdl3t5p80000gn/T/XcodeDistPipeline.~~~jGsUBi/entitlements~~~LG19kM
2026-04-14 13:33:39 +0000  invoking codesign: <NSConcreteTask: 0x7a2042260; launchPath='/usr/bin/codesign', arguments='(
    "-f",
    "-s",
    B0336B54C8EE75D6A73481A7B34B1F9C75AAF5D3,
    "--entitlements",
    "/var/folders/8p/5rgt27mj0jdb7dcpxdl3t5p80000gn/T/XcodeDistPipeline.~~~jGsUBi/entitlements~~~LG19kM",
    "--preserve-metadata=identifier,flags,runtime,launch-constraints,library-constraints",
    "--generate-entitlement-der",
    "--strip-disallowed-xattrs",
    "-vvv",
    "/var/folders/8p/5rgt27mj0jdb7dcpxdl3t5p80000gn/T/XcodeDistPipeline.~~~jGsUBi/Root/Payload/ivooxNew.app/PlugIns/RichNotificationsExtension.appex"
)'>
2026-04-14 13:33:39 +0000  codesign output: /var/folders/8p/5rgt27mj0jdb7dcpxdl3t5p80000gn/T/XcodeDistPipeline.~~~jGsUBi/Root/Payload/ivooxNew.app/PlugIns/RichNotificationsExtension.appex: replacing existing signature
/var/folders/8p/5rgt27mj0jdb7dcpxdl3t5p80000gn/T/XcodeDistPipeline.~~~jGsUBi/Root/Payload/ivooxNew.app/PlugIns/RichNotificationsExtension.appex: signed bundle with Mach-O thin (arm64) [com.ivoox.ivoox.RichNotificationsExtension]
2026-04-14 13:33:39 +0000  Entitlements for <IDEDistributionItem: 0x7c4b49080; bundleID='com.ivoox.ivoox.RichNotificationsExtensionUI', path='<DVTFilePath:0x79da0fd00:'/Users/clseva/Library/Developer/Xcode/Archives/2026-04-14/iVooxApp 14-04-2026, 15.25.xcarchive/Products/Applications/ivooxNew.app/PlugIns/RichNotificationsExtensionUI.appex'>', codeSigningInfo='<_DVTCodeSigningInformation_Path: 0x7c421a460; isSigned='1', isAdHocSigned='0', signingCertificate='<DVTSigningCertificate: 0x7c45fa040; name='Apple Distribution: iVoox Global Podcasting Service SL (GXW5YSU35M)', hash='B0336B54C8EE75D6A73481A7B34B1F9C75AAF5D3', serialNumber='11B69D8EB5EF84EBF19CD9772E089711', certificateKinds='(
    "1.2.840.113635.100.6.1.7",
    "1.2.840.113635.100.6.1.4"
), issueDate='2026-02-13 22:07:26 +0000''>', entitlements='{
    "application-identifier" = "GXW5YSU35M.com.ivoox.ivoox.RichNotificationsExtensionUI";
    "beta-reports-active" = 1;
    "com.apple.developer.team-identifier" = GXW5YSU35M;
    "com.apple.security.application-groups" =     (
        "group.com.ivoox.ivoox.batch"
    );
    "get-task-allow" = 0;
}', teamID='GXW5YSU35M', identifier='com.ivoox.ivoox.RichNotificationsExtensionUI', executablePath='<DVTFilePath:0x7c46a5880:'/Users/clseva/Library/Developer/Xcode/Archives/2026-04-14/iVooxApp 14-04-2026, 15.25.xcarchive/Products/Applications/ivooxNew.app/PlugIns/RichNotificationsExtensionUI.appex/RichNotificationsExtensionUI'>', hardenedRuntime='0'>'>: {
    "application-identifier" = "GXW5YSU35M.com.ivoox.ivoox.RichNotificationsExtensionUI";
    "com.apple.developer.team-identifier" = GXW5YSU35M;
    "com.apple.security.application-groups" =     (
        "group.com.ivoox.ivoox.batch"
    );
    "get-task-allow" = 0;
}
2026-04-14 13:33:39 +0000  Associated App Clip Identifiers Filter: Skipping because "com.apple.developer.associated-appclip-app-identifiers" is not present
2026-04-14 13:33:39 +0000  Entitlements for <IDEDistributionItem: 0x7c4b49080; bundleID='com.ivoox.ivoox.RichNotificationsExtensionUI', path='<DVTFilePath:0x79da0fd00:'/Users/clseva/Library/Developer/Xcode/Archives/2026-04-14/iVooxApp 14-04-2026, 15.25.xcarchive/Products/Applications/ivooxNew.app/PlugIns/RichNotificationsExtensionUI.appex'>', codeSigningInfo='<_DVTCodeSigningInformation_Path: 0x7c421a460; isSigned='1', isAdHocSigned='0', signingCertificate='<DVTSigningCertificate: 0x7c45fb540; name='Apple Distribution: iVoox Global Podcasting Service SL (GXW5YSU35M)', hash='B0336B54C8EE75D6A73481A7B34B1F9C75AAF5D3', serialNumber='11B69D8EB5EF84EBF19CD9772E089711', certificateKinds='(
    "1.2.840.113635.100.6.1.7",
    "1.2.840.113635.100.6.1.4"
), issueDate='2026-02-13 22:07:26 +0000''>', entitlements='{
    "application-identifier" = "GXW5YSU35M.com.ivoox.ivoox.RichNotificationsExtensionUI";
    "beta-reports-active" = 1;
    "com.apple.developer.team-identifier" = GXW5YSU35M;
    "com.apple.security.application-groups" =     (
        "group.com.ivoox.ivoox.batch"
    );
    "get-task-allow" = 0;
}', teamID='GXW5YSU35M', identifier='com.ivoox.ivoox.RichNotificationsExtensionUI', executablePath='<DVTFilePath:0x7c46a5880:'/Users/clseva/Library/Developer/Xcode/Archives/2026-04-14/iVooxApp 14-04-2026, 15.25.xcarchive/Products/Applications/ivooxNew.app/PlugIns/RichNotificationsExtensionUI.appex/RichNotificationsExtensionUI'>', hardenedRuntime='0'>'> are: {
    "application-identifier" = "GXW5YSU35M.com.ivoox.ivoox.RichNotificationsExtensionUI";
    "com.apple.developer.team-identifier" = GXW5YSU35M;
    "com.apple.security.application-groups" =     (
        "group.com.ivoox.ivoox.batch"
    );
    "get-task-allow" = 0;
}
2026-04-14 13:33:39 +0000  Writing entitlements for <IDEDistributionItem: 0x7c4b49080; bundleID='com.ivoox.ivoox.RichNotificationsExtensionUI', path='<DVTFilePath:0x79da0fd00:'/Users/clseva/Library/Developer/Xcode/Archives/2026-04-14/iVooxApp 14-04-2026, 15.25.xcarchive/Products/Applications/ivooxNew.app/PlugIns/RichNotificationsExtensionUI.appex'>', codeSigningInfo='<_DVTCodeSigningInformation_Path: 0x7c421a460; isSigned='1', isAdHocSigned='0', signingCertificate='<DVTSigningCertificate: 0x7c45fb540; name='Apple Distribution: iVoox Global Podcasting Service SL (GXW5YSU35M)', hash='B0336B54C8EE75D6A73481A7B34B1F9C75AAF5D3', serialNumber='11B69D8EB5EF84EBF19CD9772E089711', certificateKinds='(
    "1.2.840.113635.100.6.1.7",
    "1.2.840.113635.100.6.1.4"
), issueDate='2026-02-13 22:07:26 +0000''>', entitlements='{
    "application-identifier" = "GXW5YSU35M.com.ivoox.ivoox.RichNotificationsExtensionUI";
    "beta-reports-active" = 1;
    "com.apple.developer.team-identifier" = GXW5YSU35M;
    "com.apple.security.application-groups" =     (
        "group.com.ivoox.ivoox.batch"
    );
    "get-task-allow" = 0;
}', teamID='GXW5YSU35M', identifier='com.ivoox.ivoox.RichNotificationsExtensionUI', executablePath='<DVTFilePath:0x7c46a5880:'/Users/clseva/Library/Developer/Xcode/Archives/2026-04-14/iVooxApp 14-04-2026, 15.25.xcarchive/Products/Applications/ivooxNew.app/PlugIns/RichNotificationsExtensionUI.appex/RichNotificationsExtensionUI'>', hardenedRuntime='0'>'> to: /var/folders/8p/5rgt27mj0jdb7dcpxdl3t5p80000gn/T/XcodeDistPipeline.~~~jGsUBi/entitlements~~~iz0AmI
2026-04-14 13:33:39 +0000  invoking codesign: <NSConcreteTask: 0x7a2042260; launchPath='/usr/bin/codesign', arguments='(
    "-f",
    "-s",
    B0336B54C8EE75D6A73481A7B34B1F9C75AAF5D3,
    "--entitlements",
    "/var/folders/8p/5rgt27mj0jdb7dcpxdl3t5p80000gn/T/XcodeDistPipeline.~~~jGsUBi/entitlements~~~iz0AmI",
    "--preserve-metadata=identifier,flags,runtime,launch-constraints,library-constraints",
    "--generate-entitlement-der",
    "--strip-disallowed-xattrs",
    "-vvv",
    "/var/folders/8p/5rgt27mj0jdb7dcpxdl3t5p80000gn/T/XcodeDistPipeline.~~~jGsUBi/Root/Payload/ivooxNew.app/PlugIns/RichNotificationsExtensionUI.appex"
)'>
2026-04-14 13:33:39 +0000  codesign output: /var/folders/8p/5rgt27mj0jdb7dcpxdl3t5p80000gn/T/XcodeDistPipeline.~~~jGsUBi/Root/Payload/ivooxNew.app/PlugIns/RichNotificationsExtensionUI.appex: replacing existing signature
/var/folders/8p/5rgt27mj0jdb7dcpxdl3t5p80000gn/T/XcodeDistPipeline.~~~jGsUBi/Root/Payload/ivooxNew.app/PlugIns/RichNotificationsExtensionUI.appex: signed bundle with Mach-O thin (arm64) [com.ivoox.ivoox.RichNotificationsExtensionUI]
2026-04-14 13:33:39 +0000  Entitlements for <IDEDistributionItem: 0x7c20ca760; bundleID='com.ivoox.ivoox.Widget', path='<DVTFilePath:0x7c46a4a80:'/Users/clseva/Library/Developer/Xcode/Archives/2026-04-14/iVooxApp 14-04-2026, 15.25.xcarchive/Products/Applications/ivooxNew.app/PlugIns/WidgetExtension.appex'>', codeSigningInfo='<_DVTCodeSigningInformation_Path: 0x7c20c9320; isSigned='1', isAdHocSigned='0', signingCertificate='<DVTSigningCertificate: 0x7c45fa040; name='Apple Distribution: iVoox Global Podcasting Service SL (GXW5YSU35M)', hash='B0336B54C8EE75D6A73481A7B34B1F9C75AAF5D3', serialNumber='11B69D8EB5EF84EBF19CD9772E089711', certificateKinds='(
    "1.2.840.113635.100.6.1.7",
    "1.2.840.113635.100.6.1.4"
), issueDate='2026-02-13 22:07:26 +0000''>', entitlements='{
    "application-identifier" = "GXW5YSU35M.com.ivoox.ivoox.Widget";
    "beta-reports-active" = 1;
    "com.apple.developer.team-identifier" = GXW5YSU35M;
    "com.apple.security.application-groups" =     (
        "group.com.ivoox.ivoox"
    );
    "get-task-allow" = 0;
}', teamID='GXW5YSU35M', identifier='com.ivoox.ivoox.Widget', executablePath='<DVTFilePath:0x7c4946640:'/Users/clseva/Library/Developer/Xcode/Archives/2026-04-14/iVooxApp 14-04-2026, 15.25.xcarchive/Products/Applications/ivooxNew.app/PlugIns/WidgetExtension.appex/WidgetExtension'>', hardenedRuntime='0'>'>: {
    "application-identifier" = "GXW5YSU35M.com.ivoox.ivoox.Widget";
    "com.apple.developer.team-identifier" = GXW5YSU35M;
    "com.apple.security.application-groups" =     (
        "group.com.ivoox.ivoox"
    );
    "get-task-allow" = 0;
}
2026-04-14 13:33:39 +0000  Associated App Clip Identifiers Filter: Skipping because "com.apple.developer.associated-appclip-app-identifiers" is not present
2026-04-14 13:33:39 +0000  Entitlements for <IDEDistributionItem: 0x7c20ca760; bundleID='com.ivoox.ivoox.Widget', path='<DVTFilePath:0x7c46a4a80:'/Users/clseva/Library/Developer/Xcode/Archives/2026-04-14/iVooxApp 14-04-2026, 15.25.xcarchive/Products/Applications/ivooxNew.app/PlugIns/WidgetExtension.appex'>', codeSigningInfo='<_DVTCodeSigningInformation_Path: 0x7c20c9320; isSigned='1', isAdHocSigned='0', signingCertificate='<DVTSigningCertificate: 0x7c45fb540; name='Apple Distribution: iVoox Global Podcasting Service SL (GXW5YSU35M)', hash='B0336B54C8EE75D6A73481A7B34B1F9C75AAF5D3', serialNumber='11B69D8EB5EF84EBF19CD9772E089711', certificateKinds='(
    "1.2.840.113635.100.6.1.7",
    "1.2.840.113635.100.6.1.4"
), issueDate='2026-02-13 22:07:26 +0000''>', entitlements='{
    "application-identifier" = "GXW5YSU35M.com.ivoox.ivoox.Widget";
    "beta-reports-active" = 1;
    "com.apple.developer.team-identifier" = GXW5YSU35M;
    "com.apple.security.application-groups" =     (
        "group.com.ivoox.ivoox"
    );
    "get-task-allow" = 0;
}', teamID='GXW5YSU35M', identifier='com.ivoox.ivoox.Widget', executablePath='<DVTFilePath:0x7c4946640:'/Users/clseva/Library/Developer/Xcode/Archives/2026-04-14/iVooxApp 14-04-2026, 15.25.xcarchive/Products/Applications/ivooxNew.app/PlugIns/WidgetExtension.appex/WidgetExtension'>', hardenedRuntime='0'>'> are: {
    "application-identifier" = "GXW5YSU35M.com.ivoox.ivoox.Widget";
    "com.apple.developer.team-identifier" = GXW5YSU35M;
    "com.apple.security.application-groups" =     (
        "group.com.ivoox.ivoox"
    );
    "get-task-allow" = 0;
}
2026-04-14 13:33:39 +0000  Writing entitlements for <IDEDistributionItem: 0x7c20ca760; bundleID='com.ivoox.ivoox.Widget', path='<DVTFilePath:0x7c46a4a80:'/Users/clseva/Library/Developer/Xcode/Archives/2026-04-14/iVooxApp 14-04-2026, 15.25.xcarchive/Products/Applications/ivooxNew.app/PlugIns/WidgetExtension.appex'>', codeSigningInfo='<_DVTCodeSigningInformation_Path: 0x7c20c9320; isSigned='1', isAdHocSigned='0', signingCertificate='<DVTSigningCertificate: 0x7c45fb540; name='Apple Distribution: iVoox Global Podcasting Service SL (GXW5YSU35M)', hash='B0336B54C8EE75D6A73481A7B34B1F9C75AAF5D3', serialNumber='11B69D8EB5EF84EBF19CD9772E089711', certificateKinds='(
    "1.2.840.113635.100.6.1.7",
    "1.2.840.113635.100.6.1.4"
), issueDate='2026-02-13 22:07:26 +0000''>', entitlements='{
    "application-identifier" = "GXW5YSU35M.com.ivoox.ivoox.Widget";
    "beta-reports-active" = 1;
    "com.apple.developer.team-identifier" = GXW5YSU35M;
    "com.apple.security.application-groups" =     (
        "group.com.ivoox.ivoox"
    );
    "get-task-allow" = 0;
}', teamID='GXW5YSU35M', identifier='com.ivoox.ivoox.Widget', executablePath='<DVTFilePath:0x7c4946640:'/Users/clseva/Library/Developer/Xcode/Archives/2026-04-14/iVooxApp 14-04-2026, 15.25.xcarchive/Products/Applications/ivooxNew.app/PlugIns/WidgetExtension.appex/WidgetExtension'>', hardenedRuntime='0'>'> to: /var/folders/8p/5rgt27mj0jdb7dcpxdl3t5p80000gn/T/XcodeDistPipeline.~~~jGsUBi/entitlements~~~tE4Bjm
2026-04-14 13:33:39 +0000  invoking codesign: <NSConcreteTask: 0x7a2042260; launchPath='/usr/bin/codesign', arguments='(
    "-f",
    "-s",
    B0336B54C8EE75D6A73481A7B34B1F9C75AAF5D3,
    "--entitlements",
    "/var/folders/8p/5rgt27mj0jdb7dcpxdl3t5p80000gn/T/XcodeDistPipeline.~~~jGsUBi/entitlements~~~tE4Bjm",
    "--preserve-metadata=identifier,flags,runtime,launch-constraints,library-constraints",
    "--generate-entitlement-der",
    "--strip-disallowed-xattrs",
    "-vvv",
    "/var/folders/8p/5rgt27mj0jdb7dcpxdl3t5p80000gn/T/XcodeDistPipeline.~~~jGsUBi/Root/Payload/ivooxNew.app/PlugIns/WidgetExtension.appex"
)'>
2026-04-14 13:33:39 +0000  codesign output: /var/folders/8p/5rgt27mj0jdb7dcpxdl3t5p80000gn/T/XcodeDistPipeline.~~~jGsUBi/Root/Payload/ivooxNew.app/PlugIns/WidgetExtension.appex: replacing existing signature
/var/folders/8p/5rgt27mj0jdb7dcpxdl3t5p80000gn/T/XcodeDistPipeline.~~~jGsUBi/Root/Payload/ivooxNew.app/PlugIns/WidgetExtension.appex: signed bundle with Mach-O thin (arm64) [com.ivoox.ivoox.Widget]
2026-04-14 13:33:39 +0000  Entitlements for <IDEDistributionItem: 0x7c4b48060; bundleID='com.ivoox.ivoox.watchkitapp', path='<DVTFilePath:0x7c20cb120:'/Users/clseva/Library/Developer/Xcode/Archives/2026-04-14/iVooxApp 14-04-2026, 15.25.xcarchive/Products/Applications/ivooxNew.app/Watch/iVooxWatch.app'>', codeSigningInfo='<_DVTCodeSigningInformation_Path: 0x7c4b4ba20; isSigned='1', isAdHocSigned='0', signingCertificate='<DVTSigningCertificate: 0x7c45fa040; name='Apple Distribution: iVoox Global Podcasting Service SL (GXW5YSU35M)', hash='B0336B54C8EE75D6A73481A7B34B1F9C75AAF5D3', serialNumber='11B69D8EB5EF84EBF19CD9772E089711', certificateKinds='(
    "1.2.840.113635.100.6.1.7",
    "1.2.840.113635.100.6.1.4"
), issueDate='2026-02-13 22:07:26 +0000''>', entitlements='{
    "application-identifier" = "GXW5YSU35M.com.ivoox.ivoox.watchkitapp";
    "aps-environment" = production;
    "beta-reports-active" = 1;
    "com.apple.developer.applesignin" =     (
        Default
    );
    "com.apple.developer.icloud-container-identifiers" =     (
        "iCloud.com.ivoox.ivoox"
    );
    "com.apple.developer.icloud-services" =     (
        CloudKit
    );
    "com.apple.developer.team-identifier" = GXW5YSU35M;
    "com.apple.developer.ubiquity-kvstore-identifier" = "GXW5YSU35M.com.ivoox.ivoox.watchkitapp";
    "com.apple.security.application-groups" =     (
        "group.com.ivoox.ivoox",
        "group.com.ivoox.ivoox.batch"
    );
    "get-task-allow" = 0;
}', teamID='GXW5YSU35M', identifier='com.ivoox.ivoox.watchkitapp', executablePath='<DVTFilePath:0x7c4906dc0:'/Users/clseva/Library/Developer/Xcode/Archives/2026-04-14/iVooxApp 14-04-2026, 15.25.xcarchive/Products/Applications/ivooxNew.app/Watch/iVooxWatch.app/iVooxWatch'>', hardenedRuntime='0'>'>: {
    "application-identifier" = "GXW5YSU35M.com.ivoox.ivoox.watchkitapp";
    "aps-environment" = production;
    "com.apple.developer.applesignin" =     (
        Default
    );
    "com.apple.developer.icloud-container-environment" = Production;
    "com.apple.developer.icloud-container-identifiers" =     (
        "iCloud.com.ivoox.ivoox"
    );
    "com.apple.developer.icloud-services" =     (
        CloudKit
    );
    "com.apple.developer.team-identifier" = GXW5YSU35M;
    "com.apple.developer.ubiquity-kvstore-identifier" = "GXW5YSU35M.com.ivoox.ivoox.watchkitapp";
    "com.apple.security.application-groups" =     (
        "group.com.ivoox.ivoox",
        "group.com.ivoox.ivoox.batch"
    );
    "get-task-allow" = 0;
}
2026-04-14 13:33:39 +0000  Associated App Clip Identifiers Filter: Skipping because "com.apple.developer.associated-appclip-app-identifiers" is not present
2026-04-14 13:33:39 +0000  Entitlements for <IDEDistributionItem: 0x7c4b48060; bundleID='com.ivoox.ivoox.watchkitapp', path='<DVTFilePath:0x7c20cb120:'/Users/clseva/Library/Developer/Xcode/Archives/2026-04-14/iVooxApp 14-04-2026, 15.25.xcarchive/Products/Applications/ivooxNew.app/Watch/iVooxWatch.app'>', codeSigningInfo='<_DVTCodeSigningInformation_Path: 0x7c4b4ba20; isSigned='1', isAdHocSigned='0', signingCertificate='<DVTSigningCertificate: 0x7c45fb540; name='Apple Distribution: iVoox Global Podcasting Service SL (GXW5YSU35M)', hash='B0336B54C8EE75D6A73481A7B34B1F9C75AAF5D3', serialNumber='11B69D8EB5EF84EBF19CD9772E089711', certificateKinds='(
    "1.2.840.113635.100.6.1.7",
    "1.2.840.113635.100.6.1.4"
), issueDate='2026-02-13 22:07:26 +0000''>', entitlements='{
    "application-identifier" = "GXW5YSU35M.com.ivoox.ivoox.watchkitapp";
    "aps-environment" = production;
    "beta-reports-active" = 1;
    "com.apple.developer.applesignin" =     (
        Default
    );
    "com.apple.developer.icloud-container-identifiers" =     (
        "iCloud.com.ivoox.ivoox"
    );
    "com.apple.developer.icloud-services" =     (
        CloudKit
    );
    "com.apple.developer.team-identifier" = GXW5YSU35M;
    "com.apple.developer.ubiquity-kvstore-identifier" = "GXW5YSU35M.com.ivoox.ivoox.watchkitapp";
    "com.apple.security.application-groups" =     (
        "group.com.ivoox.ivoox",
        "group.com.ivoox.ivoox.batch"
    );
    "get-task-allow" = 0;
}', teamID='GXW5YSU35M', identifier='com.ivoox.ivoox.watchkitapp', executablePath='<DVTFilePath:0x7c4906dc0:'/Users/clseva/Library/Developer/Xcode/Archives/2026-04-14/iVooxApp 14-04-2026, 15.25.xcarchive/Products/Applications/ivooxNew.app/Watch/iVooxWatch.app/iVooxWatch'>', hardenedRuntime='0'>'> are: {
    "application-identifier" = "GXW5YSU35M.com.ivoox.ivoox.watchkitapp";
    "aps-environment" = production;
    "com.apple.developer.applesignin" =     (
        Default
    );
    "com.apple.developer.icloud-container-environment" = Production;
    "com.apple.developer.icloud-container-identifiers" =     (
        "iCloud.com.ivoox.ivoox"
    );
    "com.apple.developer.icloud-services" =     (
        CloudKit
    );
    "com.apple.developer.team-identifier" = GXW5YSU35M;
    "com.apple.developer.ubiquity-kvstore-identifier" = "GXW5YSU35M.com.ivoox.ivoox.watchkitapp";
    "com.apple.security.application-groups" =     (
        "group.com.ivoox.ivoox",
        "group.com.ivoox.ivoox.batch"
    );
    "get-task-allow" = 0;
}
2026-04-14 13:33:39 +0000  Writing entitlements for <IDEDistributionItem: 0x7c4b48060; bundleID='com.ivoox.ivoox.watchkitapp', path='<DVTFilePath:0x7c20cb120:'/Users/clseva/Library/Developer/Xcode/Archives/2026-04-14/iVooxApp 14-04-2026, 15.25.xcarchive/Products/Applications/ivooxNew.app/Watch/iVooxWatch.app'>', codeSigningInfo='<_DVTCodeSigningInformation_Path: 0x7c4b4ba20; isSigned='1', isAdHocSigned='0', signingCertificate='<DVTSigningCertificate: 0x7c45fb540; name='Apple Distribution: iVoox Global Podcasting Service SL (GXW5YSU35M)', hash='B0336B54C8EE75D6A73481A7B34B1F9C75AAF5D3', serialNumber='11B69D8EB5EF84EBF19CD9772E089711', certificateKinds='(
    "1.2.840.113635.100.6.1.7",
    "1.2.840.113635.100.6.1.4"
), issueDate='2026-02-13 22:07:26 +0000''>', entitlements='{
    "application-identifier" = "GXW5YSU35M.com.ivoox.ivoox.watchkitapp";
    "aps-environment" = production;
    "beta-reports-active" = 1;
    "com.apple.developer.applesignin" =     (
        Default
    );
    "com.apple.developer.icloud-container-identifiers" =     (
        "iCloud.com.ivoox.ivoox"
    );
    "com.apple.developer.icloud-services" =     (
        CloudKit
    );
    "com.apple.developer.team-identifier" = GXW5YSU35M;
    "com.apple.developer.ubiquity-kvstore-identifier" = "GXW5YSU35M.com.ivoox.ivoox.watchkitapp";
    "com.apple.security.application-groups" =     (
        "group.com.ivoox.ivoox",
        "group.com.ivoox.ivoox.batch"
    );
    "get-task-allow" = 0;
}', teamID='GXW5YSU35M', identifier='com.ivoox.ivoox.watchkitapp', executablePath='<DVTFilePath:0x7c4906dc0:'/Users/clseva/Library/Developer/Xcode/Archives/2026-04-14/iVooxApp 14-04-2026, 15.25.xcarchive/Products/Applications/ivooxNew.app/Watch/iVooxWatch.app/iVooxWatch'>', hardenedRuntime='0'>'> to: /var/folders/8p/5rgt27mj0jdb7dcpxdl3t5p80000gn/T/XcodeDistPipeline.~~~jGsUBi/entitlements~~~FT6cOW
2026-04-14 13:33:39 +0000  invoking codesign: <NSConcreteTask: 0x7a2042260; launchPath='/usr/bin/codesign', arguments='(
    "-f",
    "-s",
    B0336B54C8EE75D6A73481A7B34B1F9C75AAF5D3,
    "--entitlements",
    "/var/folders/8p/5rgt27mj0jdb7dcpxdl3t5p80000gn/T/XcodeDistPipeline.~~~jGsUBi/entitlements~~~FT6cOW",
    "--preserve-metadata=identifier,flags,runtime,launch-constraints,library-constraints",
    "--generate-entitlement-der",
    "--strip-disallowed-xattrs",
    "-vvv",
    "/var/folders/8p/5rgt27mj0jdb7dcpxdl3t5p80000gn/T/XcodeDistPipeline.~~~jGsUBi/Root/Payload/ivooxNew.app/Watch/iVooxWatch.app"
)'>
2026-04-14 13:33:39 +0000  codesign output: /var/folders/8p/5rgt27mj0jdb7dcpxdl3t5p80000gn/T/XcodeDistPipeline.~~~jGsUBi/Root/Payload/ivooxNew.app/Watch/iVooxWatch.app: replacing existing signature
/var/folders/8p/5rgt27mj0jdb7dcpxdl3t5p80000gn/T/XcodeDistPipeline.~~~jGsUBi/Root/Payload/ivooxNew.app/Watch/iVooxWatch.app: signed app bundle with Mach-O universal (armv7k arm64 arm64_32) [com.ivoox.ivoox.watchkitapp]
2026-04-14 13:33:39 +0000  Entitlements for <IDEDistributionItem: 0x7c20cb8a0; bundleID='com.ivoox.ivoox', path='<DVTFilePath:0x7c45f4660:'/Users/clseva/Library/Developer/Xcode/Archives/2026-04-14/iVooxApp 14-04-2026, 15.25.xcarchive/Products/Applications/ivooxNew.app'>', codeSigningInfo='<_DVTCodeSigningInformation_Path: 0x7c4219740; isSigned='1', isAdHocSigned='0', signingCertificate='<DVTSigningCertificate: 0x7c45fa040; name='Apple Distribution: iVoox Global Podcasting Service SL (GXW5YSU35M)', hash='B0336B54C8EE75D6A73481A7B34B1F9C75AAF5D3', serialNumber='11B69D8EB5EF84EBF19CD9772E089711', certificateKinds='(
    "1.2.840.113635.100.6.1.7",
    "1.2.840.113635.100.6.1.4"
), issueDate='2026-02-13 22:07:26 +0000''>', entitlements='{
    "application-identifier" = "GXW5YSU35M.com.ivoox.ivoox";
    "aps-environment" = production;
    "beta-reports-active" = 1;
    "com.apple.developer.applesignin" =     (
        Default
    );
    "com.apple.developer.associated-domains" =     (
        "applinks:ivoox.com",
        "applinks:*.ivoox.com",
        "applinks:www.ivoox.com",
        "applinks:m.ivoox.com",
        "applinks:de.ivoox.com",
        "applinks:mx.ivoox.com",
        "applinks:ar.ivoox.com",
        "applinks:us.ivoox.com",
        "applinks:gb.ivoox.com",
        "applinks:cl.ivoox.com",
        "applinks:fr.ivoox.com",
        "applinks:pe.ivoox.com",
        "applinks:co.ivoox.com",
        "applinks:it.ivoox.com",
        "applinks:dl.ivoox.com",
        "applinks:go.ivoox.com",
        "applinks:z7a5.adj.st"
    );
    "com.apple.developer.carplay-audio" = 1;
    "com.apple.developer.icloud-container-identifiers" =     (
        "iCloud.com.ivoox.ivoox"
    );
    "com.apple.developer.icloud-services" =     (
        CloudKit
    );
    "com.apple.developer.team-identifier" = GXW5YSU35M;
    "com.apple.security.application-groups" =     (
        "group.com.ivoox.ivoox",
        "group.com.ivoox.ivoox.batch"
    );
    "get-task-allow" = 0;
}', teamID='GXW5YSU35M', identifier='com.ivoox.ivoox', executablePath='<DVTFilePath:0x7c4991ce0:'/Users/clseva/Library/Developer/Xcode/Archives/2026-04-14/iVooxApp 14-04-2026, 15.25.xcarchive/Products/Applications/ivooxNew.app/ivooxNew'>', hardenedRuntime='0'>'>: {
    "application-identifier" = "GXW5YSU35M.com.ivoox.ivoox";
    "aps-environment" = production;
    "com.apple.developer.applesignin" =     (
        Default
    );
    "com.apple.developer.associated-domains" =     (
        "applinks:ivoox.com",
        "applinks:*.ivoox.com",
        "applinks:www.ivoox.com",
        "applinks:m.ivoox.com",
        "applinks:de.ivoox.com",
        "applinks:mx.ivoox.com",
        "applinks:ar.ivoox.com",
        "applinks:us.ivoox.com",
        "applinks:gb.ivoox.com",
        "applinks:cl.ivoox.com",
        "applinks:fr.ivoox.com",
        "applinks:pe.ivoox.com",
        "applinks:co.ivoox.com",
        "applinks:it.ivoox.com",
        "applinks:dl.ivoox.com",
        "applinks:go.ivoox.com",
        "applinks:z7a5.adj.st"
    );
    "com.apple.developer.carplay-audio" = 1;
    "com.apple.developer.icloud-container-environment" = Production;
    "com.apple.developer.icloud-container-identifiers" =     (
        "iCloud.com.ivoox.ivoox"
    );
    "com.apple.developer.icloud-services" =     (
        CloudKit
    );
    "com.apple.developer.team-identifier" = GXW5YSU35M;
    "com.apple.security.application-groups" =     (
        "group.com.ivoox.ivoox",
        "group.com.ivoox.ivoox.batch"
    );
    "get-task-allow" = 0;
}
2026-04-14 13:33:39 +0000  Associated App Clip Identifiers Filter: Skipping because "com.apple.developer.associated-appclip-app-identifiers" is not present
2026-04-14 13:33:39 +0000  Entitlements for <IDEDistributionItem: 0x7c20cb8a0; bundleID='com.ivoox.ivoox', path='<DVTFilePath:0x7c45f4660:'/Users/clseva/Library/Developer/Xcode/Archives/2026-04-14/iVooxApp 14-04-2026, 15.25.xcarchive/Products/Applications/ivooxNew.app'>', codeSigningInfo='<_DVTCodeSigningInformation_Path: 0x7c4219740; isSigned='1', isAdHocSigned='0', signingCertificate='<DVTSigningCertificate: 0x7c45fb540; name='Apple Distribution: iVoox Global Podcasting Service SL (GXW5YSU35M)', hash='B0336B54C8EE75D6A73481A7B34B1F9C75AAF5D3', serialNumber='11B69D8EB5EF84EBF19CD9772E089711', certificateKinds='(
    "1.2.840.113635.100.6.1.7",
    "1.2.840.113635.100.6.1.4"
), issueDate='2026-02-13 22:07:26 +0000''>', entitlements='{
    "application-identifier" = "GXW5YSU35M.com.ivoox.ivoox";
    "aps-environment" = production;
    "beta-reports-active" = 1;
    "com.apple.developer.applesignin" =     (
        Default
    );
    "com.apple.developer.associated-domains" =     (
        "applinks:ivoox.com",
        "applinks:*.ivoox.com",
        "applinks:www.ivoox.com",
        "applinks:m.ivoox.com",
        "applinks:de.ivoox.com",
        "applinks:mx.ivoox.com",
        "applinks:ar.ivoox.com",
        "applinks:us.ivoox.com",
        "applinks:gb.ivoox.com",
        "applinks:cl.ivoox.com",
        "applinks:fr.ivoox.com",
        "applinks:pe.ivoox.com",
        "applinks:co.ivoox.com",
        "applinks:it.ivoox.com",
        "applinks:dl.ivoox.com",
        "applinks:go.ivoox.com",
        "applinks:z7a5.adj.st"
    );
    "com.apple.developer.carplay-audio" = 1;
    "com.apple.developer.icloud-container-identifiers" =     (
        "iCloud.com.ivoox.ivoox"
    );
    "com.apple.developer.icloud-services" =     (
        CloudKit
    );
    "com.apple.developer.team-identifier" = GXW5YSU35M;
    "com.apple.security.application-groups" =     (
        "group.com.ivoox.ivoox",
        "group.com.ivoox.ivoox.batch"
    );
    "get-task-allow" = 0;
}', teamID='GXW5YSU35M', identifier='com.ivoox.ivoox', executablePath='<DVTFilePath:0x7c4991ce0:'/Users/clseva/Library/Developer/Xcode/Archives/2026-04-14/iVooxApp 14-04-2026, 15.25.xcarchive/Products/Applications/ivooxNew.app/ivooxNew'>', hardenedRuntime='0'>'> are: {
    "application-identifier" = "GXW5YSU35M.com.ivoox.ivoox";
    "aps-environment" = production;
    "com.apple.developer.applesignin" =     (
        Default
    );
    "com.apple.developer.associated-domains" =     (
        "applinks:ivoox.com",
        "applinks:*.ivoox.com",
        "applinks:www.ivoox.com",
        "applinks:m.ivoox.com",
        "applinks:de.ivoox.com",
        "applinks:mx.ivoox.com",
        "applinks:ar.ivoox.com",
        "applinks:us.ivoox.com",
        "applinks:gb.ivoox.com",
        "applinks:cl.ivoox.com",
        "applinks:fr.ivoox.com",
        "applinks:pe.ivoox.com",
        "applinks:co.ivoox.com",
        "applinks:it.ivoox.com",
        "applinks:dl.ivoox.com",
        "applinks:go.ivoox.com",
        "applinks:z7a5.adj.st"
    );
    "com.apple.developer.carplay-audio" = 1;
    "com.apple.developer.icloud-container-environment" = Production;
    "com.apple.developer.icloud-container-identifiers" =     (
        "iCloud.com.ivoox.ivoox"
    );
    "com.apple.developer.icloud-services" =     (
        CloudKit
    );
    "com.apple.developer.team-identifier" = GXW5YSU35M;
    "com.apple.security.application-groups" =     (
        "group.com.ivoox.ivoox",
        "group.com.ivoox.ivoox.batch"
    );
    "get-task-allow" = 0;
}
2026-04-14 13:33:39 +0000  Writing entitlements for <IDEDistributionItem: 0x7c20cb8a0; bundleID='com.ivoox.ivoox', path='<DVTFilePath:0x7c45f4660:'/Users/clseva/Library/Developer/Xcode/Archives/2026-04-14/iVooxApp 14-04-2026, 15.25.xcarchive/Products/Applications/ivooxNew.app'>', codeSigningInfo='<_DVTCodeSigningInformation_Path: 0x7c4219740; isSigned='1', isAdHocSigned='0', signingCertificate='<DVTSigningCertificate: 0x7c45fb540; name='Apple Distribution: iVoox Global Podcasting Service SL (GXW5YSU35M)', hash='B0336B54C8EE75D6A73481A7B34B1F9C75AAF5D3', serialNumber='11B69D8EB5EF84EBF19CD9772E089711', certificateKinds='(
    "1.2.840.113635.100.6.1.7",
    "1.2.840.113635.100.6.1.4"
), issueDate='2026-02-13 22:07:26 +0000''>', entitlements='{
    "application-identifier" = "GXW5YSU35M.com.ivoox.ivoox";
    "aps-environment" = production;
    "beta-reports-active" = 1;
    "com.apple.developer.applesignin" =     (
        Default
    );
    "com.apple.developer.associated-domains" =     (
        "applinks:ivoox.com",
        "applinks:*.ivoox.com",
        "applinks:www.ivoox.com",
        "applinks:m.ivoox.com",
        "applinks:de.ivoox.com",
        "applinks:mx.ivoox.com",
        "applinks:ar.ivoox.com",
        "applinks:us.ivoox.com",
        "applinks:gb.ivoox.com",
        "applinks:cl.ivoox.com",
        "applinks:fr.ivoox.com",
        "applinks:pe.ivoox.com",
        "applinks:co.ivoox.com",
        "applinks:it.ivoox.com",
        "applinks:dl.ivoox.com",
        "applinks:go.ivoox.com",
        "applinks:z7a5.adj.st"
    );
    "com.apple.developer.carplay-audio" = 1;
    "com.apple.developer.icloud-container-identifiers" =     (
        "iCloud.com.ivoox.ivoox"
    );
    "com.apple.developer.icloud-services" =     (
        CloudKit
    );
    "com.apple.developer.team-identifier" = GXW5YSU35M;
    "com.apple.security.application-groups" =     (
        "group.com.ivoox.ivoox",
        "group.com.ivoox.ivoox.batch"
    );
    "get-task-allow" = 0;
}', teamID='GXW5YSU35M', identifier='com.ivoox.ivoox', executablePath='<DVTFilePath:0x7c4991ce0:'/Users/clseva/Library/Developer/Xcode/Archives/2026-04-14/iVooxApp 14-04-2026, 15.25.xcarchive/Products/Applications/ivooxNew.app/ivooxNew'>', hardenedRuntime='0'>'> to: /var/folders/8p/5rgt27mj0jdb7dcpxdl3t5p80000gn/T/XcodeDistPipeline.~~~jGsUBi/entitlements~~~rEE2tn
2026-04-14 13:33:39 +0000  invoking codesign: <NSConcreteTask: 0x7a2042260; launchPath='/usr/bin/codesign', arguments='(
    "-f",
    "-s",
    B0336B54C8EE75D6A73481A7B34B1F9C75AAF5D3,
    "--entitlements",
    "/var/folders/8p/5rgt27mj0jdb7dcpxdl3t5p80000gn/T/XcodeDistPipeline.~~~jGsUBi/entitlements~~~rEE2tn",
    "--preserve-metadata=identifier,flags,runtime,launch-constraints,library-constraints",
    "--generate-entitlement-der",
    "--strip-disallowed-xattrs",
    "-vvv",
    "/var/folders/8p/5rgt27mj0jdb7dcpxdl3t5p80000gn/T/XcodeDistPipeline.~~~jGsUBi/Root/Payload/ivooxNew.app"
)'>
2026-04-14 13:33:40 +0000  codesign output: /var/folders/8p/5rgt27mj0jdb7dcpxdl3t5p80000gn/T/XcodeDistPipeline.~~~jGsUBi/Root/Payload/ivooxNew.app: replacing existing signature
/var/folders/8p/5rgt27mj0jdb7dcpxdl3t5p80000gn/T/XcodeDistPipeline.~~~jGsUBi/Root/Payload/ivooxNew.app: signed app bundle with Mach-O thin (arm64) [com.ivoox.ivoox]
2026-04-14 13:33:40 +0000  Processing step: IDEDistributionZipODRItemStep
2026-04-14 13:33:40 +0000  Skipping step: IDEDistributionZipODRItemStep because it said so
2026-04-14 13:33:40 +0000  Skipping step: IDEDistributionZipODRItemStep because it said so
2026-04-14 13:33:40 +0000  Skipping step: IDEDistributionZipODRItemStep because it said so
2026-04-14 13:33:40 +0000  Skipping step: IDEDistributionZipODRItemStep because it said so
2026-04-14 13:33:40 +0000  Skipping step: IDEDistributionZipODRItemStep because it said so
2026-04-14 13:33:40 +0000  Skipping step: IDEDistributionZipODRItemStep because it said so
2026-04-14 13:33:40 +0000  Skipping step: IDEDistributionZipODRItemStep because it said so
2026-04-14 13:33:40 +0000  Skipping step: IDEDistributionZipODRItemStep because it said so
2026-04-14 13:33:40 +0000  Skipping step: IDEDistributionZipODRItemStep because it said so
2026-04-14 13:33:40 +0000  Skipping step: IDEDistributionZipODRItemStep because it said so
2026-04-14 13:33:40 +0000  Skipping step: IDEDistributionZipODRItemStep because it said so
2026-04-14 13:33:40 +0000  Skipping step: IDEDistributionZipODRItemStep because it said so
2026-04-14 13:33:40 +0000  Skipping step: IDEDistributionZipODRItemStep because it said so
2026-04-14 13:33:40 +0000  Skipping step: IDEDistributionZipODRItemStep because it said so
2026-04-14 13:33:40 +0000  Skipping step: IDEDistributionZipODRItemStep because it said so
2026-04-14 13:33:40 +0000  Skipping step: IDEDistributionZipODRItemStep because it said so
2026-04-14 13:33:40 +0000  Skipping step: IDEDistributionZipODRItemStep because it said so
2026-04-14 13:33:40 +0000  Skipping step: IDEDistributionZipODRItemStep because it said so
2026-04-14 13:33:40 +0000  Skipping step: IDEDistributionZipODRItemStep because it said so
2026-04-14 13:33:40 +0000  Skipping step: IDEDistributionZipODRItemStep because it said so
2026-04-14 13:33:40 +0000  Skipping step: IDEDistributionZipODRItemStep because it said so
2026-04-14 13:33:40 +0000  Skipping step: IDEDistributionZipODRItemStep because it said so
2026-04-14 13:33:40 +0000  Skipping step: IDEDistributionZipODRItemStep because it said so
2026-04-14 13:33:40 +0000  Skipping step: IDEDistributionZipODRItemStep because it said so
2026-04-14 13:33:40 +0000  Skipping step: IDEDistributionZipODRItemStep because it said so
2026-04-14 13:33:40 +0000  Skipping step: IDEDistributionZipODRItemStep because it said so
2026-04-14 13:33:40 +0000  Skipping step: IDEDistributionZipODRItemStep because it said so
2026-04-14 13:33:40 +0000  Skipping step: IDEDistributionZipODRItemStep because it said so
2026-04-14 13:33:40 +0000  Skipping step: IDEDistributionZipODRItemStep because it said so
2026-04-14 13:33:40 +0000  Skipping step: IDEDistributionZipODRItemStep because it said so
2026-04-14 13:33:40 +0000  Skipping step: IDEDistributionZipODRItemStep because it said so
2026-04-14 13:33:40 +0000  Skipping step: IDEDistributionZipODRItemStep because it said so
2026-04-14 13:33:40 +0000  Skipping step: IDEDistributionZipODRItemStep because it said so
2026-04-14 13:33:40 +0000  Skipping step: IDEDistributionZipODRItemStep because it said so
2026-04-14 13:33:40 +0000  Skipping step: IDEDistributionZipODRItemStep because it said so
2026-04-14 13:33:40 +0000  Skipping step: IDEDistributionZipODRItemStep because it said so
2026-04-14 13:33:40 +0000  Skipping step: IDEDistributionZipODRItemStep because it said so
2026-04-14 13:33:40 +0000  Skipping step: IDEDistributionZipODRItemStep because it said so
2026-04-14 13:33:40 +0000  Skipping step: IDEDistributionZipODRItemStep because it said so
2026-04-14 13:33:40 +0000  Skipping step: IDEDistributionZipODRItemStep because it said so
2026-04-14 13:33:40 +0000  Skipping step: IDEDistributionZipODRItemStep because it said so
2026-04-14 13:33:40 +0000  Skipping step: IDEDistributionZipODRItemStep because it said so
2026-04-14 13:33:40 +0000  Skipping step: IDEDistributionZipODRItemStep because it said so
2026-04-14 13:33:40 +0000  Skipping step: IDEDistributionZipODRItemStep because it said so
2026-04-14 13:33:40 +0000  Skipping step: IDEDistributionZipODRItemStep because it said so
2026-04-14 13:33:40 +0000  Skipping step: IDEDistributionZipODRItemStep because it said so
2026-04-14 13:33:40 +0000  Skipping step: IDEDistributionZipODRItemStep because it said so
2026-04-14 13:33:40 +0000  Skipping step: IDEDistributionZipODRItemStep because it said so
2026-04-14 13:33:40 +0000  Skipping step: IDEDistributionZipODRItemStep because it said so
2026-04-14 13:33:40 +0000  Skipping step: IDEDistributionZipODRItemStep because it said so
2026-04-14 13:33:40 +0000  Skipping step: IDEDistributionZipODRItemStep because it said so
2026-04-14 13:33:40 +0000  Skipping step: IDEDistributionZipODRItemStep because it said so
2026-04-14 13:33:40 +0000  Skipping step: IDEDistributionZipODRItemStep because it said so
2026-04-14 13:33:40 +0000  Skipping step: IDEDistributionZipODRItemStep because it said so
2026-04-14 13:33:40 +0000  Skipping step: IDEDistributionZipODRItemStep because it said so
2026-04-14 13:33:40 +0000  Skipping step: IDEDistributionZipODRItemStep because it said so
2026-04-14 13:33:40 +0000  Skipping step: IDEDistributionZipODRItemStep because it said so
2026-04-14 13:33:40 +0000  Skipping step: IDEDistributionZipODRItemStep because it said so
2026-04-14 13:33:40 +0000  Skipping step: IDEDistributionZipODRItemStep because it said so
2026-04-14 13:33:40 +0000  Skipping step: IDEDistributionZipODRItemStep because it said so
2026-04-14 13:33:40 +0000  Skipping step: IDEDistributionZipODRItemStep because it said so
2026-04-14 13:33:40 +0000  Skipping step: IDEDistributionZipODRItemStep because it said so
2026-04-14 13:33:40 +0000  Skipping step: IDEDistributionZipODRItemStep because it said so
2026-04-14 13:33:40 +0000  Skipping step: IDEDistributionZipODRItemStep because it said so
2026-04-14 13:33:40 +0000  Skipping step: IDEDistributionZipODRItemStep because it said so
2026-04-14 13:33:40 +0000  Skipping step: IDEDistributionZipODRItemStep because it said so
2026-04-14 13:33:40 +0000  Skipping step: IDEDistributionZipODRItemStep because it said so
2026-04-14 13:33:40 +0000  Skipping step: IDEDistributionZipODRItemStep because it said so
2026-04-14 13:33:40 +0000  Skipping step: IDEDistributionZipODRItemStep because it said so
2026-04-14 13:33:40 +0000  Skipping step: IDEDistributionZipODRItemStep because it said so
2026-04-14 13:33:40 +0000  Skipping step: IDEDistributionZipODRItemStep because it said so
2026-04-14 13:33:40 +0000  Skipping step: IDEDistributionZipODRItemStep because it said so
2026-04-14 13:33:40 +0000  Skipping step: IDEDistributionZipODRItemStep because it said so
2026-04-14 13:33:40 +0000  Skipping step: IDEDistributionZipODRItemStep because it said so
2026-04-14 13:33:40 +0000  Skipping step: IDEDistributionZipODRItemStep because it said so
2026-04-14 13:33:40 +0000  Skipping step: IDEDistributionZipODRItemStep because it said so
2026-04-14 13:33:40 +0000  Skipping step: IDEDistributionZipODRItemStep because it said so
2026-04-14 13:33:40 +0000  Skipping step: IDEDistributionZipODRItemStep because it said so
2026-04-14 13:33:40 +0000  Processing step: IDEDistributionCreateIPAStep
2026-04-14 13:33:40 +0000  Running /usr/bin/ditto '-V' '-c' '-k' '--norsrc' '/var/folders/8p/5rgt27mj0jdb7dcpxdl3t5p80000gn/T/XcodeDistPipeline.~~~jGsUBi/Root' '/var/folders/8p/5rgt27mj0jdb7dcpxdl3t5p80000gn/T/XcodeDistPipeline.~~~jGsUBi/Packages/ivooxNew.ipa'
2026-04-14 13:33:40 +0000  >>> Copying /var/folders/8p/5rgt27mj0jdb7dcpxdl3t5p80000gn/T/XcodeDistPipeline.~~~jGsUBi/Root 
2026-04-14 13:33:40 +0000  copying file ./Payload/ivooxNew.app/LoginPassRecoveryActionsView.nib ... 
2026-04-14 13:33:40 +0000  3633 bytes for ./Payload/ivooxNew.app/LoginPassRecoveryActionsView.nib
2026-04-14 13:33:40 +0000  copying file ./Payload/ivooxNew.app/de.lproj/IVMainConfig.plist ... 
2026-04-14 13:33:40 +0000  1504 bytes for ./Payload/ivooxNew.app/de.lproj/IVMainConfig.plist
2026-04-14 13:33:40 +0000  copying file ./Payload/ivooxNew.app/de.lproj/Localizable.strings ... 
2026-04-14 13:33:40 +0000  224036 bytes for ./Payload/ivooxNew.app/de.lproj/Localizable.strings
2026-04-14 13:33:40 +0000  copying file ./Payload/ivooxNew.app/de.lproj/InfoPlist.strings ... 
2026-04-14 13:33:40 +0000  138 bytes for ./Payload/ivooxNew.app/de.lproj/InfoPlist.strings
copying file ./Payload/ivooxNew.app/de.lproj/Localizable.stringsdict ... 
2026-04-14 13:33:40 +0000  1056 bytes for ./Payload/ivooxNew.app/de.lproj/Localizable.stringsdict
2026-04-14 13:33:40 +0000  copying file ./Payload/ivooxNew.app/de.lproj/LocalizablePlurals.strings ... 
2026-04-14 13:33:40 +0000  2474 bytes for ./Payload/ivooxNew.app/de.lproj/LocalizablePlurals.strings
2026-04-14 13:33:40 +0000  copying file ./Payload/ivooxNew.app/de.lproj/ReleaseNotes.plist ... 
2026-04-14 13:33:40 +0000  168 bytes for ./Payload/ivooxNew.app/de.lproj/ReleaseNotes.plist
2026-04-14 13:33:40 +0000  copying file ./Payload/ivooxNew.app/LoginPassRecoveryConfirmActionsView.nib ... 
2026-04-14 13:33:40 +0000  4372 bytes for ./Payload/ivooxNew.app/LoginPassRecoveryConfirmActionsView.nib
2026-04-14 13:33:40 +0000  copying file ./Payload/ivooxNew.app/DeleteAccountView.nib ... 
2026-04-14 13:33:40 +0000  3132 bytes for ./Payload/ivooxNew.app/DeleteAccountView.nib
2026-04-14 13:33:40 +0000  copying file ./Payload/ivooxNew.app/_CodeSignature/CodeResources ... 
2026-04-14 13:33:40 +0000  314098 bytes for ./Payload/ivooxNew.app/_CodeSignature/CodeResources
2026-04-14 13:33:40 +0000  copying file ./Payload/ivooxNew.app/DPCView.nib ... 
2026-04-14 13:33:40 +0000  1215 bytes for ./Payload/ivooxNew.app/DPCView.nib
2026-04-14 13:33:40 +0000  copying file ./Payload/ivooxNew.app/CMRelatedProgramsLoaderView.nib ... 
2026-04-14 13:33:40 +0000  2338 bytes for ./Payload/ivooxNew.app/CMRelatedProgramsLoaderView.nib
2026-04-14 13:33:40 +0000  copying file ./Payload/ivooxNew.app/DynamicUserHeaderReusableView.nib ... 
2026-04-14 13:33:40 +0000  4224 bytes for ./Payload/ivooxNew.app/DynamicUserHeaderReusableView.nib
2026-04-14 13:33:40 +0000  copying file ./Payload/ivooxNew.app/DynamicHomeView.nib ... 
2026-04-14 13:33:40 +0000  3246 bytes for ./Payload/ivooxNew.app/DynamicHomeView.nib
2026-04-14 13:33:40 +0000  copying file ./Payload/ivooxNew.app/LNESearchEmptyView.nib ... 
2026-04-14 13:33:40 +0000  3955 bytes for ./Payload/ivooxNew.app/LNESearchEmptyView.nib
2026-04-14 13:33:40 +0000  copying file ./Payload/ivooxNew.app/ProgramSearchEmptyView.nib ... 
2026-04-14 13:33:40 +0000  3959 bytes for ./Payload/ivooxNew.app/ProgramSearchEmptyView.nib
2026-04-14 13:33:40 +0000  copying file ./Payload/ivooxNew.app/LNESearchView.nib ... 
2026-04-14 13:33:40 +0000  3756 bytes for ./Payload/ivooxNew.app/LNESearchView.nib
2026-04-14 13:33:40 +0000  copying file ./Payload/ivooxNew.app/DynamicCommonButtonCell.nib ... 
2026-04-14 13:33:40 +0000  4198 bytes for ./Payload/ivooxNew.app/DynamicCommonButtonCell.nib
2026-04-14 13:33:40 +0000  copying file ./Payload/ivooxNew.app/player_loading.json ... 
2026-04-14 13:33:40 +0000  1851 bytes for ./Payload/ivooxNew.app/player_loading.json
2026-04-14 13:33:40 +0000  copying file ./Payload/ivooxNew.app/IVRemoteSectionTitleCell.nib ... 
2026-04-14 13:33:40 +0000  3853 bytes for ./Payload/ivooxNew.app/IVRemoteSectionTitleCell.nib
2026-04-14 13:33:40 +0000  copying file ./Payload/ivooxNew.app/PlayerAudioQueueView.nib ... 
2026-04-14 13:33:40 +0000  1912 bytes for ./Payload/ivooxNew.app/PlayerAudioQueueView.nib
2026-04-14 13:33:40 +0000  copying file ./Payload/ivooxNew.app/EpisodeInitialContextView.nib ... 
2026-04-14 13:33:40 +0000  6623 bytes for ./Payload/ivooxNew.app/EpisodeInitialContextView.nib
2026-04-14 13:33:40 +0000  copying file ./Payload/ivooxNew.app/LibraryAddSubscriptionSearchView.nib ... 
2026-04-14 13:33:40 +0000  2768 bytes for ./Payload/ivooxNew.app/LibraryAddSubscriptionSearchView.nib
2026-04-14 13:33:40 +0000  copying file ./Payload/ivooxNew.app/ExploreSearchHeaderView.nib ... 
2026-04-14 13:33:40 +0000  4580 bytes for ./Payload/ivooxNew.app/ExploreSearchHeaderView.nib
2026-04-14 13:33:40 +0000  copying file ./Payload/ivooxNew.app/DynamicGallerySkeletonCell.nib ... 
2026-04-14 13:33:40 +0000  2227 bytes for ./Payload/ivooxNew.app/DynamicGallerySkeletonCell.nib
2026-04-14 13:33:40 +0000  copying file ./Payload/ivooxNew.app/DynamicCarouselSkeletonCell.nib ... 
2026-04-14 13:33:40 +0000  3352 bytes for ./Payload/ivooxNew.app/DynamicCarouselSkeletonCell.nib
2026-04-14 13:33:40 +0000  copying file ./Payload/ivooxNew.app/RejectConsentPurchaseView.nib ... 
2026-04-14 13:33:40 +0000  3996 bytes for ./Payload/ivooxNew.app/RejectConsentPurchaseView.nib
2026-04-14 13:33:40 +0000  copying file ./Payload/ivooxNew.app/BottomSheetViewPlaceholderCell.nib ... 
2026-04-14 13:33:40 +0000  5364 bytes for ./Payload/ivooxNew.app/BottomSheetViewPlaceholderCell.nib
2026-04-14 13:33:40 +0000  copying file ./Payload/ivooxNew.app/launchScreen.json ... 
2026-04-14 13:33:40 +0000  17164 bytes for ./Payload/ivooxNew.app/launchScreen.json
2026-04-14 13:33:40 +0000  copying file ./Payload/ivooxNew.app/NoDataWithButtonView.nib ... 
2026-04-14 13:33:40 +0000  5764 bytes for ./Payload/ivooxNew.app/NoDataWithButtonView.nib
2026-04-14 13:33:40 +0000  copying file ./Payload/ivooxNew.app/RadioSuggestedView.nib ... 
2026-04-14 13:33:40 +0000  3164 bytes for ./Payload/ivooxNew.app/RadioSuggestedView.nib
2026-04-14 13:33:40 +0000  copying file ./Payload/ivooxNew.app/ivooxNew ... 
2026-04-14 13:33:41 +0000  37861968 bytes for ./Payload/ivooxNew.app/ivooxNew
2026-04-14 13:33:41 +0000  copying file ./Payload/ivooxNew.app/MagazineView.nib ... 
2026-04-14 13:33:41 +0000  3158 bytes for ./Payload/ivooxNew.app/MagazineView.nib
2026-04-14 13:33:41 +0000  copying file ./Payload/ivooxNew.app/SplashScreenView.nib ... 
2026-04-14 13:33:41 +0000  7147 bytes for ./Payload/ivooxNew.app/SplashScreenView.nib
2026-04-14 13:33:41 +0000  copying file ./Payload/ivooxNew.app/LoginSignInView.nib ... 
2026-04-14 13:33:41 +0000  3988 bytes for ./Payload/ivooxNew.app/LoginSignInView.nib
2026-04-14 13:33:41 +0000  copying file ./Payload/ivooxNew.app/PodmarkSuccessView.nib ... 
2026-04-14 13:33:41 +0000  2698 bytes for ./Payload/ivooxNew.app/PodmarkSuccessView.nib
2026-04-14 13:33:41 +0000  copying file ./Payload/ivooxNew.app/ExploreiVooxPlusHeaderViewComponent.nib ... 
2026-04-14 13:33:41 +0000  2495 bytes for ./Payload/ivooxNew.app/ExploreiVooxPlusHeaderViewComponent.nib
2026-04-14 13:33:41 +0000  copying file ./Payload/ivooxNew.app/LoginPassRecoveryTitleView.nib ... 
2026-04-14 13:33:41 +0000  3940 bytes for ./Payload/ivooxNew.app/LoginPassRecoveryTitleView.nib
2026-04-14 13:33:41 +0000  copying file ./Payload/ivooxNew.app/ProgramPostFanSupportCell.nib ... 
2026-04-14 13:33:41 +0000  8453 bytes for ./Payload/ivooxNew.app/ProgramPostFanSupportCell.nib
2026-04-14 13:33:41 +0000  copying file ./Payload/ivooxNew.app/LMPlainCell.nib ... 
2026-04-14 13:33:41 +0000  4222 bytes for ./Payload/ivooxNew.app/LMPlainCell.nib
2026-04-14 13:33:41 +0000  copying file ./Payload/ivooxNew.app/IVSectionTitleCell.nib ... 
2026-04-14 13:33:41 +0000  3973 bytes for ./Payload/ivooxNew.app/IVSectionTitleCell.nib
2026-04-14 13:33:41 +0000  copying file ./Payload/ivooxNew.app/PurchasePremiumSuccessView.nib ... 
2026-04-14 13:33:41 +0000  7834 bytes for ./Payload/ivooxNew.app/PurchasePremiumSuccessView.nib
2026-04-14 13:33:41 +0000  copying file ./Payload/ivooxNew.app/en.lproj/IVMainConfig.plist ... 
2026-04-14 13:33:41 +0000  1504 bytes for ./Payload/ivooxNew.app/en.lproj/IVMainConfig.plist
2026-04-14 13:33:41 +0000  copying file ./Payload/ivooxNew.app/en.lproj/Localizable.strings ... 
2026-04-14 13:33:41 +0000  167855 bytes for ./Payload/ivooxNew.app/en.lproj/Localizable.strings
2026-04-14 13:33:41 +0000  copying file ./Payload/ivooxNew.app/en.lproj/InfoPlist.strings ... 
2026-04-14 13:33:41 +0000  136 bytes for ./Payload/ivooxNew.app/en.lproj/InfoPlist.strings
2026-04-14 13:33:41 +0000  copying file ./Payload/ivooxNew.app/en.lproj/Localizable.stringsdict ... 
2026-04-14 13:33:41 +0000  835 bytes for ./Payload/ivooxNew.app/en.lproj/Localizable.stringsdict
2026-04-14 13:33:41 +0000  copying file ./Payload/ivooxNew.app/en.lproj/LocalizablePlurals.strings ... 
2026-04-14 13:33:41 +0000  2318 bytes for ./Payload/ivooxNew.app/en.lproj/LocalizablePlurals.strings
2026-04-14 13:33:41 +0000  copying file ./Payload/ivooxNew.app/en.lproj/ReleaseNotes.plist ... 
2026-04-14 13:33:41 +0000  168 bytes for ./Payload/ivooxNew.app/en.lproj/ReleaseNotes.plist
2026-04-14 13:33:41 +0000  copying file ./Payload/ivooxNew.app/AdvantagesCarouselView.nib ... 
2026-04-14 13:33:41 +0000  4678 bytes for ./Payload/ivooxNew.app/AdvantagesCarouselView.nib
2026-04-14 13:33:41 +0000  copying file ./Payload/ivooxNew.app/SettingsMainCell.nib ... 
2026-04-14 13:33:41 +0000  4142 bytes for ./Payload/ivooxNew.app/SettingsMainCell.nib
2026-04-14 13:33:41 +0000  copying file ./Payload/ivooxNew.app/HomeTodayFeaturedView.nib ... 
2026-04-14 13:33:41 +0000  3118 bytes for ./Payload/ivooxNew.app/HomeTodayFeaturedView.nib
2026-04-14 13:33:41 +0000  copying file ./Payload/ivooxNew.app/ContextMenuRadioView.nib ... 
2026-04-14 13:33:41 +0000  4886 bytes for ./Payload/ivooxNew.app/ContextMenuRadioView.nib
2026-04-14 13:33:41 +0000  copying file ./Payload/ivooxNew.app/HomeUserHeaderView.nib ... 
2026-04-14 13:33:41 +0000  4213 bytes for ./Payload/ivooxNew.app/HomeUserHeaderView.nib
2026-04-14 13:33:41 +0000  copying file ./Payload/ivooxNew.app/LibrarySearchView.nib ... 
2026-04-14 13:33:41 +0000  2756 bytes for ./Payload/ivooxNew.app/LibrarySearchView.nib
2026-04-14 13:33:41 +0000  copying file ./Payload/ivooxNew.app/FiltersSectionHeaderView.nib ... 
2026-04-14 13:33:41 +0000  3169 bytes for ./Payload/ivooxNew.app/FiltersSectionHeaderView.nib
2026-04-14 13:33:41 +0000  copying file ./Payload/ivooxNew.app/PlanComparisionCell.nib ... 
2026-04-14 13:33:41 +0000  5783 bytes for ./Payload/ivooxNew.app/PlanComparisionCell.nib
2026-04-14 13:33:41 +0000  copying file ./Payload/ivooxNew.app/ExploreSearchCampaignCell.nib ... 
2026-04-14 13:33:41 +0000  3812 bytes for ./Payload/ivooxNew.app/ExploreSearchCampaignCell.nib
2026-04-14 13:33:41 +0000  copying file ./Payload/ivooxNew.app/IVTitleAndSubtitlePlaceholderView.nib ... 
2026-04-14 13:33:41 +0000  5501 bytes for ./Payload/ivooxNew.app/IVTitleAndSubtitlePlaceholderView.nib
2026-04-14 13:33:41 +0000  copying file ./Payload/ivooxNew.app/MySupportsSectionHeaderView.nib ... 
2026-04-14 13:33:41 +0000  3276 bytes for ./Payload/ivooxNew.app/MySupportsSectionHeaderView.nib
2026-04-14 13:33:41 +0000  copying file ./Payload/ivooxNew.app/PreferredCategoriesView.nib ... 
2026-04-14 13:33:41 +0000  1232 bytes for ./Payload/ivooxNew.app/PreferredCategoriesView.nib
2026-04-14 13:33:41 +0000  copying file ./Payload/ivooxNew.app/HomeWontMissOutView.nib ... 
2026-04-14 13:33:41 +0000  3165 bytes for ./Payload/ivooxNew.app/HomeWontMissOutView.nib
2026-04-14 13:33:41 +0000  copying file ./Payload/ivooxNew.app/PRTitleControlsView.nib ... 
2026-04-14 13:33:41 +0000  4876 bytes for ./Payload/ivooxNew.app/PRTitleControlsView.nib
2026-04-14 13:33:41 +0000  copying file ./Payload/ivooxNew.app/PurchasePlusMainCarouselItem.nib ... 
2026-04-14 13:33:41 +0000  4273 bytes for ./Payload/ivooxNew.app/PurchasePlusMainCarouselItem.nib
2026-04-14 13:33:41 +0000  copying file ./Payload/ivooxNew.app/MultiEpisodeSelectionView.nib ... 
2026-04-14 13:33:41 +0000  10166 bytes for ./Payload/ivooxNew.app/MultiEpisodeSelectionView.nib
2026-04-14 13:33:41 +0000  copying file ./Payload/ivooxNew.app/IVBarButtonView.nib ... 
2026-04-14 13:33:41 +0000  4260 bytes for ./Payload/ivooxNew.app/IVBarButtonView.nib
2026-04-14 13:33:41 +0000  copying file ./Payload/ivooxNew.app/LCLTextFieldCell.nib ... 
2026-04-14 13:33:41 +0000  3203 bytes for ./Payload/ivooxNew.app/LCLTextFieldCell.nib
2026-04-14 13:33:41 +0000  copying file ./Payload/ivooxNew.app/LoginSignInActionsView.nib ... 
2026-04-14 13:33:41 +0000  4347 bytes for ./Payload/ivooxNew.app/LoginSignInActionsView.nib
2026-04-14 13:33:41 +0000  copying file ./Payload/ivooxNew.app/AvailableSchemes.plist ... 
2026-04-14 13:33:41 +0000  82 bytes for ./Payload/ivooxNew.app/AvailableSchemes.plist
2026-04-14 13:33:41 +0000  copying file ./Payload/ivooxNew.app/AudioBooksMainView.nib ... 
2026-04-14 13:33:41 +0000  2991 bytes for ./Payload/ivooxNew.app/AudioBooksMainView.nib
2026-04-14 13:33:41 +0000  copying file ./Payload/ivooxNew.app/LCLTextViewCell.nib ... 
2026-04-14 13:33:41 +0000  3901 bytes for ./Payload/ivooxNew.app/LCLTextViewCell.nib
2026-04-14 13:33:41 +0000  copying file ./Payload/ivooxNew.app/ExploreiVooxPlusView.nib ... 
2026-04-14 13:33:41 +0000  2752 bytes for ./Payload/ivooxNew.app/ExploreiVooxPlusView.nib
2026-04-14 13:33:41 +0000  copying file ./Payload/ivooxNew.app/ExploreSearchEmptyView.nib ... 
2026-04-14 13:33:41 +0000  3970 bytes for ./Payload/ivooxNew.app/ExploreSearchEmptyView.nib
2026-04-14 13:33:41 +0000  copying file ./Payload/ivooxNew.app/AudioBookCategoryDetailView.nib ... 
2026-04-14 13:33:41 +0000  3000 bytes for ./Payload/ivooxNew.app/AudioBookCategoryDetailView.nib
2026-04-14 13:33:41 +0000  copying file ./Payload/ivooxNew.app/RadioRelatedProgramsFooterView.nib ... 
2026-04-14 13:33:41 +0000  3631 bytes for ./Payload/ivooxNew.app/RadioRelatedProgramsFooterView.nib
2026-04-14 13:33:41 +0000  copying file ./Payload/ivooxNew.app/IVSyncMiniplayerPopupViewController.nib ... 
2026-04-14 13:33:41 +0000  5304 bytes for ./Payload/ivooxNew.app/IVSyncMiniplayerPopupViewController.nib
2026-04-14 13:33:41 +0000  copying file ./Payload/ivooxNew.app/PAQNowPlayingView.nib ... 
2026-04-14 13:33:41 +0000  8788 bytes for ./Payload/ivooxNew.app/PAQNowPlayingView.nib
2026-04-14 13:33:41 +0000  copying file ./Payload/ivooxNew.app/DynamicExploreCategoryView.nib ... 
2026-04-14 13:33:41 +0000  2770 bytes for ./Payload/ivooxNew.app/DynamicExploreCategoryView.nib
2026-04-14 13:33:41 +0000  copying file ./Payload/ivooxNew.app/AudioDetailAdNativeCardView.nib ... 
2026-04-14 13:33:41 +0000  16925 bytes for ./Payload/ivooxNew.app/AudioDetailAdNativeCardView.nib
2026-04-14 13:33:41 +0000  copying file ./Payload/ivooxNew.app/PodcastSquareCollectionCell.nib ... 
2026-04-14 13:33:41 +0000  7138 bytes for ./Payload/ivooxNew.app/PodcastSquareCollectionCell.nib
2026-04-14 13:33:41 +0000  copying file ./Payload/ivooxNew.app/HomeWeSuggestView.nib ... 
2026-04-14 13:33:41 +0000  3163 bytes for ./Payload/ivooxNew.app/HomeWeSuggestView.nib
2026-04-14 13:33:41 +0000  copying file ./Payload/ivooxNew.app/ExploreSearchSuggestionCell.nib ... 
2026-04-14 13:33:41 +0000  6173 bytes for ./Payload/ivooxNew.app/ExploreSearchSuggestionCell.nib
2026-04-14 13:33:41 +0000  copying file ./Payload/ivooxNew.app/DPCCell.nib ... 
2026-04-14 13:33:41 +0000  3021 bytes for ./Payload/ivooxNew.app/DPCCell.nib
2026-04-14 13:33:41 +0000  copying file ./Payload/ivooxNew.app/ContextMenuPodmarkView.nib ... 
2026-04-14 13:33:41 +0000  6131 bytes for ./Payload/ivooxNew.app/ContextMenuPodmarkView.nib
2026-04-14 13:33:41 +0000  copying file ./Payload/ivooxNew.app/PlaylistDetailLocalView.nib ... 
2026-04-14 13:33:41 +0000  3200 bytes for ./Payload/ivooxNew.app/PlaylistDetailLocalView.nib
2026-04-14 13:33:41 +0000  copying file ./Payload/ivooxNew.app/PlanComparisionView.nib ... 
2026-04-14 13:33:41 +0000  4728 bytes for ./Payload/ivooxNew.app/PlanComparisionView.nib
2026-04-14 13:33:41 +0000  copying file ./Payload/ivooxNew.app/SettingCell.nib ... 
2026-04-14 13:33:41 +0000  5892 bytes for ./Payload/ivooxNew.app/SettingCell.nib
2026-04-14 13:33:41 +0000  copying file ./Payload/ivooxNew.app/es.lproj/IVMainConfig.plist ... 
2026-04-14 13:33:41 +0000  1504 bytes for ./Payload/ivooxNew.app/es.lproj/IVMainConfig.plist
2026-04-14 13:33:41 +0000  copying file ./Payload/ivooxNew.app/es.lproj/Localizable.strings ... 
2026-04-14 13:33:41 +0000  148800 bytes for ./Payload/ivooxNew.app/es.lproj/Localizable.strings
2026-04-14 13:33:41 +0000  copying file ./Payload/ivooxNew.app/es.lproj/InfoPlist.strings ... 
2026-04-14 13:33:41 +0000  208 bytes for ./Payload/ivooxNew.app/es.lproj/InfoPlist.strings
2026-04-14 13:33:41 +0000  copying file ./Payload/ivooxNew.app/es.lproj/Localizable.stringsdict ... 
2026-04-14 13:33:41 +0000  1065 bytes for ./Payload/ivooxNew.app/es.lproj/Localizable.stringsdict
2026-04-14 13:33:41 +0000  copying file ./Payload/ivooxNew.app/es.lproj/LocalizablePlurals.strings ... 
2026-04-14 13:33:41 +0000  2632 bytes for ./Payload/ivooxNew.app/es.lproj/LocalizablePlurals.strings
2026-04-14 13:33:41 +0000  copying file ./Payload/ivooxNew.app/es.lproj/ReleaseNotes.plist ... 
2026-04-14 13:33:41 +0000  168 bytes for ./Payload/ivooxNew.app/es.lproj/ReleaseNotes.plist
2026-04-14 13:33:41 +0000  copying file ./Payload/ivooxNew.app/ExploreSearchHeaderViewComponent.nib ... 
2026-04-14 13:33:41 +0000  2406 bytes for ./Payload/ivooxNew.app/ExploreSearchHeaderViewComponent.nib
2026-04-14 13:33:41 +0000  copying file ./Payload/ivooxNew.app/MiniPlayerView.nib ... 
2026-04-14 13:33:41 +0000  9557 bytes for ./Payload/ivooxNew.app/MiniPlayerView.nib
2026-04-14 13:33:41 +0000  copying file ./Payload/ivooxNew.app/BottomSheetViewSliderCell.nib ... 
2026-04-14 13:33:41 +0000  7123 bytes for ./Payload/ivooxNew.app/BottomSheetViewSliderCell.nib
2026-04-14 13:33:41 +0000  copying file ./Payload/ivooxNew.app/DynamicAdDisplayCell.nib ... 
2026-04-14 13:33:41 +0000  3404 bytes for ./Payload/ivooxNew.app/DynamicAdDisplayCell.nib
2026-04-14 13:33:41 +0000  copying file ./Payload/ivooxNew.app/AudioBookCategoriesView.nib ... 
2026-04-14 13:33:41 +0000  2996 bytes for ./Payload/ivooxNew.app/AudioBookCategoriesView.nib
2026-04-14 13:33:41 +0000  copying file ./Payload/ivooxNew.app/ReleaseNotesView.nib ... 
2026-04-14 13:33:41 +0000  5765 bytes for ./Payload/ivooxNew.app/ReleaseNotesView.nib
2026-04-14 13:33:41 +0000  copying file ./Payload/ivooxNew.app/SettingsMainView.nib ... 
2026-04-14 13:33:41 +0000  3219 bytes for ./Payload/ivooxNew.app/SettingsMainView.nib
2026-04-14 13:33:41 +0000  copying file ./Payload/ivooxNew.app/MySupportDetailMainCell.nib ... 
2026-04-14 13:33:41 +0000  3728 bytes for ./Payload/ivooxNew.app/MySupportDetailMainCell.nib
2026-04-14 13:33:41 +0000  copying file ./Payload/ivooxNew.app/AdvantagesCarouselCell.nib ... 
2026-04-14 13:33:41 +0000  5376 bytes for ./Payload/ivooxNew.app/AdvantagesCarouselCell.nib
2026-04-14 13:33:41 +0000  copying file ./Payload/ivooxNew.app/confetti.json ... 
2026-04-14 13:33:41 +0000  131352 bytes for ./Payload/ivooxNew.app/confetti.json
2026-04-14 13:33:41 +0000  copying file ./Payload/ivooxNew.app/ProgramDetailHeaderView.nib ... 
2026-04-14 13:33:41 +0000  13443 bytes for ./Payload/ivooxNew.app/ProgramDetailHeaderView.nib
2026-04-14 13:33:41 +0000  copying file ./Payload/ivooxNew.app/AudioPopupAdsPlaceholderView.nib ... 
2026-04-14 13:33:41 +0000  2974 bytes for ./Payload/ivooxNew.app/AudioPopupAdsPlaceholderView.nib
2026-04-14 13:33:41 +0000  copying file ./Payload/ivooxNew.app/PurchasePlusMainCarouselView.nib ... 
2026-04-14 13:33:41 +0000  2538 bytes for ./Payload/ivooxNew.app/PurchasePlusMainCarouselView.nib
2026-04-14 13:33:41 +0000  copying file ./Payload/ivooxNew.app/DPCSeeMoreCell.nib ... 
2026-04-14 13:33:41 +0000  3129 bytes for ./Payload/ivooxNew.app/DPCSeeMoreCell.nib
2026-04-14 13:33:41 +0000  copying file ./Payload/ivooxNew.app/CHANGELOG.md ... 
2026-04-14 13:33:41 +0000  1524 bytes for ./Payload/ivooxNew.app/CHANGELOG.md
2026-04-14 13:33:41 +0000  copying file ./Payload/ivooxNew.app/DynamicAdNativeCell.nib ... 
2026-04-14 13:33:41 +0000  17326 bytes for ./Payload/ivooxNew.app/DynamicAdNativeCell.nib
2026-04-14 13:33:41 +0000  copying file ./Payload/ivooxNew.app/IVSurpriseMeViewController.nib ... 
2026-04-14 13:33:41 +0000  6690 bytes for ./Payload/ivooxNew.app/IVSurpriseMeViewController.nib
2026-04-14 13:33:41 +0000  copying file ./Payload/ivooxNew.app/PAActionControlsView.nib ... 
2026-04-14 13:33:41 +0000  4250 bytes for ./Payload/ivooxNew.app/PAActionControlsView.nib
2026-04-14 13:33:41 +0000  copying file ./Payload/ivooxNew.app/LoginPassRecoveryConfirmView.nib ... 
2026-04-14 13:33:41 +0000  4001 bytes for ./Payload/ivooxNew.app/LoginPassRecoveryConfirmView.nib
2026-04-14 13:33:41 +0000  copying file ./Payload/ivooxNew.app/Mapping_v65_to_v66.cdm ... 
2026-04-14 13:33:41 +0000  282891 bytes for ./Payload/ivooxNew.app/Mapping_v65_to_v66.cdm
2026-04-14 13:33:41 +0000  copying file ./Payload/ivooxNew.app/loading.json ... 
2026-04-14 13:33:41 +0000  1859 bytes for ./Payload/ivooxNew.app/loading.json
2026-04-14 13:33:41 +0000  copying file ./Payload/ivooxNew.app/MultiProposalsCardView.nib ... 
2026-04-14 13:33:41 +0000  4526 bytes for ./Payload/ivooxNew.app/MultiProposalsCardView.nib
2026-04-14 13:33:41 +0000  copying file ./Payload/ivooxNew.app/PlayerPodmarksTableHeader.nib ... 
2026-04-14 13:33:41 +0000  2792 bytes for ./Payload/ivooxNew.app/PlayerPodmarksTableHeader.nib
2026-04-14 13:33:41 +0000  copying file ./Payload/ivooxNew.app/PodmarksListCell.nib ... 
2026-04-14 13:33:41 +0000  7094 bytes for ./Payload/ivooxNew.app/PodmarksListCell.nib
2026-04-14 13:33:41 +0000  copying file ./Payload/ivooxNew.app/SystemTheme-Dark.plist ... 
2026-04-14 13:33:41 +0000  1704 bytes for ./Payload/ivooxNew.app/SystemTheme-Dark.plist
2026-04-14 13:33:41 +0000  copying file ./Payload/ivooxNew.app/RCPHeaderView.nib ... 
2026-04-14 13:33:41 +0000  2459 bytes for ./Payload/ivooxNew.app/RCPHeaderView.nib
2026-04-14 13:33:41 +0000  copying file ./Payload/ivooxNew.app/BottomSheetItemDetailView.nib ... 
2026-04-14 13:33:41 +0000  9877 bytes for ./Payload/ivooxNew.app/BottomSheetItemDetailView.nib
2026-04-14 13:33:41 +0000  copying file ./Payload/ivooxNew.app/CreateCell.nib ... 
2026-04-14 13:33:41 +0000  4820 bytes for ./Payload/ivooxNew.app/CreateCell.nib
2026-04-14 13:33:41 +0000  copying file ./Payload/ivooxNew.app/ProductCardCell.nib ... 
2026-04-14 13:33:41 +0000  7734 bytes for ./Payload/ivooxNew.app/ProductCardCell.nib
2026-04-14 13:33:41 +0000  copying file ./Payload/ivooxNew.app/FansSupportView.nib ... 
2026-04-14 13:33:41 +0000  8928 bytes for ./Payload/ivooxNew.app/FansSupportView.nib
2026-04-14 13:33:41 +0000  copying file ./Payload/ivooxNew.app/DynamicExploreCategoryHeaderViewComponent.nib ... 
2026-04-14 13:33:41 +0000  2435 bytes for ./Payload/ivooxNew.app/DynamicExploreCategoryHeaderViewComponent.nib
2026-04-14 13:33:41 +0000  copying file ./Payload/ivooxNew.app/PRNavControlsView.nib ... 
2026-04-14 13:33:41 +0000  4601 bytes for ./Payload/ivooxNew.app/PRNavControlsView.nib
2026-04-14 13:33:41 +0000  copying file ./Payload/ivooxNew.app/DGToast.nib ... 
2026-04-14 13:33:41 +0000  5554 bytes for ./Payload/ivooxNew.app/DGToast.nib
2026-04-14 13:33:41 +0000  copying file ./Payload/ivooxNew.app/DynamicPreferredProgramsCell.nib ... 
2026-04-14 13:33:41 +0000  7456 bytes for ./Payload/ivooxNew.app/DynamicPreferredProgramsCell.nib
2026-04-14 13:33:41 +0000  copying file ./Payload/ivooxNew.app/PlugIns/WidgetExtension.appex/de.lproj/Localizable.strings ... 
2026-04-14 13:33:41 +0000  224036 bytes for ./Payload/ivooxNew.app/PlugIns/WidgetExtension.appex/de.lproj/Localizable.strings
2026-04-14 13:33:41 +0000  copying file ./Payload/ivooxNew.app/PlugIns/WidgetExtension.appex/de.lproj/Localizable.stringsdict ... 
2026-04-14 13:33:41 +0000  1056 bytes for ./Payload/ivooxNew.app/PlugIns/WidgetExtension.appex/de.lproj/Localizable.stringsdict
2026-04-14 13:33:41 +0000  copying file ./Payload/ivooxNew.app/PlugIns/WidgetExtension.appex/_CodeSignature/CodeResources ... 
2026-04-14 13:33:41 +0000  8148 bytes for ./Payload/ivooxNew.app/PlugIns/WidgetExtension.appex/_CodeSignature/CodeResources
2026-04-14 13:33:41 +0000  copying file ./Payload/ivooxNew.app/PlugIns/WidgetExtension.appex/en.lproj/Localizable.strings ... 
2026-04-14 13:33:41 +0000  167855 bytes for ./Payload/ivooxNew.app/PlugIns/WidgetExtension.appex/en.lproj/Localizable.strings
2026-04-14 13:33:41 +0000  copying file ./Payload/ivooxNew.app/PlugIns/WidgetExtension.appex/en.lproj/Localizable.stringsdict ... 
2026-04-14 13:33:41 +0000  835 bytes for ./Payload/ivooxNew.app/PlugIns/WidgetExtension.appex/en.lproj/Localizable.stringsdict
2026-04-14 13:33:41 +0000  copying file ./Payload/ivooxNew.app/PlugIns/WidgetExtension.appex/es.lproj/Localizable.strings ... 
2026-04-14 13:33:41 +0000  148800 bytes for ./Payload/ivooxNew.app/PlugIns/WidgetExtension.appex/es.lproj/Localizable.strings
2026-04-14 13:33:41 +0000  copying file ./Payload/ivooxNew.app/PlugIns/WidgetExtension.appex/es.lproj/Localizable.stringsdict ... 
2026-04-14 13:33:41 +0000  1065 bytes for ./Payload/ivooxNew.app/PlugIns/WidgetExtension.appex/es.lproj/Localizable.stringsdict
2026-04-14 13:33:41 +0000  copying file ./Payload/ivooxNew.app/PlugIns/WidgetExtension.appex/WidgetExtension ... 
2026-04-14 13:33:41 +0000  564496 bytes for ./Payload/ivooxNew.app/PlugIns/WidgetExtension.appex/WidgetExtension
2026-04-14 13:33:41 +0000  copying file ./Payload/ivooxNew.app/PlugIns/WidgetExtension.appex/Figtree-Variable.ttf ... 
2026-04-14 13:33:41 +0000  62412 bytes for ./Payload/ivooxNew.app/PlugIns/WidgetExtension.appex/Figtree-Variable.ttf
2026-04-14 13:33:41 +0000  copying file ./Payload/ivooxNew.app/PlugIns/WidgetExtension.appex/Bounded-Variable.ttf ... 
2026-04-14 13:33:41 +0000  645520 bytes for ./Payload/ivooxNew.app/PlugIns/WidgetExtension.appex/Bounded-Variable.ttf
2026-04-14 13:33:41 +0000  copying file ./Payload/ivooxNew.app/PlugIns/WidgetExtension.appex/Assets.car ... 
2026-04-14 13:33:41 +0000  89928 bytes for ./Payload/ivooxNew.app/PlugIns/WidgetExtension.appex/Assets.car
2026-04-14 13:33:41 +0000  copying file ./Payload/ivooxNew.app/PlugIns/WidgetExtension.appex/Figtree-Italic-Variable.ttf ... 
2026-04-14 13:33:41 +0000  62292 bytes for ./Payload/ivooxNew.app/PlugIns/WidgetExtension.appex/Figtree-Italic-Variable.ttf
2026-04-14 13:33:41 +0000  copying file ./Payload/ivooxNew.app/PlugIns/WidgetExtension.appex/pt-BR.lproj/Localizable.strings ... 
2026-04-14 13:33:41 +0000  217608 bytes for ./Payload/ivooxNew.app/PlugIns/WidgetExtension.appex/pt-BR.lproj/Localizable.strings
2026-04-14 13:33:41 +0000  copying file ./Payload/ivooxNew.app/PlugIns/WidgetExtension.appex/pt-BR.lproj/Localizable.stringsdict ... 
2026-04-14 13:33:41 +0000  1129 bytes for ./Payload/ivooxNew.app/PlugIns/WidgetExtension.appex/pt-BR.lproj/Localizable.stringsdict
2026-04-14 13:33:41 +0000  copying file ./Payload/ivooxNew.app/PlugIns/WidgetExtension.appex/PrivacyInfo.xcprivacy ... 
2026-04-14 13:33:41 +0000  501 bytes for ./Payload/ivooxNew.app/PlugIns/WidgetExtension.appex/PrivacyInfo.xcprivacy
2026-04-14 13:33:41 +0000  copying file ./Payload/ivooxNew.app/PlugIns/WidgetExtension.appex/fr.lproj/Localizable.strings ... 
2026-04-14 13:33:41 +0000  232139 bytes for ./Payload/ivooxNew.app/PlugIns/WidgetExtension.appex/fr.lproj/Localizable.strings
2026-04-14 13:33:41 +0000  copying file ./Payload/ivooxNew.app/PlugIns/WidgetExtension.appex/fr.lproj/Localizable.stringsdict ... 
2026-04-14 13:33:41 +0000  1171 bytes for ./Payload/ivooxNew.app/PlugIns/WidgetExtension.appex/fr.lproj/Localizable.stringsdict
2026-04-14 13:33:41 +0000  copying file ./Payload/ivooxNew.app/PlugIns/WidgetExtension.appex/pt.lproj/Localizable.strings ... 
2026-04-14 13:33:41 +0000  218003 bytes for ./Payload/ivooxNew.app/PlugIns/WidgetExtension.appex/pt.lproj/Localizable.strings
2026-04-14 13:33:41 +0000  copying file ./Payload/ivooxNew.app/PlugIns/WidgetExtension.appex/pt.lproj/Localizable.stringsdict ... 
2026-04-14 13:33:41 +0000  1131 bytes for ./Payload/ivooxNew.app/PlugIns/WidgetExtension.appex/pt.lproj/Localizable.stringsdict
2026-04-14 13:33:41 +0000  copying file ./Payload/ivooxNew.app/PlugIns/WidgetExtension.appex/embedded.mobileprovision ... 
2026-04-14 13:33:41 +0000  24320 bytes for ./Payload/ivooxNew.app/PlugIns/WidgetExtension.appex/embedded.mobileprovision
2026-04-14 13:33:41 +0000  copying file ./Payload/ivooxNew.app/PlugIns/WidgetExtension.appex/Info.plist ... 
2026-04-14 13:33:41 +0000  1139 bytes for ./Payload/ivooxNew.app/PlugIns/WidgetExtension.appex/Info.plist
2026-04-14 13:33:41 +0000  copying file ./Payload/ivooxNew.app/PlugIns/WidgetExtension.appex/ca.lproj/Localizable.strings ... 
2026-04-14 13:33:41 +0000  208555 bytes for ./Payload/ivooxNew.app/PlugIns/WidgetExtension.appex/ca.lproj/Localizable.strings
2026-04-14 13:33:41 +0000  copying file ./Payload/ivooxNew.app/PlugIns/WidgetExtension.appex/ca.lproj/Localizable.stringsdict ... 
2026-04-14 13:33:41 +0000  1056 bytes for ./Payload/ivooxNew.app/PlugIns/WidgetExtension.appex/ca.lproj/Localizable.stringsdict
2026-04-14 13:33:41 +0000  copying file ./Payload/ivooxNew.app/PlugIns/RichNotificationsExtensionUI.appex/_CodeSignature/CodeResources ... 
2026-04-14 13:33:41 +0000  2962 bytes for ./Payload/ivooxNew.app/PlugIns/RichNotificationsExtensionUI.appex/_CodeSignature/CodeResources
2026-04-14 13:33:41 +0000  copying file ./Payload/ivooxNew.app/PlugIns/RichNotificationsExtensionUI.appex/Base.lproj/MainInterface.storyboardc/UIViewController-M4Y-Lb-cyx.nib ... 
2026-04-14 13:33:41 +0000  1062 bytes for ./Payload/ivooxNew.app/PlugIns/RichNotificationsExtensionUI.appex/Base.lproj/MainInterface.storyboardc/UIViewController-M4Y-Lb-cyx.nib
2026-04-14 13:33:41 +0000  copying file ./Payload/ivooxNew.app/PlugIns/RichNotificationsExtensionUI.appex/Base.lproj/MainInterface.storyboardc/M4Y-Lb-cyx-view-S3S-Oj-5AN.nib ... 
2026-04-14 13:33:41 +0000  3430 bytes for ./Payload/ivooxNew.app/PlugIns/RichNotificationsExtensionUI.appex/Base.lproj/MainInterface.storyboardc/M4Y-Lb-cyx-view-S3S-Oj-5AN.nib
2026-04-14 13:33:41 +0000  copying file ./Payload/ivooxNew.app/PlugIns/RichNotificationsExtensionUI.appex/Base.lproj/MainInterface.storyboardc/Info.plist ... 
2026-04-14 13:33:41 +0000  258 bytes for ./Payload/ivooxNew.app/PlugIns/RichNotificationsExtensionUI.appex/Base.lproj/MainInterface.storyboardc/Info.plist
2026-04-14 13:33:41 +0000  copying file ./Payload/ivooxNew.app/PlugIns/RichNotificationsExtensionUI.appex/RichNotificationsExtensionUI ... 
2026-04-14 13:33:41 +0000  89376 bytes for ./Payload/ivooxNew.app/PlugIns/RichNotificationsExtensionUI.appex/RichNotificationsExtensionUI
2026-04-14 13:33:41 +0000  copying file ./Payload/ivooxNew.app/PlugIns/RichNotificationsExtensionUI.appex/embedded.mobileprovision ... 
2026-04-14 13:33:41 +0000  24516 bytes for ./Payload/ivooxNew.app/PlugIns/RichNotificationsExtensionUI.appex/embedded.mobileprovision
2026-04-14 13:33:41 +0000  copying file ./Payload/ivooxNew.app/PlugIns/RichNotificationsExtensionUI.appex/Info.plist ... 
2026-04-14 13:33:41 +0000  1225 bytes for ./Payload/ivooxNew.app/PlugIns/RichNotificationsExtensionUI.appex/Info.plist
2026-04-14 13:33:41 +0000  copying file ./Payload/ivooxNew.app/PlugIns/RichNotificationsExtension.appex/_CodeSignature/CodeResources ... 
2026-04-14 13:33:41 +0000  2040 bytes for ./Payload/ivooxNew.app/PlugIns/RichNotificationsExtension.appex/_CodeSignature/CodeResources
2026-04-14 13:33:41 +0000  copying file ./Payload/ivooxNew.app/PlugIns/RichNotificationsExtension.appex/RichNotificationsExtension ... 
2026-04-14 13:33:41 +0000  112720 bytes for ./Payload/ivooxNew.app/PlugIns/RichNotificationsExtension.appex/RichNotificationsExtension
2026-04-14 13:33:41 +0000  copying file ./Payload/ivooxNew.app/PlugIns/RichNotificationsExtension.appex/embedded.mobileprovision ... 
2026-04-14 13:33:41 +0000  24474 bytes for ./Payload/ivooxNew.app/PlugIns/RichNotificationsExtension.appex/embedded.mobileprovision
2026-04-14 13:33:41 +0000  copying file ./Payload/ivooxNew.app/PlugIns/RichNotificationsExtension.appex/Info.plist ... 
2026-04-14 13:33:41 +0000  990 bytes for ./Payload/ivooxNew.app/PlugIns/RichNotificationsExtension.appex/Info.plist
2026-04-14 13:33:41 +0000  copying file ./Payload/ivooxNew.app/SCORBundle.bundle/.pod ... 
2026-04-14 13:33:41 +0000  0 bytes for ./Payload/ivooxNew.app/SCORBundle.bundle/.pod
copying file ./Payload/ivooxNew.app/SCORBundle.bundle/Info.plist ... 
2026-04-14 13:33:41 +0000  761 bytes for ./Payload/ivooxNew.app/SCORBundle.bundle/Info.plist
2026-04-14 13:33:41 +0000  copying file ./Payload/ivooxNew.app/ProgramSettingsSectionHeaderView.nib ... 
2026-04-14 13:33:41 +0000  3278 bytes for ./Payload/ivooxNew.app/ProgramSettingsSectionHeaderView.nib
2026-04-14 13:33:41 +0000  copying file ./Payload/ivooxNew.app/PRCarouselControlsView.nib ... 
2026-04-14 13:33:41 +0000  2538 bytes for ./Payload/ivooxNew.app/PRCarouselControlsView.nib
2026-04-14 13:33:41 +0000  copying file ./Payload/ivooxNew.app/PSTitleView.nib ... 
2026-04-14 13:33:41 +0000  2773 bytes for ./Payload/ivooxNew.app/PSTitleView.nib
2026-04-14 13:33:41 +0000  copying file ./Payload/ivooxNew.app/FiltersView.nib ... 
2026-04-14 13:33:41 +0000  5496 bytes for ./Payload/ivooxNew.app/FiltersView.nib
2026-04-14 13:33:41 +0000  copying file ./Payload/ivooxNew.app/DynamicListSkeletonCell.nib ... 
2026-04-14 13:33:41 +0000  3506 bytes for ./Payload/ivooxNew.app/DynamicListSkeletonCell.nib
2026-04-14 13:33:41 +0000  copying file ./Payload/ivooxNew.app/MSCell.nib ... 
2026-04-14 13:33:41 +0000  5974 bytes for ./Payload/ivooxNew.app/MSCell.nib
2026-04-14 13:33:41 +0000  copying file ./Payload/ivooxNew.app/MarkersEmptyPlaceholderView.nib ... 
2026-04-14 13:33:41 +0000  1124 bytes for ./Payload/ivooxNew.app/MarkersEmptyPlaceholderView.nib
2026-04-14 13:33:41 +0000  copying file ./Payload/ivooxNew.app/FansSupportListItem.nib ... 
2026-04-14 13:33:41 +0000  3530 bytes for ./Payload/ivooxNew.app/FansSupportListItem.nib
2026-04-14 13:33:41 +0000  copying file ./Payload/ivooxNew.app/SmartListDescriptionFooter.nib ... 
2026-04-14 13:33:41 +0000  3225 bytes for ./Payload/ivooxNew.app/SmartListDescriptionFooter.nib
2026-04-14 13:33:41 +0000  copying file ./Payload/ivooxNew.app/ServerDownViewController.nib ... 
2026-04-14 13:33:41 +0000  5908 bytes for ./Payload/ivooxNew.app/ServerDownViewController.nib
2026-04-14 13:33:41 +0000  copying file ./Payload/ivooxNew.app/AppIcon60x60@2x.png ... 
2026-04-14 13:33:41 +0000  3361 bytes for ./Payload/ivooxNew.app/AppIcon60x60@2x.png
2026-04-14 13:33:41 +0000  copying file ./Payload/ivooxNew.app/PreferredCategoriesHeader.nib ... 
2026-04-14 13:33:41 +0000  4048 bytes for ./Payload/ivooxNew.app/PreferredCategoriesHeader.nib
2026-04-14 13:33:41 +0000  copying file ./Payload/ivooxNew.app/CMATitleControlsView.nib ... 
2026-04-14 13:33:41 +0000  3166 bytes for ./Payload/ivooxNew.app/CMATitleControlsView.nib
2026-04-14 13:33:41 +0000  copying file ./Payload/ivooxNew.app/ExploreRadioDetailListViewComponent.nib ... 
2026-04-14 13:33:41 +0000  1882 bytes for ./Payload/ivooxNew.app/ExploreRadioDetailListViewComponent.nib
2026-04-14 13:33:41 +0000  copying file ./Payload/ivooxNew.app/CMRelatedProgramsEmptyView.nib ... 
2026-04-14 13:33:41 +0000  4691 bytes for ./Payload/ivooxNew.app/CMRelatedProgramsEmptyView.nib
2026-04-14 13:33:41 +0000  copying file ./Payload/ivooxNew.app/Figtree-Variable.ttf ... 
2026-04-14 13:33:41 +0000  62412 bytes for ./Payload/ivooxNew.app/Figtree-Variable.ttf
2026-04-14 13:33:41 +0000  copying file ./Payload/ivooxNew.app/PPOCardCell.nib ... 
2026-04-14 13:33:41 +0000  7628 bytes for ./Payload/ivooxNew.app/PPOCardCell.nib
2026-04-14 13:33:41 +0000  copying file ./Payload/ivooxNew.app/ProgramSearchView.nib ... 
2026-04-14 13:33:41 +0000  3760 bytes for ./Payload/ivooxNew.app/ProgramSearchView.nib
2026-04-14 13:33:41 +0000  copying file ./Payload/ivooxNew.app/LibraryAddSubscriptionSearchEmptyView.nib ... 
2026-04-14 13:33:41 +0000  3985 bytes for ./Payload/ivooxNew.app/LibraryAddSubscriptionSearchEmptyView.nib
2026-04-14 13:33:41 +0000  copying file ./Payload/ivooxNew.app/SettingsSectionFooter.nib ... 
2026-04-14 13:33:41 +0000  3422 bytes for ./Payload/ivooxNew.app/SettingsSectionFooter.nib
2026-04-14 13:33:41 +0000  copying file ./Payload/ivooxNew.app/RCPProductActionRestorePurchasesView.nib ... 
2026-04-14 13:33:41 +0000  3668 bytes for ./Payload/ivooxNew.app/RCPProductActionRestorePurchasesView.nib
2026-04-14 13:33:41 +0000  copying file ./Payload/ivooxNew.app/CMQCell.nib ... 
2026-04-14 13:33:41 +0000  4772 bytes for ./Payload/ivooxNew.app/CMQCell.nib
2026-04-14 13:33:41 +0000  copying file ./Payload/ivooxNew.app/DynamicSectionHeaderSkeletonReusableView.nib ... 
2026-04-14 13:33:41 +0000  2629 bytes for ./Payload/ivooxNew.app/DynamicSectionHeaderSkeletonReusableView.nib
2026-04-14 13:33:41 +0000  copying file ./Payload/ivooxNew.app/DynamicUserHeaderSkeletonReusableView.nib ... 
2026-04-14 13:33:41 +0000  2309 bytes for ./Payload/ivooxNew.app/DynamicUserHeaderSkeletonReusableView.nib
2026-04-14 13:33:41 +0000  copying file ./Payload/ivooxNew.app/ContextMenuAudioView.nib ... 
2026-04-14 13:33:41 +0000  6739 bytes for ./Payload/ivooxNew.app/ContextMenuAudioView.nib
2026-04-14 13:33:41 +0000  copying file ./Payload/ivooxNew.app/MySupportDetailFooterView.nib ... 
2026-04-14 13:33:41 +0000  3848 bytes for ./Payload/ivooxNew.app/MySupportDetailFooterView.nib
2026-04-14 13:33:41 +0000  copying file ./Payload/ivooxNew.app/ExploreRadioDetailHeaderViewComponent.nib ... 
2026-04-14 13:33:41 +0000  2411 bytes for ./Payload/ivooxNew.app/ExploreRadioDetailHeaderViewComponent.nib
2026-04-14 13:33:41 +0000  copying file ./Payload/ivooxNew.app/IVPodcastDetailViewController.nib ... 
2026-04-14 13:33:41 +0000  2044 bytes for ./Payload/ivooxNew.app/IVPodcastDetailViewController.nib
2026-04-14 13:33:41 +0000  copying file ./Payload/ivooxNew.app/FansSupportListView.nib ... 
2026-04-14 13:33:41 +0000  2529 bytes for ./Payload/ivooxNew.app/FansSupportListView.nib
2026-04-14 13:33:41 +0000  copying file ./Payload/ivooxNew.app/DynamicPreferredProgramsContentViewComponent.nib ... 
2026-04-14 13:33:41 +0000  1893 bytes for ./Payload/ivooxNew.app/DynamicPreferredProgramsContentViewComponent.nib
2026-04-14 13:33:41 +0000  copying file ./Payload/ivooxNew.app/DynamicAlertCell.nib ... 
2026-04-14 13:33:41 +0000  8579 bytes for ./Payload/ivooxNew.app/DynamicAlertCell.nib
2026-04-14 13:33:41 +0000  copying file ./Payload/ivooxNew.app/DynamicSectionFooterReusableView.nib ... 
2026-04-14 13:33:41 +0000  1934 bytes for ./Payload/ivooxNew.app/DynamicSectionFooterReusableView.nib
2026-04-14 13:33:41 +0000  copying file ./Payload/ivooxNew.app/PAQWeRecommendCell.nib ... 
2026-04-14 13:33:41 +0000  5508 bytes for ./Payload/ivooxNew.app/PAQWeRecommendCell.nib
2026-04-14 13:33:41 +0000  copying file ./Payload/ivooxNew.app/Launch Screen.storyboardc/01J-lp-oVM-view-Ze5-6b-2t3.nib ... 
2026-04-14 13:33:41 +0000  1400 bytes for ./Payload/ivooxNew.app/Launch Screen.storyboardc/01J-lp-oVM-view-Ze5-6b-2t3.nib
2026-04-14 13:33:41 +0000  copying file ./Payload/ivooxNew.app/Launch Screen.storyboardc/UIViewController-01J-lp-oVM.nib ... 
2026-04-14 13:33:41 +0000  924 bytes for ./Payload/ivooxNew.app/Launch Screen.storyboardc/UIViewController-01J-lp-oVM.nib
2026-04-14 13:33:41 +0000  copying file ./Payload/ivooxNew.app/Launch Screen.storyboardc/Info.plist ... 
2026-04-14 13:33:41 +0000  258 bytes for ./Payload/ivooxNew.app/Launch Screen.storyboardc/Info.plist
2026-04-14 13:33:41 +0000  copying file ./Payload/ivooxNew.app/ATTView.nib ... 
2026-04-14 13:33:41 +0000  6092 bytes for ./Payload/ivooxNew.app/ATTView.nib
2026-04-14 13:33:41 +0000  copying file ./Payload/ivooxNew.app/PushPermissionsView.nib ... 
2026-04-14 13:33:41 +0000  7292 bytes for ./Payload/ivooxNew.app/PushPermissionsView.nib
2026-04-14 13:33:41 +0000  copying file ./Payload/ivooxNew.app/LCLCheckCell.nib ... 
2026-04-14 13:33:41 +0000  4138 bytes for ./Payload/ivooxNew.app/LCLCheckCell.nib
2026-04-14 13:33:41 +0000  copying file ./Payload/ivooxNew.app/ExploreSearchListViewComponent.nib ... 
2026-04-14 13:33:41 +0000  1230 bytes for ./Payload/ivooxNew.app/ExploreSearchListViewComponent.nib
2026-04-14 13:33:41 +0000  copying file ./Payload/ivooxNew.app/ExploreView.nib ... 
2026-04-14 13:33:41 +0000  2836 bytes for ./Payload/ivooxNew.app/ExploreView.nib
2026-04-14 13:33:41 +0000  copying file ./Payload/ivooxNew.app/LibrarySearchEmptyView.nib ... 
2026-04-14 13:33:41 +0000  3970 bytes for ./Payload/ivooxNew.app/LibrarySearchEmptyView.nib
2026-04-14 13:33:41 +0000  copying file ./Payload/ivooxNew.app/multipleselection_anim.json ... 
2026-04-14 13:33:41 +0000  1462 bytes for ./Payload/ivooxNew.app/multipleselection_anim.json
2026-04-14 13:33:41 +0000  copying file ./Payload/ivooxNew.app/ExploreListViewComponent.nib ... 
2026-04-14 13:33:41 +0000  1871 bytes for ./Payload/ivooxNew.app/ExploreListViewComponent.nib
2026-04-14 13:33:41 +0000  copying file ./Payload/ivooxNew.app/CPSaveButtonView.nib ... 
2026-04-14 13:33:41 +0000  3122 bytes for ./Payload/ivooxNew.app/CPSaveButtonView.nib
2026-04-14 13:33:41 +0000  copying file ./Payload/ivooxNew.app/MagazineHeaderView.nib ... 
2026-04-14 13:33:41 +0000  6392 bytes for ./Payload/ivooxNew.app/MagazineHeaderView.nib
2026-04-14 13:33:41 +0000  copying file ./Payload/ivooxNew.app/DynamicGridPillCell.nib ... 
2026-04-14 13:33:41 +0000  2262 bytes for ./Payload/ivooxNew.app/DynamicGridPillCell.nib
2026-04-14 13:33:41 +0000  copying file ./Payload/ivooxNew.app/PurchaseInAppFAQHeader.nib ... 
2026-04-14 13:33:41 +0000  4042 bytes for ./Payload/ivooxNew.app/PurchaseInAppFAQHeader.nib
2026-04-14 13:33:41 +0000  copying file ./Payload/ivooxNew.app/MySupportsPodcastCell.nib ... 
2026-04-14 13:33:41 +0000  5813 bytes for ./Payload/ivooxNew.app/MySupportsPodcastCell.nib
2026-04-14 13:33:41 +0000  copying file ./Payload/ivooxNew.app/LibraryAddSubscriptionSearchListViewComponent.nib ... 
2026-04-14 13:33:41 +0000  1245 bytes for ./Payload/ivooxNew.app/LibraryAddSubscriptionSearchListViewComponent.nib
2026-04-14 13:33:41 +0000  copying file ./Payload/ivooxNew.app/RCPLoginView.nib ... 
2026-04-14 13:33:41 +0000  3833 bytes for ./Payload/ivooxNew.app/RCPLoginView.nib
2026-04-14 13:33:41 +0000  copying file ./Payload/ivooxNew.app/UserMessagingPlatformResources.bundle/PrivacyInfo.xcprivacy ... 
2026-04-14 13:33:41 +0000  1677 bytes for ./Payload/ivooxNew.app/UserMessagingPlatformResources.bundle/PrivacyInfo.xcprivacy
2026-04-14 13:33:41 +0000  copying file ./Payload/ivooxNew.app/UserMessagingPlatformResources.bundle/Info.plist ... 
2026-04-14 13:33:41 +0000  802 bytes for ./Payload/ivooxNew.app/UserMessagingPlatformResources.bundle/Info.plist
2026-04-14 13:33:41 +0000  copying file ./Payload/ivooxNew.app/PurchasePremiumSuccessListView.nib ... 
2026-04-14 13:33:41 +0000  2540 bytes for ./Payload/ivooxNew.app/PurchasePremiumSuccessListView.nib
2026-04-14 13:33:41 +0000  copying file ./Payload/ivooxNew.app/ContextMenuListView.nib ... 
2026-04-14 13:33:41 +0000  5552 bytes for ./Payload/ivooxNew.app/ContextMenuListView.nib
2026-04-14 13:33:41 +0000  copying file ./Payload/ivooxNew.app/EpisodeCollectionCellList.nib ... 
2026-04-14 13:33:41 +0000  10084 bytes for ./Payload/ivooxNew.app/EpisodeCollectionCellList.nib
2026-04-14 13:33:41 +0000  copying file ./Payload/ivooxNew.app/LoginPassRecoveryFieldsView.nib ... 
2026-04-14 13:33:41 +0000  2274 bytes for ./Payload/ivooxNew.app/LoginPassRecoveryFieldsView.nib
2026-04-14 13:33:41 +0000  copying file ./Payload/ivooxNew.app/LargeTitleHeader.nib ... 
2026-04-14 13:33:41 +0000  3927 bytes for ./Payload/ivooxNew.app/LargeTitleHeader.nib
2026-04-14 13:33:41 +0000  copying file ./Payload/ivooxNew.app/BottomSheetView.nib ... 
2026-04-14 13:33:41 +0000  4624 bytes for ./Payload/ivooxNew.app/BottomSheetView.nib
2026-04-14 13:33:41 +0000  copying file ./Payload/ivooxNew.app/CPCommentView.nib ... 
2026-04-14 13:33:41 +0000  5308 bytes for ./Payload/ivooxNew.app/CPCommentView.nib
2026-04-14 13:33:41 +0000  copying file ./Payload/ivooxNew.app/WelcomeToRedesign.plist ... 
2026-04-14 13:33:41 +0000  226 bytes for ./Payload/ivooxNew.app/WelcomeToRedesign.plist
2026-04-14 13:33:41 +0000  copying file ./Payload/ivooxNew.app/LibraryNewEpisodesView.nib ... 
2026-04-14 13:33:41 +0000  1222 bytes for ./Payload/ivooxNew.app/LibraryNewEpisodesView.nib
2026-04-14 13:33:41 +0000  copying file ./Payload/ivooxNew.app/SurpriseMeAudioListView.nib ... 
2026-04-14 13:33:41 +0000  3163 bytes for ./Payload/ivooxNew.app/SurpriseMeAudioListView.nib
2026-04-14 13:33:41 +0000  copying file ./Payload/ivooxNew.app/GoogleMobileAdsResources.bundle/PrivacyInfo.xcprivacy ... 
2026-04-14 13:33:41 +0000  4491 bytes for ./Payload/ivooxNew.app/GoogleMobileAdsResources.bundle/PrivacyInfo.xcprivacy
2026-04-14 13:33:41 +0000  copying file ./Payload/ivooxNew.app/GoogleMobileAdsResources.bundle/Info.plist ... 
2026-04-14 13:33:41 +0000  792 bytes for ./Payload/ivooxNew.app/GoogleMobileAdsResources.bundle/Info.plist
2026-04-14 13:33:41 +0000  copying file ./Payload/ivooxNew.app/RegisterAgeGenderView.nib ... 
2026-04-14 13:33:41 +0000  7531 bytes for ./Payload/ivooxNew.app/RegisterAgeGenderView.nib
2026-04-14 13:33:41 +0000  copying file ./Payload/ivooxNew.app/soundBars.json ... 
2026-04-14 13:33:41 +0000  11508 bytes for ./Payload/ivooxNew.app/soundBars.json
2026-04-14 13:33:41 +0000  copying file ./Payload/ivooxNew.app/DynamicGridCell.nib ... 
2026-04-14 13:33:41 +0000  7453 bytes for ./Payload/ivooxNew.app/DynamicGridCell.nib
2026-04-14 13:33:41 +0000  copying file ./Payload/ivooxNew.app/CMQHeaderView.nib ... 
2026-04-14 13:33:41 +0000  3367 bytes for ./Payload/ivooxNew.app/CMQHeaderView.nib
2026-04-14 13:33:41 +0000  copying file ./Payload/ivooxNew.app/IVAudioPlaceholderCell.nib ... 
2026-04-14 13:33:41 +0000  7027 bytes for ./Payload/ivooxNew.app/IVAudioPlaceholderCell.nib
2026-04-14 13:33:41 +0000  copying file ./Payload/ivooxNew.app/SmartListMenuCell.nib ... 
2026-04-14 13:33:41 +0000  4578 bytes for ./Payload/ivooxNew.app/SmartListMenuCell.nib
2026-04-14 13:33:41 +0000  copying file ./Payload/ivooxNew.app/LibraryAddSubscriptionSearchFooterView.nib ... 
2026-04-14 13:33:41 +0000  3207 bytes for ./Payload/ivooxNew.app/LibraryAddSubscriptionSearchFooterView.nib
2026-04-14 13:33:41 +0000  copying file ./Payload/ivooxNew.app/MarkersHeaderView.nib ... 
2026-04-14 13:33:41 +0000  5158 bytes for ./Payload/ivooxNew.app/MarkersHeaderView.nib
2026-04-14 13:33:41 +0000  copying file ./Payload/ivooxNew.app/FiltersCell.nib ... 
2026-04-14 13:33:41 +0000  4409 bytes for ./Payload/ivooxNew.app/FiltersCell.nib
2026-04-14 13:33:41 +0000  copying file ./Payload/ivooxNew.app/IVSettingsTableViewController.nib ... 
2026-04-14 13:33:41 +0000  1893 bytes for ./Payload/ivooxNew.app/IVSettingsTableViewController.nib
2026-04-14 13:33:41 +0000  copying file ./Payload/ivooxNew.app/DynamicPreferredProgramsView.nib ... 
2026-04-14 13:33:41 +0000  2772 bytes for ./Payload/ivooxNew.app/DynamicPreferredProgramsView.nib
2026-04-14 13:33:41 +0000  copying file ./Payload/ivooxNew.app/PRCoverControlsView.nib ... 
2026-04-14 13:33:41 +0000  2719 bytes for ./Payload/ivooxNew.app/PRCoverControlsView.nib
2026-04-14 13:33:41 +0000  copying file ./Payload/ivooxNew.app/AudioPopupAdsView.nib ... 
2026-04-14 13:33:41 +0000  6515 bytes for ./Payload/ivooxNew.app/AudioPopupAdsView.nib
2026-04-14 13:33:41 +0000  copying file ./Payload/ivooxNew.app/LASSLoaderCell.nib ... 
2026-04-14 13:33:41 +0000  2281 bytes for ./Payload/ivooxNew.app/LASSLoaderCell.nib
2026-04-14 13:33:41 +0000  copying file ./Payload/ivooxNew.app/PurchasePlusSuccessView.nib ... 
2026-04-14 13:33:41 +0000  7831 bytes for ./Payload/ivooxNew.app/PurchasePlusSuccessView.nib
2026-04-14 13:33:41 +0000  copying file ./Payload/ivooxNew.app/PurchasePlusProgramDetailView.nib ... 
2026-04-14 13:33:41 +0000  8440 bytes for ./Payload/ivooxNew.app/PurchasePlusProgramDetailView.nib
2026-04-14 13:33:41 +0000  copying file ./Payload/ivooxNew.app/LCLSectionHeaderView.nib ... 
2026-04-14 13:33:41 +0000  3266 bytes for ./Payload/ivooxNew.app/LCLSectionHeaderView.nib
2026-04-14 13:33:41 +0000  copying file ./Payload/ivooxNew.app/PurchasePlusMainListItem.nib ... 
2026-04-14 13:33:41 +0000  3535 bytes for ./Payload/ivooxNew.app/PurchasePlusMainListItem.nib
2026-04-14 13:33:41 +0000  copying file ./Payload/ivooxNew.app/RCPProductCard.nib ... 
2026-04-14 13:33:41 +0000  5796 bytes for ./Payload/ivooxNew.app/RCPProductCard.nib
2026-04-14 13:33:41 +0000  copying file ./Payload/ivooxNew.app/CommentsHeader.nib ... 
2026-04-14 13:33:41 +0000  6113 bytes for ./Payload/ivooxNew.app/CommentsHeader.nib
2026-04-14 13:33:41 +0000  copying file ./Payload/ivooxNew.app/PurchasePremiumSuccessListItem.nib ... 
2026-04-14 13:33:41 +0000  3541 bytes for ./Payload/ivooxNew.app/PurchasePremiumSuccessListItem.nib
2026-04-14 13:33:41 +0000  copying file ./Payload/ivooxNew.app/CMRPHeaderView.nib ... 
2026-04-14 13:33:41 +0000  2677 bytes for ./Payload/ivooxNew.app/CMRPHeaderView.nib
2026-04-14 13:33:41 +0000  copying file ./Payload/ivooxNew.app/Mapping_v53_to_v54.cdm ... 
2026-04-14 13:33:41 +0000  202029 bytes for ./Payload/ivooxNew.app/Mapping_v53_to_v54.cdm
2026-04-14 13:33:41 +0000  copying file ./Payload/ivooxNew.app/CPCoverView.nib ... 
2026-04-14 13:33:41 +0000  2905 bytes for ./Payload/ivooxNew.app/CPCoverView.nib
2026-04-14 13:33:41 +0000  copying file ./Payload/ivooxNew.app/GoogleService-Info.plist ... 
2026-04-14 13:33:41 +0000  820 bytes for ./Payload/ivooxNew.app/GoogleService-Info.plist
2026-04-14 13:33:41 +0000  copying file ./Payload/ivooxNew.app/PSCommentView.nib ... 
2026-04-14 13:33:41 +0000  4808 bytes for ./Payload/ivooxNew.app/PSCommentView.nib
2026-04-14 13:33:41 +0000  copying file ./Payload/ivooxNew.app/PSCoverView.nib ... 
2026-04-14 13:33:41 +0000  2667 bytes for ./Payload/ivooxNew.app/PSCoverView.nib
2026-04-14 13:33:41 +0000  copying file ./Payload/ivooxNew.app/PAQEmptyPlaceholderView.nib ... 
2026-04-14 13:33:41 +0000  3772 bytes for ./Payload/ivooxNew.app/PAQEmptyPlaceholderView.nib
2026-04-14 13:33:41 +0000  copying file ./Payload/ivooxNew.app/PodcastCell.nib ... 
2026-04-14 13:33:41 +0000  7402 bytes for ./Payload/ivooxNew.app/PodcastCell.nib
2026-04-14 13:33:41 +0000  copying file ./Payload/ivooxNew.app/ProgramPostEpisodeCell.nib ... 
2026-04-14 13:33:41 +0000  9152 bytes for ./Payload/ivooxNew.app/ProgramPostEpisodeCell.nib
2026-04-14 13:33:41 +0000  copying file ./Payload/ivooxNew.app/DPCSkeletonCell.nib ... 
2026-04-14 13:33:41 +0000  3432 bytes for ./Payload/ivooxNew.app/DPCSkeletonCell.nib
2026-04-14 13:33:41 +0000  copying file ./Payload/ivooxNew.app/LoginSignUpPageControllerView.nib ... 
2026-04-14 13:33:41 +0000  4441 bytes for ./Payload/ivooxNew.app/LoginSignUpPageControllerView.nib
2026-04-14 13:33:41 +0000  copying file ./Payload/ivooxNew.app/PlayerPodmarksFooterErrorView.nib ... 
2026-04-14 13:33:41 +0000  3963 bytes for ./Payload/ivooxNew.app/PlayerPodmarksFooterErrorView.nib
2026-04-14 13:33:41 +0000  copying file ./Payload/ivooxNew.app/LoginPassRecoveryConfirmTitleView.nib ... 
2026-04-14 13:33:41 +0000  4473 bytes for ./Payload/ivooxNew.app/LoginPassRecoveryConfirmTitleView.nib
2026-04-14 13:33:41 +0000  copying file ./Payload/ivooxNew.app/SettingsSectionHeader.nib ... 
2026-04-14 13:33:41 +0000  3350 bytes for ./Payload/ivooxNew.app/SettingsSectionHeader.nib
2026-04-14 13:33:41 +0000  copying file ./Payload/ivooxNew.app/FBAudienceNetwork.bundle/PrivacyInfo.xcprivacy ... 
2026-04-14 13:33:41 +0000  1955 bytes for ./Payload/ivooxNew.app/FBAudienceNetwork.bundle/PrivacyInfo.xcprivacy
2026-04-14 13:33:41 +0000  copying file ./Payload/ivooxNew.app/FBAudienceNetwork.bundle/Info.plist ... 
2026-04-14 13:33:41 +0000  777 bytes for ./Payload/ivooxNew.app/FBAudienceNetwork.bundle/Info.plist
2026-04-14 13:33:41 +0000  copying file ./Payload/ivooxNew.app/RedeemCodeView.nib ... 
2026-04-14 13:33:41 +0000  10821 bytes for ./Payload/ivooxNew.app/RedeemCodeView.nib
2026-04-14 13:33:41 +0000  copying file ./Payload/ivooxNew.app/PurchasePlusMainListView.nib ... 
2026-04-14 13:33:41 +0000  2534 bytes for ./Payload/ivooxNew.app/PurchasePlusMainListView.nib
2026-04-14 13:33:41 +0000  copying file ./Payload/ivooxNew.app/IVSettingCheckCell.nib ... 
2026-04-14 13:33:41 +0000  3927 bytes for ./Payload/ivooxNew.app/IVSettingCheckCell.nib
2026-04-14 13:33:41 +0000  copying file ./Payload/ivooxNew.app/GDPRView.nib ... 
2026-04-14 13:33:41 +0000  6775 bytes for ./Payload/ivooxNew.app/GDPRView.nib
2026-04-14 13:33:41 +0000  copying file ./Payload/ivooxNew.app/LibraryAddSubscriptionView.nib ... 
2026-04-14 13:33:41 +0000  3123 bytes for ./Payload/ivooxNew.app/LibraryAddSubscriptionView.nib
2026-04-14 13:33:41 +0000  copying file ./Payload/ivooxNew.app/AlertPopupView.nib ... 
2026-04-14 13:33:41 +0000  9042 bytes for ./Payload/ivooxNew.app/AlertPopupView.nib
2026-04-14 13:33:41 +0000  copying file ./Payload/ivooxNew.app/CommentCell.nib ... 
2026-04-14 13:33:41 +0000  8494 bytes for ./Payload/ivooxNew.app/CommentCell.nib
2026-04-14 13:33:41 +0000  copying file ./Payload/ivooxNew.app/CPPlainCell.nib ... 
2026-04-14 13:33:41 +0000  4222 bytes for ./Payload/ivooxNew.app/CPPlainCell.nib
2026-04-14 13:33:41 +0000  copying file ./Payload/ivooxNew.app/CancelPurchaseView.nib ... 
2026-04-14 13:33:41 +0000  8946 bytes for ./Payload/ivooxNew.app/CancelPurchaseView.nib
2026-04-14 13:33:41 +0000  copying file ./Payload/ivooxNew.app/LibraryAddSubscriptionSearchTrendingCell.nib ... 
2026-04-14 13:33:41 +0000  4740 bytes for ./Payload/ivooxNew.app/LibraryAddSubscriptionSearchTrendingCell.nib
2026-04-14 13:33:41 +0000  copying file ./Payload/ivooxNew.app/IVSettingsPickerCell.nib ... 
2026-04-14 13:33:41 +0000  1985 bytes for ./Payload/ivooxNew.app/IVSettingsPickerCell.nib
2026-04-14 13:33:41 +0000  copying file ./Payload/ivooxNew.app/AudioDetailAdFluidView.nib ... 
2026-04-14 13:33:41 +0000  4710 bytes for ./Payload/ivooxNew.app/AudioDetailAdFluidView.nib
2026-04-14 13:33:41 +0000  copying file ./Payload/ivooxNew.app/TooltipMainCardView.nib ... 
2026-04-14 13:33:41 +0000  3273 bytes for ./Payload/ivooxNew.app/TooltipMainCardView.nib
2026-04-14 13:33:41 +0000  copying file ./Payload/ivooxNew.app/IVSettingsFooterView.nib ... 
2026-04-14 13:33:41 +0000  2742 bytes for ./Payload/ivooxNew.app/IVSettingsFooterView.nib
2026-04-14 13:33:41 +0000  copying file ./Payload/ivooxNew.app/PlayerPodmarksFooterView.nib ... 
2026-04-14 13:33:41 +0000  3625 bytes for ./Payload/ivooxNew.app/PlayerPodmarksFooterView.nib
2026-04-14 13:33:41 +0000  copying file ./Payload/ivooxNew.app/BottomCTAButtonView.nib ... 
2026-04-14 13:33:41 +0000  6036 bytes for ./Payload/ivooxNew.app/BottomCTAButtonView.nib
2026-04-14 13:33:41 +0000  copying file ./Payload/ivooxNew.app/IVSettingSectionCell.nib ... 
2026-04-14 13:33:41 +0000  3219 bytes for ./Payload/ivooxNew.app/IVSettingSectionCell.nib
2026-04-14 13:33:41 +0000  copying file ./Payload/ivooxNew.app/PurchaseInAppTCView.nib ... 
2026-04-14 13:33:41 +0000  4541 bytes for ./Payload/ivooxNew.app/PurchaseInAppTCView.nib
2026-04-14 13:33:41 +0000  copying file ./Payload/ivooxNew.app/CarModeQueueView.nib ... 
2026-04-14 13:33:41 +0000  5952 bytes for ./Payload/ivooxNew.app/CarModeQueueView.nib
2026-04-14 13:33:41 +0000  copying file ./Payload/ivooxNew.app/ExploreHeaderViewComponent.nib ... 
2026-04-14 13:33:41 +0000  2400 bytes for ./Payload/ivooxNew.app/ExploreHeaderViewComponent.nib
2026-04-14 13:33:41 +0000  copying file ./Payload/ivooxNew.app/CreatePodmarkView.nib ... 
2026-04-14 13:33:41 +0000  5162 bytes for ./Payload/ivooxNew.app/CreatePodmarkView.nib
2026-04-14 13:33:41 +0000  copying file ./Payload/ivooxNew.app/AlertCell.nib ... 
2026-04-14 13:33:41 +0000  7198 bytes for ./Payload/ivooxNew.app/AlertCell.nib
2026-04-14 13:33:41 +0000  copying file ./Payload/ivooxNew.app/WelcomeToRedesignView.nib ... 
2026-04-14 13:33:41 +0000  6307 bytes for ./Payload/ivooxNew.app/WelcomeToRedesignView.nib
2026-04-14 13:33:41 +0000  copying file ./Payload/ivooxNew.app/IVPodcastNotificationSettingCell.nib ... 
2026-04-14 13:33:41 +0000  4097 bytes for ./Payload/ivooxNew.app/IVPodcastNotificationSettingCell.nib
2026-04-14 13:33:41 +0000  copying file ./Payload/ivooxNew.app/ExploreRadioDetailView.nib ... 
2026-04-14 13:33:41 +0000  2751 bytes for ./Payload/ivooxNew.app/ExploreRadioDetailView.nib
copying file ./Payload/ivooxNew.app/RadioRelatedProgramsView.nib ... 
2026-04-14 13:33:41 +0000  3200 bytes for ./Payload/ivooxNew.app/RadioRelatedProgramsView.nib
2026-04-14 13:33:41 +0000  copying file ./Payload/ivooxNew.app/DynamicSectionFooterGridReusableView.nib ... 
2026-04-14 13:33:41 +0000  3894 bytes for ./Payload/ivooxNew.app/DynamicSectionFooterGridReusableView.nib
2026-04-14 13:33:41 +0000  copying file ./Payload/ivooxNew.app/IVActivityIndicatorTableFooterView.nib ... 
2026-04-14 13:33:41 +0000  1788 bytes for ./Payload/ivooxNew.app/IVActivityIndicatorTableFooterView.nib
2026-04-14 13:33:41 +0000  copying file ./Payload/ivooxNew.app/Bounded-Variable.ttf ... 
2026-04-14 13:33:42 +0000  645520 bytes for ./Payload/ivooxNew.app/Bounded-Variable.ttf
2026-04-14 13:33:42 +0000  copying file ./Payload/ivooxNew.app/DynamicGridPillSkeletonCell.nib ... 
2026-04-14 13:33:42 +0000  2164 bytes for ./Payload/ivooxNew.app/DynamicGridPillSkeletonCell.nib
2026-04-14 13:33:42 +0000  copying file ./Payload/ivooxNew.app/BottomSheetViewSwitchCell.nib ... 
2026-04-14 13:33:42 +0000  5798 bytes for ./Payload/ivooxNew.app/BottomSheetViewSwitchCell.nib
2026-04-14 13:33:42 +0000  copying file ./Payload/ivooxNew.app/RadioInitialContextView.nib ... 
2026-04-14 13:33:42 +0000  6365 bytes for ./Payload/ivooxNew.app/RadioInitialContextView.nib
2026-04-14 13:33:42 +0000  copying file ./Payload/ivooxNew.app/IVPremiumPopupViewController.nib ... 
2026-04-14 13:33:42 +0000  6530 bytes for ./Payload/ivooxNew.app/IVPremiumPopupViewController.nib
2026-04-14 13:33:42 +0000  copying file ./Payload/ivooxNew.app/MultiSubscriptionView.nib ... 
2026-04-14 13:33:42 +0000  6656 bytes for ./Payload/ivooxNew.app/MultiSubscriptionView.nib
2026-04-14 13:33:42 +0000  copying file ./Payload/ivooxNew.app/PAMainControlsView.nib ... 
2026-04-14 13:33:42 +0000  4849 bytes for ./Payload/ivooxNew.app/PAMainControlsView.nib
2026-04-14 13:33:42 +0000  copying file ./Payload/ivooxNew.app/LoginSignUpPageView.nib ... 
2026-04-14 13:33:42 +0000  3340 bytes for ./Payload/ivooxNew.app/LoginSignUpPageView.nib
2026-04-14 13:33:42 +0000  copying file ./Payload/ivooxNew.app/LibrarySearchContentViewComponent.nib ... 
2026-04-14 13:33:42 +0000  1880 bytes for ./Payload/ivooxNew.app/LibrarySearchContentViewComponent.nib
2026-04-14 13:33:42 +0000  copying file ./Payload/ivooxNew.app/PPMCardCell.nib ... 
2026-04-14 13:33:42 +0000  7628 bytes for ./Payload/ivooxNew.app/PPMCardCell.nib
2026-04-14 13:33:42 +0000  copying file ./Payload/ivooxNew.app/SectionRectangleCollectionCell.nib ... 
2026-04-14 13:33:42 +0000  4004 bytes for ./Payload/ivooxNew.app/SectionRectangleCollectionCell.nib
2026-04-14 13:33:42 +0000  copying file ./Payload/ivooxNew.app/ContextMenuPodcastView.nib ... 
2026-04-14 13:33:42 +0000  4888 bytes for ./Payload/ivooxNew.app/ContextMenuPodcastView.nib
2026-04-14 13:33:42 +0000  copying file ./Payload/ivooxNew.app/ExploreDetailOnDemandView.nib ... 
2026-04-14 13:33:42 +0000  2811 bytes for ./Payload/ivooxNew.app/ExploreDetailOnDemandView.nib
2026-04-14 13:33:42 +0000  copying file ./Payload/ivooxNew.app/ExploreSearchCell.nib ... 
2026-04-14 13:33:42 +0000  4692 bytes for ./Payload/ivooxNew.app/ExploreSearchCell.nib
2026-04-14 13:33:42 +0000  copying file ./Payload/ivooxNew.app/PlayerPodmarksView.nib ... 
2026-04-14 13:33:42 +0000  4466 bytes for ./Payload/ivooxNew.app/PlayerPodmarksView.nib
2026-04-14 13:33:42 +0000  copying file ./Payload/ivooxNew.app/ChooseSubscriptionsEmptyPlaceholder.nib ... 
2026-04-14 13:33:42 +0000  3911 bytes for ./Payload/ivooxNew.app/ChooseSubscriptionsEmptyPlaceholder.nib
2026-04-14 13:33:42 +0000  copying file ./Payload/ivooxNew.app/ChooseSubscriptionCell.nib ... 
2026-04-14 13:33:42 +0000  6834 bytes for ./Payload/ivooxNew.app/ChooseSubscriptionCell.nib
2026-04-14 13:33:42 +0000  copying file ./Payload/ivooxNew.app/CMRelatedProgramsView.nib ... 
2026-04-14 13:33:42 +0000  4019 bytes for ./Payload/ivooxNew.app/CMRelatedProgramsView.nib
2026-04-14 13:33:42 +0000  copying file ./Payload/ivooxNew.app/PRMainControlsView.nib ... 
2026-04-14 13:33:42 +0000  5895 bytes for ./Payload/ivooxNew.app/PRMainControlsView.nib
2026-04-14 13:33:42 +0000  copying file ./Payload/ivooxNew.app/CMAProgressControlsView.nib ... 
2026-04-14 13:33:42 +0000  4113 bytes for ./Payload/ivooxNew.app/CMAProgressControlsView.nib
2026-04-14 13:33:42 +0000  copying file ./Payload/ivooxNew.app/ListCell.nib ... 
2026-04-14 13:33:42 +0000  8773 bytes for ./Payload/ivooxNew.app/ListCell.nib
2026-04-14 13:33:42 +0000  copying file ./Payload/ivooxNew.app/DynamicExploreCategoryContentViewComponent.nib ... 
2026-04-14 13:33:42 +0000  1891 bytes for ./Payload/ivooxNew.app/DynamicExploreCategoryContentViewComponent.nib
2026-04-14 13:33:42 +0000  copying file ./Payload/ivooxNew.app/LoginSignInFieldsView.nib ... 
2026-04-14 13:33:42 +0000  2514 bytes for ./Payload/ivooxNew.app/LoginSignInFieldsView.nib
2026-04-14 13:33:42 +0000  copying file ./Payload/ivooxNew.app/ProgramPostTextCell.nib ... 
2026-04-14 13:33:42 +0000  8556 bytes for ./Payload/ivooxNew.app/ProgramPostTextCell.nib
2026-04-14 13:33:42 +0000  copying file ./Payload/ivooxNew.app/PlayerAdsView.nib ... 
2026-04-14 13:33:42 +0000  6275 bytes for ./Payload/ivooxNew.app/PlayerAdsView.nib
2026-04-14 13:33:42 +0000  copying file ./Payload/ivooxNew.app/Assets.car ... 
2026-04-14 13:33:42 +0000  21895176 bytes for ./Payload/ivooxNew.app/Assets.car
2026-04-14 13:33:42 +0000  copying file ./Payload/ivooxNew.app/RadioCell.nib ... 
2026-04-14 13:33:42 +0000  7811 bytes for ./Payload/ivooxNew.app/RadioCell.nib
2026-04-14 13:33:42 +0000  copying file ./Payload/ivooxNew.app/PodmarksListPlaceholderView.nib ... 
2026-04-14 13:33:42 +0000  4827 bytes for ./Payload/ivooxNew.app/PodmarksListPlaceholderView.nib
2026-04-14 13:33:42 +0000  copying file ./Payload/ivooxNew.app/ChoosePlaylistView.nib ... 
2026-04-14 13:33:42 +0000  3255 bytes for ./Payload/ivooxNew.app/ChoosePlaylistView.nib
2026-04-14 13:33:42 +0000  copying file ./Payload/ivooxNew.app/PlayerAudioView.nib ... 
2026-04-14 13:33:42 +0000  5579 bytes for ./Payload/ivooxNew.app/PlayerAudioView.nib
2026-04-14 13:33:42 +0000  copying file ./Payload/ivooxNew.app/AnonymousSignUpErrorView.nib ... 
2026-04-14 13:33:42 +0000  5512 bytes for ./Payload/ivooxNew.app/AnonymousSignUpErrorView.nib
2026-04-14 13:33:42 +0000  copying file ./Payload/ivooxNew.app/CMASecondaryControlsView.nib ... 
2026-04-14 13:33:42 +0000  4633 bytes for ./Payload/ivooxNew.app/CMASecondaryControlsView.nib
2026-04-14 13:33:42 +0000  copying file ./Payload/ivooxNew.app/AppIcon76x76@2x~ipad.png ... 
2026-04-14 13:33:42 +0000  4209 bytes for ./Payload/ivooxNew.app/AppIcon76x76@2x~ipad.png
2026-04-14 13:33:42 +0000  copying file ./Payload/ivooxNew.app/CommentInputBoxView.nib ... 
2026-04-14 13:33:42 +0000  5725 bytes for ./Payload/ivooxNew.app/CommentInputBoxView.nib
2026-04-14 13:33:42 +0000  copying file ./Payload/ivooxNew.app/CarModeAudioView.nib ... 
2026-04-14 13:33:42 +0000  6488 bytes for ./Payload/ivooxNew.app/CarModeAudioView.nib
2026-04-14 13:33:42 +0000  copying file ./Payload/ivooxNew.app/PAQUpNextHeaderView.nib ... 
2026-04-14 13:33:42 +0000  4699 bytes for ./Payload/ivooxNew.app/PAQUpNextHeaderView.nib
2026-04-14 13:33:42 +0000  copying file ./Payload/ivooxNew.app/PAQTableView.nib ... 
2026-04-14 13:33:42 +0000  2500 bytes for ./Payload/ivooxNew.app/PAQTableView.nib
2026-04-14 13:33:42 +0000  copying file ./Payload/ivooxNew.app/CommentsViewController.nib ... 
2026-04-14 13:33:42 +0000  3850 bytes for ./Payload/ivooxNew.app/CommentsViewController.nib
2026-04-14 13:33:42 +0000  copying file ./Payload/ivooxNew.app/PlayerPodmarksCell.nib ... 
2026-04-14 13:33:42 +0000  6237 bytes for ./Payload/ivooxNew.app/PlayerPodmarksCell.nib
2026-04-14 13:33:42 +0000  copying file ./Payload/ivooxNew.app/CMRPCell.nib ... 
2026-04-14 13:33:42 +0000  3610 bytes for ./Payload/ivooxNew.app/CMRPCell.nib
2026-04-14 13:33:42 +0000  copying file ./Payload/ivooxNew.app/LibraryMainHeaderView.nib ... 
2026-04-14 13:33:42 +0000  1968 bytes for ./Payload/ivooxNew.app/LibraryMainHeaderView.nib
2026-04-14 13:33:42 +0000  copying file ./Payload/ivooxNew.app/ExploreSearchView.nib ... 
2026-04-14 13:33:42 +0000  2753 bytes for ./Payload/ivooxNew.app/ExploreSearchView.nib
2026-04-14 13:33:42 +0000  copying file ./Payload/ivooxNew.app/CancelPurchaseListView.nib ... 
2026-04-14 13:33:42 +0000  2532 bytes for ./Payload/ivooxNew.app/CancelPurchaseListView.nib
2026-04-14 13:33:42 +0000  copying file ./Payload/ivooxNew.app/PlaylistCollectionCellList.nib ... 
2026-04-14 13:33:42 +0000  8792 bytes for ./Payload/ivooxNew.app/PlaylistCollectionCellList.nib
2026-04-14 13:33:42 +0000  copying file ./Payload/ivooxNew.app/MultiProposalsCardTitleView.nib ... 
2026-04-14 13:33:42 +0000  4004 bytes for ./Payload/ivooxNew.app/MultiProposalsCardTitleView.nib
2026-04-14 13:33:42 +0000  copying file ./Payload/ivooxNew.app/LibraryAddSubscriptionSearchHeaderView.nib ... 
2026-04-14 13:33:42 +0000  4413 bytes for ./Payload/ivooxNew.app/LibraryAddSubscriptionSearchHeaderView.nib
2026-04-14 13:33:42 +0000  copying file ./Payload/ivooxNew.app/Figtree-Italic-Variable.ttf ... 
2026-04-14 13:33:42 +0000  62292 bytes for ./Payload/ivooxNew.app/Figtree-Italic-Variable.ttf
2026-04-14 13:33:42 +0000  copying file ./Payload/ivooxNew.app/BaseCollapsableHeaderView.nib ... 
2026-04-14 13:33:42 +0000  2518 bytes for ./Payload/ivooxNew.app/BaseCollapsableHeaderView.nib
2026-04-14 13:33:42 +0000  copying file ./Payload/ivooxNew.app/pt-BR.lproj/IVMainConfig.plist ... 
2026-04-14 13:33:42 +0000  1504 bytes for ./Payload/ivooxNew.app/pt-BR.lproj/IVMainConfig.plist
2026-04-14 13:33:42 +0000  copying file ./Payload/ivooxNew.app/pt-BR.lproj/Localizable.strings ... 
2026-04-14 13:33:42 +0000  217608 bytes for ./Payload/ivooxNew.app/pt-BR.lproj/Localizable.strings
2026-04-14 13:33:42 +0000  copying file ./Payload/ivooxNew.app/pt-BR.lproj/InfoPlist.strings ... 
2026-04-14 13:33:42 +0000  208 bytes for ./Payload/ivooxNew.app/pt-BR.lproj/InfoPlist.strings
2026-04-14 13:33:42 +0000  copying file ./Payload/ivooxNew.app/pt-BR.lproj/Localizable.stringsdict ... 
2026-04-14 13:33:42 +0000  1129 bytes for ./Payload/ivooxNew.app/pt-BR.lproj/Localizable.stringsdict
2026-04-14 13:33:42 +0000  copying file ./Payload/ivooxNew.app/pt-BR.lproj/LocalizablePlurals.strings ... 
2026-04-14 13:33:42 +0000  2619 bytes for ./Payload/ivooxNew.app/pt-BR.lproj/LocalizablePlurals.strings
2026-04-14 13:33:42 +0000  copying file ./Payload/ivooxNew.app/pt-BR.lproj/ReleaseNotes.plist ... 
2026-04-14 13:33:42 +0000  168 bytes for ./Payload/ivooxNew.app/pt-BR.lproj/ReleaseNotes.plist
2026-04-14 13:33:42 +0000  copying file ./Payload/ivooxNew.app/ProgramDetailEmptyView.nib ... 
2026-04-14 13:33:42 +0000  3956 bytes for ./Payload/ivooxNew.app/ProgramDetailEmptyView.nib
2026-04-14 13:33:42 +0000  copying file ./Payload/ivooxNew.app/PurchaseInAppProductsView.nib ... 
2026-04-14 13:33:42 +0000  4747 bytes for ./Payload/ivooxNew.app/PurchaseInAppProductsView.nib
2026-04-14 13:33:42 +0000  copying file ./Payload/ivooxNew.app/PATitleControlsView.nib ... 
2026-04-14 13:33:42 +0000  3346 bytes for ./Payload/ivooxNew.app/PATitleControlsView.nib
2026-04-14 13:33:42 +0000  copying file ./Payload/ivooxNew.app/SurpriseMeTopicCell.nib ... 
2026-04-14 13:33:42 +0000  3246 bytes for ./Payload/ivooxNew.app/SurpriseMeTopicCell.nib
2026-04-14 13:33:42 +0000  copying file ./Payload/ivooxNew.app/AdAudioCell.nib ... 
2026-04-14 13:33:42 +0000  16927 bytes for ./Payload/ivooxNew.app/AdAudioCell.nib
2026-04-14 13:33:42 +0000  copying file ./Payload/ivooxNew.app/ProgramSettingsSwitchCell.nib ... 
2026-04-14 13:33:42 +0000  5057 bytes for ./Payload/ivooxNew.app/ProgramSettingsSwitchCell.nib
2026-04-14 13:33:42 +0000  copying file ./Payload/ivooxNew.app/RCPProductsView.nib ... 
2026-04-14 13:33:42 +0000  1863 bytes for ./Payload/ivooxNew.app/RCPProductsView.nib
2026-04-14 13:33:42 +0000  copying file ./Payload/ivooxNew.app/PrivacyInfo.xcprivacy ... 
2026-04-14 13:33:42 +0000  6652 bytes for ./Payload/ivooxNew.app/PrivacyInfo.xcprivacy
2026-04-14 13:33:42 +0000  copying file ./Payload/ivooxNew.app/CMAMainControlsView.nib ... 
2026-04-14 13:33:42 +0000  7761 bytes for ./Payload/ivooxNew.app/CMAMainControlsView.nib
2026-04-14 13:33:42 +0000  copying file ./Payload/ivooxNew.app/SmartListInputCell.nib ... 
2026-04-14 13:33:42 +0000  3225 bytes for ./Payload/ivooxNew.app/SmartListInputCell.nib
2026-04-14 13:33:42 +0000  copying file ./Payload/ivooxNew.app/PlayerPodmarksHeaderView.nib ... 
2026-04-14 13:33:42 +0000  4214 bytes for ./Payload/ivooxNew.app/PlayerPodmarksHeaderView.nib
2026-04-14 13:33:42 +0000  copying file ./Payload/ivooxNew.app/PodcastRankingCell.nib ... 
2026-04-14 13:33:42 +0000  7192 bytes for ./Payload/ivooxNew.app/PodcastRankingCell.nib
2026-04-14 13:33:42 +0000  copying file ./Payload/ivooxNew.app/ExploreCategoryCell.nib ... 
2026-04-14 13:33:42 +0000  3354 bytes for ./Payload/ivooxNew.app/ExploreCategoryCell.nib
2026-04-14 13:33:42 +0000  copying file ./Payload/ivooxNew.app/LNESearchErrorView.nib ... 
2026-04-14 13:33:42 +0000  3966 bytes for ./Payload/ivooxNew.app/LNESearchErrorView.nib
2026-04-14 13:33:42 +0000  copying file ./Payload/ivooxNew.app/CancelPurchaseListItem.nib ... 
2026-04-14 13:33:42 +0000  3533 bytes for ./Payload/ivooxNew.app/CancelPurchaseListItem.nib
2026-04-14 13:33:42 +0000  copying file ./Payload/ivooxNew.app/DynamicGridSkeletonCell.nib ... 
2026-04-14 13:33:42 +0000  3348 bytes for ./Payload/ivooxNew.app/DynamicGridSkeletonCell.nib
2026-04-14 13:33:42 +0000  copying file ./Payload/ivooxNew.app/ListInitialContextView.nib ... 
2026-04-14 13:33:42 +0000  7140 bytes for ./Payload/ivooxNew.app/ListInitialContextView.nib
2026-04-14 13:33:42 +0000  copying file ./Payload/ivooxNew.app/ProgramSearchErrorView.nib ... 
2026-04-14 13:33:42 +0000  3970 bytes for ./Payload/ivooxNew.app/ProgramSearchErrorView.nib
2026-04-14 13:33:42 +0000  copying file ./Payload/ivooxNew.app/RadioSimilarRadiosView.nib ... 
2026-04-14 13:33:42 +0000  3616 bytes for ./Payload/ivooxNew.app/RadioSimilarRadiosView.nib
2026-04-14 13:33:42 +0000  copying file ./Payload/ivooxNew.app/PAProgressControlsView.nib ... 
2026-04-14 13:33:42 +0000  3490 bytes for ./Payload/ivooxNew.app/PAProgressControlsView.nib
2026-04-14 13:33:42 +0000  copying file ./Payload/ivooxNew.app/DefaultsFIRRemoteConfig.plist ... 
2026-04-14 13:33:42 +0000  3734 bytes for ./Payload/ivooxNew.app/DefaultsFIRRemoteConfig.plist
2026-04-14 13:33:42 +0000  copying file ./Payload/ivooxNew.app/DynamicPreferredProgramsHeaderViewComponent.nib ... 
2026-04-14 13:33:42 +0000  2437 bytes for ./Payload/ivooxNew.app/DynamicPreferredProgramsHeaderViewComponent.nib
2026-04-14 13:33:42 +0000  copying file ./Payload/ivooxNew.app/PAQSimpleHeaderView.nib ... 
2026-04-14 13:33:42 +0000  3162 bytes for ./Payload/ivooxNew.app/PAQSimpleHeaderView.nib
2026-04-14 13:33:42 +0000  copying file ./Payload/ivooxNew.app/miniplayer_loading.json ... 
2026-04-14 13:33:42 +0000  1819 bytes for ./Payload/ivooxNew.app/miniplayer_loading.json
2026-04-14 13:33:42 +0000  copying file ./Payload/ivooxNew.app/LibraryCreateListView.nib ... 
2026-04-14 13:33:42 +0000  5032 bytes for ./Payload/ivooxNew.app/LibraryCreateListView.nib
2026-04-14 13:33:42 +0000  copying file ./Payload/ivooxNew.app/PurchasePremiumOnboardingView.nib ... 
2026-04-14 13:33:42 +0000  9460 bytes for ./Payload/ivooxNew.app/PurchasePremiumOnboardingView.nib
2026-04-14 13:33:42 +0000  copying file ./Payload/ivooxNew.app/PurchasePremiumMainView.nib ... 
2026-04-14 13:33:42 +0000  8183 bytes for ./Payload/ivooxNew.app/PurchasePremiumMainView.nib
2026-04-14 13:33:42 +0000  copying file ./Payload/ivooxNew.app/RCPProductActionTCView.nib ... 
2026-04-14 13:33:42 +0000  3654 bytes for ./Payload/ivooxNew.app/RCPProductActionTCView.nib
2026-04-14 13:33:42 +0000  copying file ./Payload/ivooxNew.app/ProgramInitialContextView.nib ... 
2026-04-14 13:33:42 +0000  6800 bytes for ./Payload/ivooxNew.app/ProgramInitialContextView.nib
2026-04-14 13:33:42 +0000  copying file ./Payload/ivooxNew.app/RSREmptyPlaceholderView.nib ... 
2026-04-14 13:33:42 +0000  3772 bytes for ./Payload/ivooxNew.app/RSREmptyPlaceholderView.nib
2026-04-14 13:33:42 +0000  copying file ./Payload/ivooxNew.app/LibraryMainView.nib ... 
2026-04-14 13:33:42 +0000  2089 bytes for ./Payload/ivooxNew.app/LibraryMainView.nib
2026-04-14 13:33:42 +0000  copying file ./Payload/ivooxNew.app/iso639_2.bundle/iso639_1_to_iso639_2.plist ... 
2026-04-14 13:33:42 +0000  25464 bytes for ./Payload/ivooxNew.app/iso639_2.bundle/iso639_1_to_iso639_2.plist
2026-04-14 13:33:42 +0000  copying file ./Payload/ivooxNew.app/PodmarkCreatedView.nib ... 
2026-04-14 13:33:42 +0000  3186 bytes for ./Payload/ivooxNew.app/PodmarkCreatedView.nib
2026-04-14 13:33:42 +0000  copying file ./Payload/ivooxNew.app/BaseSearchBarView.nib ... 
2026-04-14 13:33:42 +0000  3635 bytes for ./Payload/ivooxNew.app/BaseSearchBarView.nib
2026-04-14 13:33:42 +0000  copying file ./Payload/ivooxNew.app/DASocialTypeView.nib ... 
2026-04-14 13:33:42 +0000  6991 bytes for ./Payload/ivooxNew.app/DASocialTypeView.nib
2026-04-14 13:33:42 +0000  copying file ./Payload/ivooxNew.app/AudioDetailView.nib ... 
2026-04-14 13:33:42 +0000  23993 bytes for ./Payload/ivooxNew.app/AudioDetailView.nib
2026-04-14 13:33:42 +0000  copying file ./Payload/ivooxNew.app/CPPlayerControlsView.nib ... 
2026-04-14 13:33:42 +0000  6644 bytes for ./Payload/ivooxNew.app/CPPlayerControlsView.nib
2026-04-14 13:33:42 +0000  copying file ./Payload/ivooxNew.app/CommentsPlaceholder.nib ... 
2026-04-14 13:33:42 +0000  3879 bytes for ./Payload/ivooxNew.app/CommentsPlaceholder.nib
2026-04-14 13:33:42 +0000  copying file ./Payload/ivooxNew.app/PlanComparisionHeaderCell.nib ... 
2026-04-14 13:33:42 +0000  6240 bytes for ./Payload/ivooxNew.app/PlanComparisionHeaderCell.nib
2026-04-14 13:33:42 +0000  copying file ./Payload/ivooxNew.app/IVSyncMiniplayerPopupCell.nib ... 
2026-04-14 13:33:42 +0000  7094 bytes for ./Payload/ivooxNew.app/IVSyncMiniplayerPopupCell.nib
2026-04-14 13:33:42 +0000  copying file ./Payload/ivooxNew.app/Watch/iVooxWatch.app/de.lproj/IVMainConfig.plist ... 
2026-04-14 13:33:42 +0000  1504 bytes for ./Payload/ivooxNew.app/Watch/iVooxWatch.app/de.lproj/IVMainConfig.plist
2026-04-14 13:33:42 +0000  copying file ./Payload/ivooxNew.app/Watch/iVooxWatch.app/de.lproj/Localizable.strings ... 
2026-04-14 13:33:42 +0000  8764 bytes for ./Payload/ivooxNew.app/Watch/iVooxWatch.app/de.lproj/Localizable.strings
2026-04-14 13:33:42 +0000  copying file ./Payload/ivooxNew.app/Watch/iVooxWatch.app/de.lproj/Localizable.stringsdict ... 
2026-04-14 13:33:42 +0000  499 bytes for ./Payload/ivooxNew.app/Watch/iVooxWatch.app/de.lproj/Localizable.stringsdict
2026-04-14 13:33:42 +0000  copying file ./Payload/ivooxNew.app/Watch/iVooxWatch.app/_CodeSignature/CodeResources ... 
2026-04-14 13:33:42 +0000  26784 bytes for ./Payload/ivooxNew.app/Watch/iVooxWatch.app/_CodeSignature/CodeResources
2026-04-14 13:33:42 +0000  copying file ./Payload/ivooxNew.app/Watch/iVooxWatch.app/en.lproj/IVMainConfig.plist ... 
2026-04-14 13:33:42 +0000  1504 bytes for ./Payload/ivooxNew.app/Watch/iVooxWatch.app/en.lproj/IVMainConfig.plist
2026-04-14 13:33:42 +0000  copying file ./Payload/ivooxNew.app/Watch/iVooxWatch.app/en.lproj/Localizable.strings ... 
2026-04-14 13:33:42 +0000  6782 bytes for ./Payload/ivooxNew.app/Watch/iVooxWatch.app/en.lproj/Localizable.strings
2026-04-14 13:33:42 +0000  copying file ./Payload/ivooxNew.app/Watch/iVooxWatch.app/en.lproj/Localizable.stringsdict ... 
2026-04-14 13:33:42 +0000  501 bytes for ./Payload/ivooxNew.app/Watch/iVooxWatch.app/en.lproj/Localizable.stringsdict
2026-04-14 13:33:42 +0000  copying file ./Payload/ivooxNew.app/Watch/iVooxWatch.app/es.lproj/IVMainConfig.plist ... 
2026-04-14 13:33:42 +0000  1504 bytes for ./Payload/ivooxNew.app/Watch/iVooxWatch.app/es.lproj/IVMainConfig.plist
2026-04-14 13:33:42 +0000  copying file ./Payload/ivooxNew.app/Watch/iVooxWatch.app/es.lproj/Localizable.strings ... 
2026-04-14 13:33:42 +0000  9801 bytes for ./Payload/ivooxNew.app/Watch/iVooxWatch.app/es.lproj/Localizable.strings
2026-04-14 13:33:42 +0000  copying file ./Payload/ivooxNew.app/Watch/iVooxWatch.app/es.lproj/Localizable.stringsdict ... 
2026-04-14 13:33:42 +0000  499 bytes for ./Payload/ivooxNew.app/Watch/iVooxWatch.app/es.lproj/Localizable.stringsdict
2026-04-14 13:33:42 +0000  copying file ./Payload/ivooxNew.app/Watch/iVooxWatch.app/Figtree-Variable.ttf ... 
2026-04-14 13:33:42 +0000  62412 bytes for ./Payload/ivooxNew.app/Watch/iVooxWatch.app/Figtree-Variable.ttf
2026-04-14 13:33:42 +0000  copying file ./Payload/ivooxNew.app/Watch/iVooxWatch.app/iVooxWatch ... 
2026-04-14 13:33:42 +0000  6886544 bytes for ./Payload/ivooxNew.app/Watch/iVooxWatch.app/iVooxWatch
2026-04-14 13:33:42 +0000  copying file ./Payload/ivooxNew.app/Watch/iVooxWatch.app/GoogleService-Info.plist ... 
2026-04-14 13:33:42 +0000  583 bytes for ./Payload/ivooxNew.app/Watch/iVooxWatch.app/GoogleService-Info.plist
2026-04-14 13:33:42 +0000  copying file ./Payload/ivooxNew.app/Watch/iVooxWatch.app/Bounded-Variable.ttf ... 
2026-04-14 13:33:42 +0000  645520 bytes for ./Payload/ivooxNew.app/Watch/iVooxWatch.app/Bounded-Variable.ttf
2026-04-14 13:33:42 +0000  copying file ./Payload/ivooxNew.app/Watch/iVooxWatch.app/Assets.car ... 
2026-04-14 13:33:42 +0000  340776 bytes for ./Payload/ivooxNew.app/Watch/iVooxWatch.app/Assets.car
2026-04-14 13:33:42 +0000  copying file ./Payload/ivooxNew.app/Watch/iVooxWatch.app/Figtree-Italic-Variable.ttf ... 
2026-04-14 13:33:42 +0000  62292 bytes for ./Payload/ivooxNew.app/Watch/iVooxWatch.app/Figtree-Italic-Variable.ttf
2026-04-14 13:33:42 +0000  copying file ./Payload/ivooxNew.app/Watch/iVooxWatch.app/pt-BR.lproj/IVMainConfig.plist ... 
2026-04-14 13:33:42 +0000  1504 bytes for ./Payload/ivooxNew.app/Watch/iVooxWatch.app/pt-BR.lproj/IVMainConfig.plist
2026-04-14 13:33:42 +0000  copying file ./Payload/ivooxNew.app/Watch/iVooxWatch.app/pt-BR.lproj/Localizable.strings ... 
2026-04-14 13:33:42 +0000  8709 bytes for ./Payload/ivooxNew.app/Watch/iVooxWatch.app/pt-BR.lproj/Localizable.strings
2026-04-14 13:33:42 +0000  copying file ./Payload/ivooxNew.app/Watch/iVooxWatch.app/pt-BR.lproj/Localizable.stringsdict ... 
2026-04-14 13:33:42 +0000  499 bytes for ./Payload/ivooxNew.app/Watch/iVooxWatch.app/pt-BR.lproj/Localizable.stringsdict
2026-04-14 13:33:42 +0000  copying file ./Payload/ivooxNew.app/Watch/iVooxWatch.app/PrivacyInfo.xcprivacy ... 
2026-04-14 13:33:42 +0000  714 bytes for ./Payload/ivooxNew.app/Watch/iVooxWatch.app/PrivacyInfo.xcprivacy
2026-04-14 13:33:42 +0000  copying file ./Payload/ivooxNew.app/Watch/iVooxWatch.app/fr.lproj/IVMainConfig.plist ... 
2026-04-14 13:33:42 +0000  1504 bytes for ./Payload/ivooxNew.app/Watch/iVooxWatch.app/fr.lproj/IVMainConfig.plist
2026-04-14 13:33:42 +0000  copying file ./Payload/ivooxNew.app/Watch/iVooxWatch.app/fr.lproj/Localizable.strings ... 
2026-04-14 13:33:42 +0000  8970 bytes for ./Payload/ivooxNew.app/Watch/iVooxWatch.app/fr.lproj/Localizable.strings
2026-04-14 13:33:42 +0000  copying file ./Payload/ivooxNew.app/Watch/iVooxWatch.app/fr.lproj/Localizable.stringsdict ... 
2026-04-14 13:33:42 +0000  499 bytes for ./Payload/ivooxNew.app/Watch/iVooxWatch.app/fr.lproj/Localizable.stringsdict
2026-04-14 13:33:42 +0000  copying file ./Payload/ivooxNew.app/Watch/iVooxWatch.app/pt.lproj/IVMainConfig.plist ... 
2026-04-14 13:33:42 +0000  1504 bytes for ./Payload/ivooxNew.app/Watch/iVooxWatch.app/pt.lproj/IVMainConfig.plist
2026-04-14 13:33:42 +0000  copying file ./Payload/ivooxNew.app/Watch/iVooxWatch.app/pt.lproj/Localizable.strings ... 
2026-04-14 13:33:42 +0000  8837 bytes for ./Payload/ivooxNew.app/Watch/iVooxWatch.app/pt.lproj/Localizable.strings
2026-04-14 13:33:42 +0000  copying file ./Payload/ivooxNew.app/Watch/iVooxWatch.app/pt.lproj/Localizable.stringsdict ... 
2026-04-14 13:33:42 +0000  499 bytes for ./Payload/ivooxNew.app/Watch/iVooxWatch.app/pt.lproj/Localizable.stringsdict
2026-04-14 13:33:42 +0000  copying file ./Payload/ivooxNew.app/Watch/iVooxWatch.app/Frameworks/RealmSwift.framework/_CodeSignature/CodeResources ... 
2026-04-14 13:33:42 +0000  2492 bytes for ./Payload/ivooxNew.app/Watch/iVooxWatch.app/Frameworks/RealmSwift.framework/_CodeSignature/CodeResources
2026-04-14 13:33:42 +0000  copying file ./Payload/ivooxNew.app/Watch/iVooxWatch.app/Frameworks/RealmSwift.framework/realm_swift_privacy.bundle/PrivacyInfo.xcprivacy ... 
2026-04-14 13:33:42 +0000  812 bytes for ./Payload/ivooxNew.app/Watch/iVooxWatch.app/Frameworks/RealmSwift.framework/realm_swift_privacy.bundle/PrivacyInfo.xcprivacy
2026-04-14 13:33:42 +0000  copying file ./Payload/ivooxNew.app/Watch/iVooxWatch.app/Frameworks/RealmSwift.framework/realm_swift_privacy.bundle/Info.plist ... 
2026-04-14 13:33:42 +0000  782 bytes for ./Payload/ivooxNew.app/Watch/iVooxWatch.app/Frameworks/RealmSwift.framework/realm_swift_privacy.bundle/Info.plist
2026-04-14 13:33:42 +0000  copying file ./Payload/ivooxNew.app/Watch/iVooxWatch.app/Frameworks/RealmSwift.framework/RealmSwift ... 
2026-04-14 13:33:42 +0000  4401888 bytes for ./Payload/ivooxNew.app/Watch/iVooxWatch.app/Frameworks/RealmSwift.framework/RealmSwift
2026-04-14 13:33:42 +0000  copying file ./Payload/ivooxNew.app/Watch/iVooxWatch.app/Frameworks/RealmSwift.framework/Info.plist ... 
737 bytes for ./Payload/ivooxNew.app/Watch/iVooxWatch.app/Frameworks/RealmSwift.framework/Info.plist
2026-04-14 13:33:42 +0000  copying file ./Payload/ivooxNew.app/Watch/iVooxWatch.app/Frameworks/Moya.framework/_CodeSignature/CodeResources ... 
2026-04-14 13:33:42 +0000  1798 bytes for ./Payload/ivooxNew.app/Watch/iVooxWatch.app/Frameworks/Moya.framework/_CodeSignature/CodeResources
2026-04-14 13:33:42 +0000  copying file ./Payload/ivooxNew.app/Watch/iVooxWatch.app/Frameworks/Moya.framework/Moya ... 
2026-04-14 13:33:42 +0000  881408 bytes for ./Payload/ivooxNew.app/Watch/iVooxWatch.app/Frameworks/Moya.framework/Moya
2026-04-14 13:33:42 +0000  copying file ./Payload/ivooxNew.app/Watch/iVooxWatch.app/Frameworks/Moya.framework/Info.plist ... 
2026-04-14 13:33:42 +0000  724 bytes for ./Payload/ivooxNew.app/Watch/iVooxWatch.app/Frameworks/Moya.framework/Info.plist
2026-04-14 13:33:42 +0000  copying file ./Payload/ivooxNew.app/Watch/iVooxWatch.app/Frameworks/Kingfisher.framework/_CodeSignature/CodeResources ... 
2026-04-14 13:33:42 +0000  2456 bytes for ./Payload/ivooxNew.app/Watch/iVooxWatch.app/Frameworks/Kingfisher.framework/_CodeSignature/CodeResources
2026-04-14 13:33:42 +0000  copying file ./Payload/ivooxNew.app/Watch/iVooxWatch.app/Frameworks/Kingfisher.framework/Kingfisher.bundle/PrivacyInfo.xcprivacy ... 
2026-04-14 13:33:42 +0000  707 bytes for ./Payload/ivooxNew.app/Watch/iVooxWatch.app/Frameworks/Kingfisher.framework/Kingfisher.bundle/PrivacyInfo.xcprivacy
2026-04-14 13:33:42 +0000  copying file ./Payload/ivooxNew.app/Watch/iVooxWatch.app/Frameworks/Kingfisher.framework/Kingfisher.bundle/Info.plist ... 
2026-04-14 13:33:42 +0000  710 bytes for ./Payload/ivooxNew.app/Watch/iVooxWatch.app/Frameworks/Kingfisher.framework/Kingfisher.bundle/Info.plist
2026-04-14 13:33:42 +0000  copying file ./Payload/ivooxNew.app/Watch/iVooxWatch.app/Frameworks/Kingfisher.framework/Kingfisher ... 
2026-04-14 13:33:43 +0000  3458320 bytes for ./Payload/ivooxNew.app/Watch/iVooxWatch.app/Frameworks/Kingfisher.framework/Kingfisher
2026-04-14 13:33:43 +0000  copying file ./Payload/ivooxNew.app/Watch/iVooxWatch.app/Frameworks/Kingfisher.framework/Info.plist ... 
735 bytes for ./Payload/ivooxNew.app/Watch/iVooxWatch.app/Frameworks/Kingfisher.framework/Info.plist
2026-04-14 13:33:43 +0000  copying file ./Payload/ivooxNew.app/Watch/iVooxWatch.app/Frameworks/Realm.framework/_CodeSignature/CodeResources ... 
2026-04-14 13:33:43 +0000  2488 bytes for ./Payload/ivooxNew.app/Watch/iVooxWatch.app/Frameworks/Realm.framework/_CodeSignature/CodeResources
2026-04-14 13:33:43 +0000  copying file ./Payload/ivooxNew.app/Watch/iVooxWatch.app/Frameworks/Realm.framework/realm_objc_privacy.bundle/PrivacyInfo.xcprivacy ... 
2026-04-14 13:33:43 +0000  812 bytes for ./Payload/ivooxNew.app/Watch/iVooxWatch.app/Frameworks/Realm.framework/realm_objc_privacy.bundle/PrivacyInfo.xcprivacy
2026-04-14 13:33:43 +0000  copying file ./Payload/ivooxNew.app/Watch/iVooxWatch.app/Frameworks/Realm.framework/realm_objc_privacy.bundle/Info.plist ... 
2026-04-14 13:33:43 +0000  780 bytes for ./Payload/ivooxNew.app/Watch/iVooxWatch.app/Frameworks/Realm.framework/realm_objc_privacy.bundle/Info.plist
2026-04-14 13:33:43 +0000  copying file ./Payload/ivooxNew.app/Watch/iVooxWatch.app/Frameworks/Realm.framework/Info.plist ... 
2026-04-14 13:33:43 +0000  727 bytes for ./Payload/ivooxNew.app/Watch/iVooxWatch.app/Frameworks/Realm.framework/Info.plist
2026-04-14 13:33:43 +0000  copying file ./Payload/ivooxNew.app/Watch/iVooxWatch.app/Frameworks/Realm.framework/Realm ... 
2026-04-14 13:33:43 +0000  25522880 bytes for ./Payload/ivooxNew.app/Watch/iVooxWatch.app/Frameworks/Realm.framework/Realm
2026-04-14 13:33:43 +0000  copying file ./Payload/ivooxNew.app/Watch/iVooxWatch.app/Frameworks/DeviceKit.framework/_CodeSignature/CodeResources ... 
2026-04-14 13:33:43 +0000  2452 bytes for ./Payload/ivooxNew.app/Watch/iVooxWatch.app/Frameworks/DeviceKit.framework/_CodeSignature/CodeResources
2026-04-14 13:33:43 +0000  copying file ./Payload/ivooxNew.app/Watch/iVooxWatch.app/Frameworks/DeviceKit.framework/DeviceKit ... 
2026-04-14 13:33:43 +0000  410416 bytes for ./Payload/ivooxNew.app/Watch/iVooxWatch.app/Frameworks/DeviceKit.framework/DeviceKit
2026-04-14 13:33:43 +0000  copying file ./Payload/ivooxNew.app/Watch/iVooxWatch.app/Frameworks/DeviceKit.framework/DeviceKit.bundle/PrivacyInfo.xcprivacy ... 
2026-04-14 13:33:43 +0000  623 bytes for ./Payload/ivooxNew.app/Watch/iVooxWatch.app/Frameworks/DeviceKit.framework/DeviceKit.bundle/PrivacyInfo.xcprivacy
2026-04-14 13:33:43 +0000  copying file ./Payload/ivooxNew.app/Watch/iVooxWatch.app/Frameworks/DeviceKit.framework/DeviceKit.bundle/Info.plist ... 
2026-04-14 13:33:43 +0000  758 bytes for ./Payload/ivooxNew.app/Watch/iVooxWatch.app/Frameworks/DeviceKit.framework/DeviceKit.bundle/Info.plist
2026-04-14 13:33:43 +0000  copying file ./Payload/ivooxNew.app/Watch/iVooxWatch.app/Frameworks/DeviceKit.framework/Info.plist ... 
2026-04-14 13:33:43 +0000  733 bytes for ./Payload/ivooxNew.app/Watch/iVooxWatch.app/Frameworks/DeviceKit.framework/Info.plist
2026-04-14 13:33:43 +0000  copying file ./Payload/ivooxNew.app/Watch/iVooxWatch.app/Frameworks/Alamofire.framework/_CodeSignature/CodeResources ... 
2026-04-14 13:33:43 +0000  2452 bytes for ./Payload/ivooxNew.app/Watch/iVooxWatch.app/Frameworks/Alamofire.framework/_CodeSignature/CodeResources
2026-04-14 13:33:43 +0000  copying file ./Payload/ivooxNew.app/Watch/iVooxWatch.app/Frameworks/Alamofire.framework/Alamofire ... 
2026-04-14 13:33:43 +0000  4714800 bytes for ./Payload/ivooxNew.app/Watch/iVooxWatch.app/Frameworks/Alamofire.framework/Alamofire
2026-04-14 13:33:43 +0000  copying file ./Payload/ivooxNew.app/Watch/iVooxWatch.app/Frameworks/Alamofire.framework/Alamofire.bundle/PrivacyInfo.xcprivacy ... 
2026-04-14 13:33:43 +0000  600 bytes for ./Payload/ivooxNew.app/Watch/iVooxWatch.app/Frameworks/Alamofire.framework/Alamofire.bundle/PrivacyInfo.xcprivacy
2026-04-14 13:33:43 +0000  copying file ./Payload/ivooxNew.app/Watch/iVooxWatch.app/Frameworks/Alamofire.framework/Alamofire.bundle/Info.plist ... 
2026-04-14 13:33:43 +0000  759 bytes for ./Payload/ivooxNew.app/Watch/iVooxWatch.app/Frameworks/Alamofire.framework/Alamofire.bundle/Info.plist
2026-04-14 13:33:43 +0000  copying file ./Payload/ivooxNew.app/Watch/iVooxWatch.app/Frameworks/Alamofire.framework/Info.plist ... 
2026-04-14 13:33:43 +0000  734 bytes for ./Payload/ivooxNew.app/Watch/iVooxWatch.app/Frameworks/Alamofire.framework/Info.plist
2026-04-14 13:33:43 +0000  copying file ./Payload/ivooxNew.app/Watch/iVooxWatch.app/Frameworks/ObjectMapper.framework/_CodeSignature/CodeResources ... 
2026-04-14 13:33:43 +0000  2444 bytes for ./Payload/ivooxNew.app/Watch/iVooxWatch.app/Frameworks/ObjectMapper.framework/_CodeSignature/CodeResources
2026-04-14 13:33:43 +0000  copying file ./Payload/ivooxNew.app/Watch/iVooxWatch.app/Frameworks/ObjectMapper.framework/Privacy.bundle/PrivacyInfo.xcprivacy ... 
2026-04-14 13:33:43 +0000  373 bytes for ./Payload/ivooxNew.app/Watch/iVooxWatch.app/Frameworks/ObjectMapper.framework/Privacy.bundle/PrivacyInfo.xcprivacy
2026-04-14 13:33:43 +0000  copying file ./Payload/ivooxNew.app/Watch/iVooxWatch.app/Frameworks/ObjectMapper.framework/Privacy.bundle/Info.plist ... 
2026-04-14 13:33:43 +0000  754 bytes for ./Payload/ivooxNew.app/Watch/iVooxWatch.app/Frameworks/ObjectMapper.framework/Privacy.bundle/Info.plist
2026-04-14 13:33:43 +0000  copying file ./Payload/ivooxNew.app/Watch/iVooxWatch.app/Frameworks/ObjectMapper.framework/ObjectMapper ... 
2026-04-14 13:33:43 +0000  832848 bytes for ./Payload/ivooxNew.app/Watch/iVooxWatch.app/Frameworks/ObjectMapper.framework/ObjectMapper
2026-04-14 13:33:43 +0000  copying file ./Payload/ivooxNew.app/Watch/iVooxWatch.app/Frameworks/ObjectMapper.framework/Info.plist ... 
739 bytes for ./Payload/ivooxNew.app/Watch/iVooxWatch.app/Frameworks/ObjectMapper.framework/Info.plist
2026-04-14 13:33:43 +0000  copying file ./Payload/ivooxNew.app/Watch/iVooxWatch.app/Frameworks/RxSwift.framework/_CodeSignature/CodeResources ... 
2026-04-14 13:33:43 +0000  2476 bytes for ./Payload/ivooxNew.app/Watch/iVooxWatch.app/Frameworks/RxSwift.framework/_CodeSignature/CodeResources
2026-04-14 13:33:43 +0000  copying file ./Payload/ivooxNew.app/Watch/iVooxWatch.app/Frameworks/RxSwift.framework/RxSwift ... 
2026-04-14 13:33:44 +0000  3208944 bytes for ./Payload/ivooxNew.app/Watch/iVooxWatch.app/Frameworks/RxSwift.framework/RxSwift
2026-04-14 13:33:44 +0000  copying file ./Payload/ivooxNew.app/Watch/iVooxWatch.app/Frameworks/RxSwift.framework/RxSwift_Privacy.bundle/PrivacyInfo.xcprivacy ... 
2026-04-14 13:33:44 +0000  372 bytes for ./Payload/ivooxNew.app/Watch/iVooxWatch.app/Frameworks/RxSwift.framework/RxSwift_Privacy.bundle/PrivacyInfo.xcprivacy
2026-04-14 13:33:44 +0000  copying file ./Payload/ivooxNew.app/Watch/iVooxWatch.app/Frameworks/RxSwift.framework/RxSwift_Privacy.bundle/Info.plist ... 
2026-04-14 13:33:44 +0000  772 bytes for ./Payload/ivooxNew.app/Watch/iVooxWatch.app/Frameworks/RxSwift.framework/RxSwift_Privacy.bundle/Info.plist
2026-04-14 13:33:44 +0000  copying file ./Payload/ivooxNew.app/Watch/iVooxWatch.app/Frameworks/RxSwift.framework/Info.plist ... 
2026-04-14 13:33:44 +0000  729 bytes for ./Payload/ivooxNew.app/Watch/iVooxWatch.app/Frameworks/RxSwift.framework/Info.plist
2026-04-14 13:33:44 +0000  copying file ./Payload/ivooxNew.app/Watch/iVooxWatch.app/embedded.mobileprovision ... 
2026-04-14 13:33:44 +0000  26310 bytes for ./Payload/ivooxNew.app/Watch/iVooxWatch.app/embedded.mobileprovision
2026-04-14 13:33:44 +0000  copying file ./Payload/ivooxNew.app/Watch/iVooxWatch.app/Info.plist ... 
2026-04-14 13:33:44 +0000  1571 bytes for ./Payload/ivooxNew.app/Watch/iVooxWatch.app/Info.plist
2026-04-14 13:33:44 +0000  copying file ./Payload/ivooxNew.app/Watch/iVooxWatch.app/PkgInfo ... 
2026-04-14 13:33:44 +0000  8 bytes for ./Payload/ivooxNew.app/Watch/iVooxWatch.app/PkgInfo
2026-04-14 13:33:44 +0000  copying file ./Payload/ivooxNew.app/Watch/iVooxWatch.app/ca.lproj/IVMainConfig.plist ... 
2026-04-14 13:33:44 +0000  1504 bytes for ./Payload/ivooxNew.app/Watch/iVooxWatch.app/ca.lproj/IVMainConfig.plist
2026-04-14 13:33:44 +0000  copying file ./Payload/ivooxNew.app/Watch/iVooxWatch.app/ca.lproj/Localizable.strings ... 
2026-04-14 13:33:44 +0000  9595 bytes for ./Payload/ivooxNew.app/Watch/iVooxWatch.app/ca.lproj/Localizable.strings
2026-04-14 13:33:44 +0000  copying file ./Payload/ivooxNew.app/Watch/iVooxWatch.app/ca.lproj/Localizable.stringsdict ... 
2026-04-14 13:33:44 +0000  499 bytes for ./Payload/ivooxNew.app/Watch/iVooxWatch.app/ca.lproj/Localizable.stringsdict
2026-04-14 13:33:44 +0000  copying file ./Payload/ivooxNew.app/LoggerView.nib ... 
2026-04-14 13:33:44 +0000  3213 bytes for ./Payload/ivooxNew.app/LoggerView.nib
2026-04-14 13:33:44 +0000  copying file ./Payload/ivooxNew.app/PlayerAutopromoView.nib ... 
2026-04-14 13:33:44 +0000  3057 bytes for ./Payload/ivooxNew.app/PlayerAutopromoView.nib
2026-04-14 13:33:44 +0000  copying file ./Payload/ivooxNew.app/BottomSheetViewPlainCell.nib ... 
2026-04-14 13:33:44 +0000  5276 bytes for ./Payload/ivooxNew.app/BottomSheetViewPlainCell.nib
2026-04-14 13:33:44 +0000  copying file ./Payload/ivooxNew.app/SectionSquareCarouselCell.nib ... 
2026-04-14 13:33:44 +0000  1527 bytes for ./Payload/ivooxNew.app/SectionSquareCarouselCell.nib
2026-04-14 13:33:44 +0000  copying file ./Payload/ivooxNew.app/DynamicSectionHeaderReusableView.nib ... 
2026-04-14 13:33:44 +0000  7012 bytes for ./Payload/ivooxNew.app/DynamicSectionHeaderReusableView.nib
2026-04-14 13:33:44 +0000  copying file ./Payload/ivooxNew.app/SmartListTitleHeader.nib ... 
2026-04-14 13:33:44 +0000  3278 bytes for ./Payload/ivooxNew.app/SmartListTitleHeader.nib
2026-04-14 13:33:44 +0000  copying file ./Payload/ivooxNew.app/ProductsButtonActionsView.nib ... 
2026-04-14 13:33:44 +0000  4683 bytes for ./Payload/ivooxNew.app/ProductsButtonActionsView.nib
2026-04-14 13:33:44 +0000  copying file ./Payload/ivooxNew.app/ExploreSearchFooterView.nib ... 
2026-04-14 13:33:44 +0000  2481 bytes for ./Payload/ivooxNew.app/ExploreSearchFooterView.nib
2026-04-14 13:33:44 +0000  copying file ./Payload/ivooxNew.app/MGZSectionHeaderView.nib ... 
2026-04-14 13:33:44 +0000  2597 bytes for ./Payload/ivooxNew.app/MGZSectionHeaderView.nib
2026-04-14 13:33:44 +0000  copying file ./Payload/ivooxNew.app/Mappign_v55_to_v56.cdm ... 
2026-04-14 13:33:44 +0000  227657 bytes for ./Payload/ivooxNew.app/Mappign_v55_to_v56.cdm
2026-04-14 13:33:44 +0000  copying file ./Payload/ivooxNew.app/TooltipMainCell.nib ... 
2026-04-14 13:33:44 +0000  1408 bytes for ./Payload/ivooxNew.app/TooltipMainCell.nib
2026-04-14 13:33:44 +0000  copying file ./Payload/ivooxNew.app/ExploreOriginalsView.nib ... 
2026-04-14 13:33:44 +0000  3216 bytes for ./Payload/ivooxNew.app/ExploreOriginalsView.nib
2026-04-14 13:33:44 +0000  copying file ./Payload/ivooxNew.app/AudioPopupPodmarkListFooterView.nib ... 
2026-04-14 13:33:44 +0000  5835 bytes for ./Payload/ivooxNew.app/AudioPopupPodmarkListFooterView.nib
2026-04-14 13:33:44 +0000  copying file ./Payload/ivooxNew.app/LoginSignInTitleView.nib ... 
2026-04-14 13:33:44 +0000  3399 bytes for ./Payload/ivooxNew.app/LoginSignInTitleView.nib
2026-04-14 13:33:44 +0000  copying file ./Payload/ivooxNew.app/MySupportDetailSectionFooterView.nib ... 
2026-04-14 13:33:44 +0000  3809 bytes for ./Payload/ivooxNew.app/MySupportDetailSectionFooterView.nib
2026-04-14 13:33:44 +0000  copying file ./Payload/ivooxNew.app/PSActionButtonsView.nib ... 
2026-04-14 13:33:44 +0000  3835 bytes for ./Payload/ivooxNew.app/PSActionButtonsView.nib
2026-04-14 13:33:44 +0000  copying file ./Payload/ivooxNew.app/SpeciallyForYouView.nib ... 
2026-04-14 13:33:44 +0000  3159 bytes for ./Payload/ivooxNew.app/SpeciallyForYouView.nib
2026-04-14 13:33:44 +0000  copying file ./Payload/ivooxNew.app/PodmarkCell.nib ... 
2026-04-14 13:33:44 +0000  8886 bytes for ./Payload/ivooxNew.app/PodmarkCell.nib
2026-04-14 13:33:44 +0000  copying file ./Payload/ivooxNew.app/fr.lproj/IVMainConfig.plist ... 
2026-04-14 13:33:44 +0000  1504 bytes for ./Payload/ivooxNew.app/fr.lproj/IVMainConfig.plist
2026-04-14 13:33:44 +0000  copying file ./Payload/ivooxNew.app/fr.lproj/Localizable.strings ... 
2026-04-14 13:33:44 +0000  232139 bytes for ./Payload/ivooxNew.app/fr.lproj/Localizable.strings
2026-04-14 13:33:44 +0000  copying file ./Payload/ivooxNew.app/fr.lproj/InfoPlist.strings ... 
2026-04-14 13:33:44 +0000  224 bytes for ./Payload/ivooxNew.app/fr.lproj/InfoPlist.strings
copying file ./Payload/ivooxNew.app/fr.lproj/Localizable.stringsdict ... 
2026-04-14 13:33:44 +0000  1171 bytes for ./Payload/ivooxNew.app/fr.lproj/Localizable.stringsdict
2026-04-14 13:33:44 +0000  copying file ./Payload/ivooxNew.app/fr.lproj/LocalizablePlurals.strings ... 
2026-04-14 13:33:44 +0000  2697 bytes for ./Payload/ivooxNew.app/fr.lproj/LocalizablePlurals.strings
2026-04-14 13:33:44 +0000  copying file ./Payload/ivooxNew.app/fr.lproj/ReleaseNotes.plist ... 
2026-04-14 13:33:44 +0000  168 bytes for ./Payload/ivooxNew.app/fr.lproj/ReleaseNotes.plist
2026-04-14 13:33:44 +0000  copying file ./Payload/ivooxNew.app/MySupportDetailInfoCell.nib ... 
2026-04-14 13:33:44 +0000  4632 bytes for ./Payload/ivooxNew.app/MySupportDetailInfoCell.nib
2026-04-14 13:33:44 +0000  copying file ./Payload/ivooxNew.app/IVSettingCell.nib ... 
2026-04-14 13:33:44 +0000  6204 bytes for ./Payload/ivooxNew.app/IVSettingCell.nib
2026-04-14 13:33:44 +0000  copying file ./Payload/ivooxNew.app/SmartListCheckCell.nib ... 
2026-04-14 13:33:44 +0000  4083 bytes for ./Payload/ivooxNew.app/SmartListCheckCell.nib
2026-04-14 13:33:44 +0000  copying file ./Payload/ivooxNew.app/CarModeRadioCarouselView.nib ... 
2026-04-14 13:33:44 +0000  2415 bytes for ./Payload/ivooxNew.app/CarModeRadioCarouselView.nib
2026-04-14 13:33:44 +0000  copying file ./Payload/ivooxNew.app/NoDataView.nib ... 
2026-04-14 13:33:44 +0000  5221 bytes for ./Payload/ivooxNew.app/NoDataView.nib
2026-04-14 13:33:44 +0000  copying file ./Payload/ivooxNew.app/PlayerPodmarksFooterEmptyView.nib ... 
2026-04-14 13:33:44 +0000  4650 bytes for ./Payload/ivooxNew.app/PlayerPodmarksFooterEmptyView.nib
2026-04-14 13:33:44 +0000  copying file ./Payload/ivooxNew.app/RCPProductActionAcceptView.nib ... 
2026-04-14 13:33:44 +0000  5050 bytes for ./Payload/ivooxNew.app/RCPProductActionAcceptView.nib
2026-04-14 13:33:44 +0000  copying file ./Payload/ivooxNew.app/ExploreDetailOnDemandListViewComponent.nib ... 
2026-04-14 13:33:44 +0000  1885 bytes for ./Payload/ivooxNew.app/ExploreDetailOnDemandListViewComponent.nib
2026-04-14 13:33:44 +0000  copying file ./Payload/ivooxNew.app/MarkerCell.nib ... 
2026-04-14 13:33:44 +0000  5345 bytes for ./Payload/ivooxNew.app/MarkerCell.nib
2026-04-14 13:33:44 +0000  copying file ./Payload/ivooxNew.app/MultiProposalsCell.nib ... 
2026-04-14 13:33:44 +0000  1411 bytes for ./Payload/ivooxNew.app/MultiProposalsCell.nib
2026-04-14 13:33:44 +0000  copying file ./Payload/ivooxNew.app/SectionSquareCollectionCell.nib ... 
2026-04-14 13:33:44 +0000  4314 bytes for ./Payload/ivooxNew.app/SectionSquareCollectionCell.nib
2026-04-14 13:33:44 +0000  copying file ./Payload/ivooxNew.app/SectionHeaderCell.nib ... 
2026-04-14 13:33:44 +0000  3659 bytes for ./Payload/ivooxNew.app/SectionHeaderCell.nib
2026-04-14 13:33:44 +0000  copying file ./Payload/ivooxNew.app/PurchaseInAppFAQCell.nib ... 
2026-04-14 13:33:44 +0000  2712 bytes for ./Payload/ivooxNew.app/PurchaseInAppFAQCell.nib
2026-04-14 13:33:44 +0000  copying file ./Payload/ivooxNew.app/pt.lproj/IVMainConfig.plist ... 
2026-04-14 13:33:44 +0000  1504 bytes for ./Payload/ivooxNew.app/pt.lproj/IVMainConfig.plist
2026-04-14 13:33:44 +0000  copying file ./Payload/ivooxNew.app/pt.lproj/Localizable.strings ... 
2026-04-14 13:33:44 +0000  218003 bytes for ./Payload/ivooxNew.app/pt.lproj/Localizable.strings
2026-04-14 13:33:44 +0000  copying file ./Payload/ivooxNew.app/pt.lproj/InfoPlist.strings ... 
2026-04-14 13:33:44 +0000  226 bytes for ./Payload/ivooxNew.app/pt.lproj/InfoPlist.strings
2026-04-14 13:33:44 +0000  copying file ./Payload/ivooxNew.app/pt.lproj/Localizable.stringsdict ... 
2026-04-14 13:33:44 +0000  1131 bytes for ./Payload/ivooxNew.app/pt.lproj/Localizable.stringsdict
2026-04-14 13:33:44 +0000  copying file ./Payload/ivooxNew.app/pt.lproj/LocalizablePlurals.strings ... 
2026-04-14 13:33:44 +0000  2655 bytes for ./Payload/ivooxNew.app/pt.lproj/LocalizablePlurals.strings
2026-04-14 13:33:44 +0000  copying file ./Payload/ivooxNew.app/pt.lproj/ReleaseNotes.plist ... 
2026-04-14 13:33:44 +0000  168 bytes for ./Payload/ivooxNew.app/pt.lproj/ReleaseNotes.plist
2026-04-14 13:33:44 +0000  copying file ./Payload/ivooxNew.app/PlaylistDetailHeaderView.nib ... 
2026-04-14 13:33:44 +0000  12443 bytes for ./Payload/ivooxNew.app/PlaylistDetailHeaderView.nib
2026-04-14 13:33:44 +0000  copying file ./Payload/ivooxNew.app/AudioCell.nib ... 
2026-04-14 13:33:44 +0000  9856 bytes for ./Payload/ivooxNew.app/AudioCell.nib
2026-04-14 13:33:44 +0000  copying file ./Payload/ivooxNew.app/PlaylistDetailLocalHeaderView.nib ... 
2026-04-14 13:33:44 +0000  10442 bytes for ./Payload/ivooxNew.app/PlaylistDetailLocalHeaderView.nib
2026-04-14 13:33:44 +0000  copying file ./Payload/ivooxNew.app/IVPodcastsFanSupportedPlaceholder.nib ... 
2026-04-14 13:33:44 +0000  3823 bytes for ./Payload/ivooxNew.app/IVPodcastsFanSupportedPlaceholder.nib
2026-04-14 13:33:44 +0000  copying file ./Payload/ivooxNew.app/IVPreferredCategoryCell.nib ... 
2026-04-14 13:33:44 +0000  4938 bytes for ./Payload/ivooxNew.app/IVPreferredCategoryCell.nib
2026-04-14 13:33:44 +0000  copying file ./Payload/ivooxNew.app/silent.mp3 ... 
2026-04-14 13:33:44 +0000  9265 bytes for ./Payload/ivooxNew.app/silent.mp3
2026-04-14 13:33:44 +0000  copying file ./Payload/ivooxNew.app/Mapping_v52_to_v54.cdm ... 
2026-04-14 13:33:44 +0000  185970 bytes for ./Payload/ivooxNew.app/Mapping_v52_to_v54.cdm
2026-04-14 13:33:44 +0000  copying file ./Payload/ivooxNew.app/CMCarouselCell.nib ... 
2026-04-14 13:33:44 +0000  2067 bytes for ./Payload/ivooxNew.app/CMCarouselCell.nib
2026-04-14 13:33:44 +0000  copying file ./Payload/ivooxNew.app/PlayerRadioView.nib ... 
2026-04-14 13:33:44 +0000  5654 bytes for ./Payload/ivooxNew.app/PlayerRadioView.nib
2026-04-14 13:33:44 +0000  copying file ./Payload/ivooxNew.app/Frameworks/Toast.framework/_CodeSignature/CodeResources ... 
2026-04-14 13:33:44 +0000  2292 bytes for ./Payload/ivooxNew.app/Frameworks/Toast.framework/_CodeSignature/CodeResources
2026-04-14 13:33:44 +0000  copying file ./Payload/ivooxNew.app/Frameworks/Toast.framework/Toast ... 
2026-04-14 13:33:44 +0000  118640 bytes for ./Payload/ivooxNew.app/Frameworks/Toast.framework/Toast
2026-04-14 13:33:44 +0000  copying file ./Payload/ivooxNew.app/Frameworks/Toast.framework/Toast.bundle/PrivacyInfo.xcprivacy ... 
2026-04-14 13:33:44 +0000  372 bytes for ./Payload/ivooxNew.app/Frameworks/Toast.framework/Toast.bundle/PrivacyInfo.xcprivacy
2026-04-14 13:33:44 +0000  copying file ./Payload/ivooxNew.app/Frameworks/Toast.framework/Toast.bundle/Info.plist ... 
2026-04-14 13:33:44 +0000  750 bytes for ./Payload/ivooxNew.app/Frameworks/Toast.framework/Toast.bundle/Info.plist
2026-04-14 13:33:44 +0000  copying file ./Payload/ivooxNew.app/Frameworks/Toast.framework/Info.plist ... 
2026-04-14 13:33:44 +0000  775 bytes for ./Payload/ivooxNew.app/Frameworks/Toast.framework/Info.plist
2026-04-14 13:33:44 +0000  copying file ./Payload/ivooxNew.app/Frameworks/MoEngageCore.framework/_CodeSignature/CodeResources ... 
2026-04-14 13:33:44 +0000  1798 bytes for ./Payload/ivooxNew.app/Frameworks/MoEngageCore.framework/_CodeSignature/CodeResources
2026-04-14 13:33:44 +0000  copying file ./Payload/ivooxNew.app/Frameworks/MoEngageCore.framework/MoEngageCore ... 
2026-04-14 13:33:44 +0000  4662208 bytes for ./Payload/ivooxNew.app/Frameworks/MoEngageCore.framework/MoEngageCore
2026-04-14 13:33:44 +0000  copying file ./Payload/ivooxNew.app/Frameworks/MoEngageCore.framework/Info.plist ... 
924 bytes for ./Payload/ivooxNew.app/Frameworks/MoEngageCore.framework/Info.plist
2026-04-14 13:33:44 +0000  copying file ./Payload/ivooxNew.app/Frameworks/AnalyticsConnector.framework/_CodeSignature/CodeResources ... 
2026-04-14 13:33:44 +0000  1798 bytes for ./Payload/ivooxNew.app/Frameworks/AnalyticsConnector.framework/_CodeSignature/CodeResources
2026-04-14 13:33:44 +0000  copying file ./Payload/ivooxNew.app/Frameworks/AnalyticsConnector.framework/AnalyticsConnector ... 
2026-04-14 13:33:44 +0000  122176 bytes for ./Payload/ivooxNew.app/Frameworks/AnalyticsConnector.framework/AnalyticsConnector
2026-04-14 13:33:44 +0000  copying file ./Payload/ivooxNew.app/Frameworks/AnalyticsConnector.framework/Info.plist ... 
2026-04-14 13:33:44 +0000  803 bytes for ./Payload/ivooxNew.app/Frameworks/AnalyticsConnector.framework/Info.plist
2026-04-14 13:33:44 +0000  copying file ./Payload/ivooxNew.app/Frameworks/MarqueeLabel.framework/_CodeSignature/CodeResources ... 
2026-04-14 13:33:44 +0000  2320 bytes for ./Payload/ivooxNew.app/Frameworks/MarqueeLabel.framework/_CodeSignature/CodeResources
copying file ./Payload/ivooxNew.app/Frameworks/MarqueeLabel.framework/MarqueeLabel ... 
2026-04-14 13:33:44 +0000  185792 bytes for ./Payload/ivooxNew.app/Frameworks/MarqueeLabel.framework/MarqueeLabel
2026-04-14 13:33:44 +0000  copying file ./Payload/ivooxNew.app/Frameworks/MarqueeLabel.framework/MarqueeLabel.bundle/PrivacyInfo.xcprivacy ... 
2026-04-14 13:33:44 +0000  373 bytes for ./Payload/ivooxNew.app/Frameworks/MarqueeLabel.framework/MarqueeLabel.bundle/PrivacyInfo.xcprivacy
2026-04-14 13:33:44 +0000  copying file ./Payload/ivooxNew.app/Frameworks/MarqueeLabel.framework/MarqueeLabel.bundle/Info.plist ... 
2026-04-14 13:33:44 +0000  764 bytes for ./Payload/ivooxNew.app/Frameworks/MarqueeLabel.framework/MarqueeLabel.bundle/Info.plist
2026-04-14 13:33:44 +0000  copying file ./Payload/ivooxNew.app/Frameworks/MarqueeLabel.framework/Info.plist ... 
2026-04-14 13:33:44 +0000  789 bytes for ./Payload/ivooxNew.app/Frameworks/MarqueeLabel.framework/Info.plist
2026-04-14 13:33:44 +0000  copying file ./Payload/ivooxNew.app/Frameworks/MoEngageSecurity.framework/_CodeSignature/CodeResources ... 
2026-04-14 13:33:44 +0000  1798 bytes for ./Payload/ivooxNew.app/Frameworks/MoEngageSecurity.framework/_CodeSignature/CodeResources
copying file ./Payload/ivooxNew.app/Frameworks/MoEngageSecurity.framework/MoEngageSecurity ... 
2026-04-14 13:33:44 +0000  228848 bytes for ./Payload/ivooxNew.app/Frameworks/MoEngageSecurity.framework/MoEngageSecurity
2026-04-14 13:33:44 +0000  copying file ./Payload/ivooxNew.app/Frameworks/MoEngageSecurity.framework/Info.plist ... 
933 bytes for ./Payload/ivooxNew.app/Frameworks/MoEngageSecurity.framework/Info.plist
2026-04-14 13:33:44 +0000  copying file ./Payload/ivooxNew.app/Frameworks/FBSDKLoginKit.framework/_CodeSignature/CodeResources ... 
2026-04-14 13:33:44 +0000  2034 bytes for ./Payload/ivooxNew.app/Frameworks/FBSDKLoginKit.framework/_CodeSignature/CodeResources
2026-04-14 13:33:44 +0000  copying file ./Payload/ivooxNew.app/Frameworks/FBSDKLoginKit.framework/FBSDKLoginKit ... 
2026-04-14 13:33:44 +0000  924768 bytes for ./Payload/ivooxNew.app/Frameworks/FBSDKLoginKit.framework/FBSDKLoginKit
2026-04-14 13:33:44 +0000  copying file ./Payload/ivooxNew.app/Frameworks/FBSDKLoginKit.framework/PrivacyInfo.xcprivacy ... 
2026-04-14 13:33:44 +0000  2780 bytes for ./Payload/ivooxNew.app/Frameworks/FBSDKLoginKit.framework/PrivacyInfo.xcprivacy
2026-04-14 13:33:44 +0000  copying file ./Payload/ivooxNew.app/Frameworks/FBSDKLoginKit.framework/Info.plist ... 
2026-04-14 13:33:44 +0000  802 bytes for ./Payload/ivooxNew.app/Frameworks/FBSDKLoginKit.framework/Info.plist
2026-04-14 13:33:44 +0000  copying file ./Payload/ivooxNew.app/Frameworks/MoEngageCampaignsCore.framework/_CodeSignature/CodeResources ... 
2026-04-14 13:33:44 +0000  1798 bytes for ./Payload/ivooxNew.app/Frameworks/MoEngageCampaignsCore.framework/_CodeSignature/CodeResources
2026-04-14 13:33:44 +0000  copying file ./Payload/ivooxNew.app/Frameworks/MoEngageCampaignsCore.framework/MoEngageCampaignsCore ... 
2026-04-14 13:33:44 +0000  263920 bytes for ./Payload/ivooxNew.app/Frameworks/MoEngageCampaignsCore.framework/MoEngageCampaignsCore
2026-04-14 13:33:44 +0000  copying file ./Payload/ivooxNew.app/Frameworks/MoEngageCampaignsCore.framework/Info.plist ... 
2026-04-14 13:33:44 +0000  943 bytes for ./Payload/ivooxNew.app/Frameworks/MoEngageCampaignsCore.framework/Info.plist
2026-04-14 13:33:44 +0000  copying file ./Payload/ivooxNew.app/Frameworks/GoogleDataTransport.framework/_CodeSignature/CodeResources ... 
2026-04-14 13:33:44 +0000  2380 bytes for ./Payload/ivooxNew.app/Frameworks/GoogleDataTransport.framework/_CodeSignature/CodeResources
2026-04-14 13:33:44 +0000  copying file ./Payload/ivooxNew.app/Frameworks/GoogleDataTransport.framework/GoogleDataTransport ... 
2026-04-14 13:33:44 +0000  331568 bytes for ./Payload/ivooxNew.app/Frameworks/GoogleDataTransport.framework/GoogleDataTransport
2026-04-14 13:33:44 +0000  copying file ./Payload/ivooxNew.app/Frameworks/GoogleDataTransport.framework/GoogleDataTransport_Privacy.bundle/PrivacyInfo.xcprivacy ... 
2026-04-14 13:33:44 +0000  1105 bytes for ./Payload/ivooxNew.app/Frameworks/GoogleDataTransport.framework/GoogleDataTransport_Privacy.bundle/PrivacyInfo.xcprivacy
2026-04-14 13:33:44 +0000  copying file ./Payload/ivooxNew.app/Frameworks/GoogleDataTransport.framework/GoogleDataTransport_Privacy.bundle/Info.plist ... 
2026-04-14 13:33:44 +0000  796 bytes for ./Payload/ivooxNew.app/Frameworks/GoogleDataTransport.framework/GoogleDataTransport_Privacy.bundle/Info.plist
2026-04-14 13:33:44 +0000  copying file ./Payload/ivooxNew.app/Frameworks/GoogleDataTransport.framework/Info.plist ... 
2026-04-14 13:33:44 +0000  805 bytes for ./Payload/ivooxNew.app/Frameworks/GoogleDataTransport.framework/Info.plist
2026-04-14 13:33:44 +0000  copying file ./Payload/ivooxNew.app/Frameworks/Permutive_iOS.framework/_CodeSignature/CodeResources ... 
2026-04-14 13:33:44 +0000  3778 bytes for ./Payload/ivooxNew.app/Frameworks/Permutive_iOS.framework/_CodeSignature/CodeResources
2026-04-14 13:33:44 +0000  copying file ./Payload/ivooxNew.app/Frameworks/Permutive_iOS.framework/Permutive_iOS_V3toV4_MappingModel.cdm ... 
2026-04-14 13:33:44 +0000  18995 bytes for ./Payload/ivooxNew.app/Frameworks/Permutive_iOS.framework/Permutive_iOS_V3toV4_MappingModel.cdm
2026-04-14 13:33:44 +0000  copying file ./Payload/ivooxNew.app/Frameworks/Permutive_iOS.framework/Permutive_iOS ... 
2026-04-14 13:33:44 +0000  4960976 bytes for ./Payload/ivooxNew.app/Frameworks/Permutive_iOS.framework/Permutive_iOS
2026-04-14 13:33:44 +0000  copying file ./Payload/ivooxNew.app/Frameworks/Permutive_iOS.framework/PrivacyInfo.xcprivacy ... 
2026-04-14 13:33:44 +0000  598 bytes for ./Payload/ivooxNew.app/Frameworks/Permutive_iOS.framework/PrivacyInfo.xcprivacy
2026-04-14 13:33:44 +0000  copying file ./Payload/ivooxNew.app/Frameworks/Permutive_iOS.framework/Permutive.momd/Permutive_v4.mom ... 
2026-04-14 13:33:44 +0000  10663 bytes for ./Payload/ivooxNew.app/Frameworks/Permutive_iOS.framework/Permutive.momd/Permutive_v4.mom
2026-04-14 13:33:44 +0000  copying file ./Payload/ivooxNew.app/Frameworks/Permutive_iOS.framework/Permutive.momd/Permutive_v3.mom ... 
2026-04-14 13:33:44 +0000  9587 bytes for ./Payload/ivooxNew.app/Frameworks/Permutive_iOS.framework/Permutive.momd/Permutive_v3.mom
2026-04-14 13:33:44 +0000  copying file ./Payload/ivooxNew.app/Frameworks/Permutive_iOS.framework/Permutive.momd/Permutive_v2.mom ... 
2026-04-14 13:33:44 +0000  9444 bytes for ./Payload/ivooxNew.app/Frameworks/Permutive_iOS.framework/Permutive.momd/Permutive_v2.mom
2026-04-14 13:33:44 +0000  copying file ./Payload/ivooxNew.app/Frameworks/Permutive_iOS.framework/Permutive.momd/VersionInfo.plist ... 
2026-04-14 13:33:44 +0000  2618 bytes for ./Payload/ivooxNew.app/Frameworks/Permutive_iOS.framework/Permutive.momd/VersionInfo.plist
2026-04-14 13:33:44 +0000  copying file ./Payload/ivooxNew.app/Frameworks/Permutive_iOS.framework/Permutive.momd/Permutive.mom ... 
2026-04-14 13:33:44 +0000  8757 bytes for ./Payload/ivooxNew.app/Frameworks/Permutive_iOS.framework/Permutive.momd/Permutive.mom
2026-04-14 13:33:44 +0000  copying file ./Payload/ivooxNew.app/Frameworks/Permutive_iOS.framework/Permutive.momd/Permutive_v4.omo ... 
2026-04-14 13:33:44 +0000  22400 bytes for ./Payload/ivooxNew.app/Frameworks/Permutive_iOS.framework/Permutive.momd/Permutive_v4.omo
2026-04-14 13:33:44 +0000  copying file ./Payload/ivooxNew.app/Frameworks/Permutive_iOS.framework/Info.plist ... 
2026-04-14 13:33:44 +0000  766 bytes for ./Payload/ivooxNew.app/Frameworks/Permutive_iOS.framework/Info.plist
2026-04-14 13:33:44 +0000  copying file ./Payload/ivooxNew.app/Frameworks/Kingfisher.framework/_CodeSignature/CodeResources ... 
2026-04-14 13:33:44 +0000  2312 bytes for ./Payload/ivooxNew.app/Frameworks/Kingfisher.framework/_CodeSignature/CodeResources
2026-04-14 13:33:44 +0000  copying file ./Payload/ivooxNew.app/Frameworks/Kingfisher.framework/Kingfisher.bundle/PrivacyInfo.xcprivacy ... 
2026-04-14 13:33:44 +0000  707 bytes for ./Payload/ivooxNew.app/Frameworks/Kingfisher.framework/Kingfisher.bundle/PrivacyInfo.xcprivacy
2026-04-14 13:33:44 +0000  copying file ./Payload/ivooxNew.app/Frameworks/Kingfisher.framework/Kingfisher.bundle/Info.plist ... 
2026-04-14 13:33:44 +0000  760 bytes for ./Payload/ivooxNew.app/Frameworks/Kingfisher.framework/Kingfisher.bundle/Info.plist
2026-04-14 13:33:44 +0000  copying file ./Payload/ivooxNew.app/Frameworks/Kingfisher.framework/Kingfisher ... 
2026-04-14 13:33:44 +0000  1332800 bytes for ./Payload/ivooxNew.app/Frameworks/Kingfisher.framework/Kingfisher
2026-04-14 13:33:44 +0000  copying file ./Payload/ivooxNew.app/Frameworks/Kingfisher.framework/Info.plist ... 
785 bytes for ./Payload/ivooxNew.app/Frameworks/Kingfisher.framework/Info.plist
2026-04-14 13:33:44 +0000  copying file ./Payload/ivooxNew.app/Frameworks/FBSDKShareKit.framework/_CodeSignature/CodeResources ... 
2026-04-14 13:33:44 +0000  2034 bytes for ./Payload/ivooxNew.app/Frameworks/FBSDKShareKit.framework/_CodeSignature/CodeResources
2026-04-14 13:33:44 +0000  copying file ./Payload/ivooxNew.app/Frameworks/FBSDKShareKit.framework/PrivacyInfo.xcprivacy ... 
2026-04-14 13:33:44 +0000  1650 bytes for ./Payload/ivooxNew.app/Frameworks/FBSDKShareKit.framework/PrivacyInfo.xcprivacy
2026-04-14 13:33:44 +0000  copying file ./Payload/ivooxNew.app/Frameworks/FBSDKShareKit.framework/Info.plist ... 
2026-04-14 13:33:44 +0000  802 bytes for ./Payload/ivooxNew.app/Frameworks/FBSDKShareKit.framework/Info.plist
2026-04-14 13:33:44 +0000  copying file ./Payload/ivooxNew.app/Frameworks/FBSDKShareKit.framework/FBSDKShareKit ... 
2026-04-14 13:33:44 +0000  805152 bytes for ./Payload/ivooxNew.app/Frameworks/FBSDKShareKit.framework/FBSDKShareKit
2026-04-14 13:33:44 +0000  copying file ./Payload/ivooxNew.app/Frameworks/MZAppearance.framework/_CodeSignature/CodeResources ... 
2026-04-14 13:33:44 +0000  1798 bytes for ./Payload/ivooxNew.app/Frameworks/MZAppearance.framework/_CodeSignature/CodeResources
copying file ./Payload/ivooxNew.app/Frameworks/MZAppearance.framework/MZAppearance ... 
2026-04-14 13:33:44 +0000  90384 bytes for ./Payload/ivooxNew.app/Frameworks/MZAppearance.framework/MZAppearance
2026-04-14 13:33:44 +0000  copying file ./Payload/ivooxNew.app/Frameworks/MZAppearance.framework/Info.plist ... 
2026-04-14 13:33:44 +0000  789 bytes for ./Payload/ivooxNew.app/Frameworks/MZAppearance.framework/Info.plist
2026-04-14 13:33:44 +0000  copying file ./Payload/ivooxNew.app/Frameworks/FirebaseCrashlytics.framework/_CodeSignature/CodeResources ... 
2026-04-14 13:33:44 +0000  2380 bytes for ./Payload/ivooxNew.app/Frameworks/FirebaseCrashlytics.framework/_CodeSignature/CodeResources
2026-04-14 13:33:44 +0000  copying file ./Payload/ivooxNew.app/Frameworks/FirebaseCrashlytics.framework/FirebaseCrashlytics ... 
2026-04-14 13:33:44 +0000  646048 bytes for ./Payload/ivooxNew.app/Frameworks/FirebaseCrashlytics.framework/FirebaseCrashlytics
2026-04-14 13:33:44 +0000  copying file ./Payload/ivooxNew.app/Frameworks/FirebaseCrashlytics.framework/FirebaseCrashlytics_Privacy.bundle/PrivacyInfo.xcprivacy ... 
2026-04-14 13:33:44 +0000  1383 bytes for ./Payload/ivooxNew.app/Frameworks/FirebaseCrashlytics.framework/FirebaseCrashlytics_Privacy.bundle/PrivacyInfo.xcprivacy
2026-04-14 13:33:44 +0000  copying file ./Payload/ivooxNew.app/Frameworks/FirebaseCrashlytics.framework/FirebaseCrashlytics_Privacy.bundle/Info.plist ... 
2026-04-14 13:33:44 +0000  798 bytes for ./Payload/ivooxNew.app/Frameworks/FirebaseCrashlytics.framework/FirebaseCrashlytics_Privacy.bundle/Info.plist
2026-04-14 13:33:44 +0000  copying file ./Payload/ivooxNew.app/Frameworks/FirebaseCrashlytics.framework/Info.plist ... 
2026-04-14 13:33:44 +0000  807 bytes for ./Payload/ivooxNew.app/Frameworks/FirebaseCrashlytics.framework/Info.plist
2026-04-14 13:33:44 +0000  copying file ./Payload/ivooxNew.app/Frameworks/GTMSessionFetcher.framework/_CodeSignature/CodeResources ... 
2026-04-14 13:33:44 +0000  2392 bytes for ./Payload/ivooxNew.app/Frameworks/GTMSessionFetcher.framework/_CodeSignature/CodeResources
2026-04-14 13:33:44 +0000  copying file ./Payload/ivooxNew.app/Frameworks/GTMSessionFetcher.framework/GTMSessionFetcher ... 
2026-04-14 13:33:44 +0000  364448 bytes for ./Payload/ivooxNew.app/Frameworks/GTMSessionFetcher.framework/GTMSessionFetcher
2026-04-14 13:33:44 +0000  copying file ./Payload/ivooxNew.app/Frameworks/GTMSessionFetcher.framework/GTMSessionFetcher_Core_Privacy.bundle/PrivacyInfo.xcprivacy ... 
2026-04-14 13:33:44 +0000  598 bytes for ./Payload/ivooxNew.app/Frameworks/GTMSessionFetcher.framework/GTMSessionFetcher_Core_Privacy.bundle/PrivacyInfo.xcprivacy
2026-04-14 13:33:44 +0000  copying file ./Payload/ivooxNew.app/Frameworks/GTMSessionFetcher.framework/GTMSessionFetcher_Core_Privacy.bundle/Info.plist ... 
2026-04-14 13:33:44 +0000  802 bytes for ./Payload/ivooxNew.app/Frameworks/GTMSessionFetcher.framework/GTMSessionFetcher_Core_Privacy.bundle/Info.plist
2026-04-14 13:33:44 +0000  copying file ./Payload/ivooxNew.app/Frameworks/GTMSessionFetcher.framework/Info.plist ... 
2026-04-14 13:33:44 +0000  801 bytes for ./Payload/ivooxNew.app/Frameworks/GTMSessionFetcher.framework/Info.plist
2026-04-14 13:33:44 +0000  copying file ./Payload/ivooxNew.app/Frameworks/FBLPromises.framework/_CodeSignature/CodeResources ... 
2026-04-14 13:33:44 +0000  2348 bytes for ./Payload/ivooxNew.app/Frameworks/FBLPromises.framework/_CodeSignature/CodeResources
2026-04-14 13:33:44 +0000  copying file ./Payload/ivooxNew.app/Frameworks/FBLPromises.framework/FBLPromises_Privacy.bundle/PrivacyInfo.xcprivacy ... 
2026-04-14 13:33:44 +0000  373 bytes for ./Payload/ivooxNew.app/Frameworks/FBLPromises.framework/FBLPromises_Privacy.bundle/PrivacyInfo.xcprivacy
2026-04-14 13:33:44 +0000  copying file ./Payload/ivooxNew.app/Frameworks/FBLPromises.framework/FBLPromises_Privacy.bundle/Info.plist ... 
2026-04-14 13:33:44 +0000  780 bytes for ./Payload/ivooxNew.app/Frameworks/FBLPromises.framework/FBLPromises_Privacy.bundle/Info.plist
2026-04-14 13:33:44 +0000  copying file ./Payload/ivooxNew.app/Frameworks/FBLPromises.framework/FBLPromises ... 
2026-04-14 13:33:44 +0000  157920 bytes for ./Payload/ivooxNew.app/Frameworks/FBLPromises.framework/FBLPromises
2026-04-14 13:33:44 +0000  copying file ./Payload/ivooxNew.app/Frameworks/FBLPromises.framework/Info.plist ... 
2026-04-14 13:33:44 +0000  787 bytes for ./Payload/ivooxNew.app/Frameworks/FBLPromises.framework/Info.plist
2026-04-14 13:33:44 +0000  copying file ./Payload/ivooxNew.app/Frameworks/GTMAppAuth.framework/_CodeSignature/CodeResources ... 
2026-04-14 13:33:44 +0000  2344 bytes for ./Payload/ivooxNew.app/Frameworks/GTMAppAuth.framework/_CodeSignature/CodeResources
2026-04-14 13:33:44 +0000  copying file ./Payload/ivooxNew.app/Frameworks/GTMAppAuth.framework/GTMAppAuth_Privacy.bundle/PrivacyInfo.xcprivacy ... 
2026-04-14 13:33:44 +0000  373 bytes for ./Payload/ivooxNew.app/Frameworks/GTMAppAuth.framework/GTMAppAuth_Privacy.bundle/PrivacyInfo.xcprivacy
2026-04-14 13:33:44 +0000  copying file ./Payload/ivooxNew.app/Frameworks/GTMAppAuth.framework/GTMAppAuth_Privacy.bundle/Info.plist ... 
2026-04-14 13:33:44 +0000  778 bytes for ./Payload/ivooxNew.app/Frameworks/GTMAppAuth.framework/GTMAppAuth_Privacy.bundle/Info.plist
2026-04-14 13:33:44 +0000  copying file ./Payload/ivooxNew.app/Frameworks/GTMAppAuth.framework/Info.plist ... 
2026-04-14 13:33:44 +0000  785 bytes for ./Payload/ivooxNew.app/Frameworks/GTMAppAuth.framework/Info.plist
2026-04-14 13:33:44 +0000  copying file ./Payload/ivooxNew.app/Frameworks/GTMAppAuth.framework/GTMAppAuth ... 
2026-04-14 13:33:44 +0000  206448 bytes for ./Payload/ivooxNew.app/Frameworks/GTMAppAuth.framework/GTMAppAuth
2026-04-14 13:33:44 +0000  copying file ./Payload/ivooxNew.app/Frameworks/FirebaseCoreInternal.framework/_CodeSignature/CodeResources ... 
2026-04-14 13:33:44 +0000  2384 bytes for ./Payload/ivooxNew.app/Frameworks/FirebaseCoreInternal.framework/_CodeSignature/CodeResources
2026-04-14 13:33:44 +0000  copying file ./Payload/ivooxNew.app/Frameworks/FirebaseCoreInternal.framework/FirebaseCoreInternal_Privacy.bundle/PrivacyInfo.xcprivacy ... 
2026-04-14 13:33:44 +0000  855 bytes for ./Payload/ivooxNew.app/Frameworks/FirebaseCoreInternal.framework/FirebaseCoreInternal_Privacy.bundle/PrivacyInfo.xcprivacy
2026-04-14 13:33:44 +0000  copying file ./Payload/ivooxNew.app/Frameworks/FirebaseCoreInternal.framework/FirebaseCoreInternal_Privacy.bundle/Info.plist ... 
2026-04-14 13:33:44 +0000  800 bytes for ./Payload/ivooxNew.app/Frameworks/FirebaseCoreInternal.framework/FirebaseCoreInternal_Privacy.bundle/Info.plist
2026-04-14 13:33:44 +0000  copying file ./Payload/ivooxNew.app/Frameworks/FirebaseCoreInternal.framework/FirebaseCoreInternal ... 
2026-04-14 13:33:44 +0000  189776 bytes for ./Payload/ivooxNew.app/Frameworks/FirebaseCoreInternal.framework/FirebaseCoreInternal
2026-04-14 13:33:44 +0000  copying file ./Payload/ivooxNew.app/Frameworks/FirebaseCoreInternal.framework/Info.plist ... 
2026-04-14 13:33:44 +0000  809 bytes for ./Payload/ivooxNew.app/Frameworks/FirebaseCoreInternal.framework/Info.plist
2026-04-14 13:33:44 +0000  copying file ./Payload/ivooxNew.app/Frameworks/FirebaseSharedSwift.framework/_CodeSignature/CodeResources ... 
2026-04-14 13:33:44 +0000  1798 bytes for ./Payload/ivooxNew.app/Frameworks/FirebaseSharedSwift.framework/_CodeSignature/CodeResources
2026-04-14 13:33:44 +0000  copying file ./Payload/ivooxNew.app/Frameworks/FirebaseSharedSwift.framework/FirebaseSharedSwift ... 
2026-04-14 13:33:44 +0000  304848 bytes for ./Payload/ivooxNew.app/Frameworks/FirebaseSharedSwift.framework/FirebaseSharedSwift
2026-04-14 13:33:44 +0000  copying file ./Payload/ivooxNew.app/Frameworks/FirebaseSharedSwift.framework/Info.plist ... 
2026-04-14 13:33:44 +0000  807 bytes for ./Payload/ivooxNew.app/Frameworks/FirebaseSharedSwift.framework/Info.plist
2026-04-14 13:33:44 +0000  copying file ./Payload/ivooxNew.app/Frameworks/FirebaseCore.framework/_CodeSignature/CodeResources ... 
2026-04-14 13:33:44 +0000  2352 bytes for ./Payload/ivooxNew.app/Frameworks/FirebaseCore.framework/_CodeSignature/CodeResources
2026-04-14 13:33:44 +0000  copying file ./Payload/ivooxNew.app/Frameworks/FirebaseCore.framework/FirebaseCore_Privacy.bundle/PrivacyInfo.xcprivacy ... 
2026-04-14 13:33:44 +0000  855 bytes for ./Payload/ivooxNew.app/Frameworks/FirebaseCore.framework/FirebaseCore_Privacy.bundle/PrivacyInfo.xcprivacy
2026-04-14 13:33:44 +0000  copying file ./Payload/ivooxNew.app/Frameworks/FirebaseCore.framework/FirebaseCore_Privacy.bundle/Info.plist ... 
2026-04-14 13:33:44 +0000  784 bytes for ./Payload/ivooxNew.app/Frameworks/FirebaseCore.framework/FirebaseCore_Privacy.bundle/Info.plist
2026-04-14 13:33:44 +0000  copying file ./Payload/ivooxNew.app/Frameworks/FirebaseCore.framework/FirebaseCore ... 
2026-04-14 13:33:44 +0000  174592 bytes for ./Payload/ivooxNew.app/Frameworks/FirebaseCore.framework/FirebaseCore
2026-04-14 13:33:44 +0000  copying file ./Payload/ivooxNew.app/Frameworks/FirebaseCore.framework/Info.plist ... 
2026-04-14 13:33:44 +0000  791 bytes for ./Payload/ivooxNew.app/Frameworks/FirebaseCore.framework/Info.plist
2026-04-14 13:33:44 +0000  copying file ./Payload/ivooxNew.app/Frameworks/AppAuth.framework/_CodeSignature/CodeResources ... 
2026-04-14 13:33:44 +0000  2348 bytes for ./Payload/ivooxNew.app/Frameworks/AppAuth.framework/_CodeSignature/CodeResources
2026-04-14 13:33:44 +0000  copying file ./Payload/ivooxNew.app/Frameworks/AppAuth.framework/AppAuth ... 
2026-04-14 13:33:44 +0000  280528 bytes for ./Payload/ivooxNew.app/Frameworks/AppAuth.framework/AppAuth
2026-04-14 13:33:44 +0000  copying file ./Payload/ivooxNew.app/Frameworks/AppAuth.framework/AppAuthCore_Privacy.bundle/PrivacyInfo.xcprivacy ... 
2026-04-14 13:33:44 +0000  391 bytes for ./Payload/ivooxNew.app/Frameworks/AppAuth.framework/AppAuthCore_Privacy.bundle/PrivacyInfo.xcprivacy
2026-04-14 13:33:44 +0000  copying file ./Payload/ivooxNew.app/Frameworks/AppAuth.framework/AppAuthCore_Privacy.bundle/Info.plist ... 
2026-04-14 13:33:44 +0000  780 bytes for ./Payload/ivooxNew.app/Frameworks/AppAuth.framework/AppAuthCore_Privacy.bundle/Info.plist
2026-04-14 13:33:44 +0000  copying file ./Payload/ivooxNew.app/Frameworks/AppAuth.framework/Info.plist ... 
2026-04-14 13:33:44 +0000  779 bytes for ./Payload/ivooxNew.app/Frameworks/AppAuth.framework/Info.plist
2026-04-14 13:33:44 +0000  copying file ./Payload/ivooxNew.app/Frameworks/FirebaseRemoteConfig.framework/_CodeSignature/CodeResources ... 
2026-04-14 13:33:44 +0000  2384 bytes for ./Payload/ivooxNew.app/Frameworks/FirebaseRemoteConfig.framework/_CodeSignature/CodeResources
2026-04-14 13:33:44 +0000  copying file ./Payload/ivooxNew.app/Frameworks/FirebaseRemoteConfig.framework/FirebaseRemoteConfig_Privacy.bundle/PrivacyInfo.xcprivacy ... 
2026-04-14 13:33:44 +0000  1482 bytes for ./Payload/ivooxNew.app/Frameworks/FirebaseRemoteConfig.framework/FirebaseRemoteConfig_Privacy.bundle/PrivacyInfo.xcprivacy
2026-04-14 13:33:44 +0000  copying file ./Payload/ivooxNew.app/Frameworks/FirebaseRemoteConfig.framework/FirebaseRemoteConfig_Privacy.bundle/Info.plist ... 
2026-04-14 13:33:44 +0000  800 bytes for ./Payload/ivooxNew.app/Frameworks/FirebaseRemoteConfig.framework/FirebaseRemoteConfig_Privacy.bundle/Info.plist
2026-04-14 13:33:44 +0000  copying file ./Payload/ivooxNew.app/Frameworks/FirebaseRemoteConfig.framework/FirebaseRemoteConfig ... 
2026-04-14 13:33:44 +0000  352688 bytes for ./Payload/ivooxNew.app/Frameworks/FirebaseRemoteConfig.framework/FirebaseRemoteConfig
2026-04-14 13:33:44 +0000  copying file ./Payload/ivooxNew.app/Frameworks/FirebaseRemoteConfig.framework/Info.plist ... 
2026-04-14 13:33:44 +0000  809 bytes for ./Payload/ivooxNew.app/Frameworks/FirebaseRemoteConfig.framework/Info.plist
2026-04-14 13:33:44 +0000  copying file ./Payload/ivooxNew.app/Frameworks/FirebaseSessions.framework/_CodeSignature/CodeResources ... 
2026-04-14 13:33:44 +0000  1798 bytes for ./Payload/ivooxNew.app/Frameworks/FirebaseSessions.framework/_CodeSignature/CodeResources
2026-04-14 13:33:44 +0000  copying file ./Payload/ivooxNew.app/Frameworks/FirebaseSessions.framework/FirebaseSessions ... 
2026-04-14 13:33:44 +0000  211488 bytes for ./Payload/ivooxNew.app/Frameworks/FirebaseSessions.framework/FirebaseSessions
2026-04-14 13:33:44 +0000  copying file ./Payload/ivooxNew.app/Frameworks/FirebaseSessions.framework/Info.plist ... 
801 bytes for ./Payload/ivooxNew.app/Frameworks/FirebaseSessions.framework/Info.plist
2026-04-14 13:33:44 +0000  copying file ./Payload/ivooxNew.app/Frameworks/GoogleUtilities.framework/_CodeSignature/CodeResources ... 
2026-04-14 13:33:44 +0000  2364 bytes for ./Payload/ivooxNew.app/Frameworks/GoogleUtilities.framework/_CodeSignature/CodeResources
2026-04-14 13:33:44 +0000  copying file ./Payload/ivooxNew.app/Frameworks/GoogleUtilities.framework/GoogleUtilities_Privacy.bundle/PrivacyInfo.xcprivacy ... 
2026-04-14 13:33:44 +0000  1289 bytes for ./Payload/ivooxNew.app/Frameworks/GoogleUtilities.framework/GoogleUtilities_Privacy.bundle/PrivacyInfo.xcprivacy
2026-04-14 13:33:44 +0000  copying file ./Payload/ivooxNew.app/Frameworks/GoogleUtilities.framework/GoogleUtilities_Privacy.bundle/Info.plist ... 
2026-04-14 13:33:44 +0000  789 bytes for ./Payload/ivooxNew.app/Frameworks/GoogleUtilities.framework/GoogleUtilities_Privacy.bundle/Info.plist
2026-04-14 13:33:44 +0000  copying file ./Payload/ivooxNew.app/Frameworks/GoogleUtilities.framework/GoogleUtilities ... 
2026-04-14 13:33:44 +0000  242848 bytes for ./Payload/ivooxNew.app/Frameworks/GoogleUtilities.framework/GoogleUtilities
2026-04-14 13:33:44 +0000  copying file ./Payload/ivooxNew.app/Frameworks/GoogleUtilities.framework/Info.plist ... 
2026-04-14 13:33:44 +0000  798 bytes for ./Payload/ivooxNew.app/Frameworks/GoogleUtilities.framework/Info.plist
2026-04-14 13:33:44 +0000  copying file ./Payload/ivooxNew.app/Frameworks/MoEngageMessaging.framework/_CodeSignature/CodeResources ... 
2026-04-14 13:33:44 +0000  1798 bytes for ./Payload/ivooxNew.app/Frameworks/MoEngageMessaging.framework/_CodeSignature/CodeResources
2026-04-14 13:33:44 +0000  copying file ./Payload/ivooxNew.app/Frameworks/MoEngageMessaging.framework/Info.plist ... 
2026-04-14 13:33:44 +0000  935 bytes for ./Payload/ivooxNew.app/Frameworks/MoEngageMessaging.framework/Info.plist
2026-04-14 13:33:44 +0000  copying file ./Payload/ivooxNew.app/Frameworks/MoEngageMessaging.framework/MoEngageMessaging ... 
2026-04-14 13:33:44 +0000  476848 bytes for ./Payload/ivooxNew.app/Frameworks/MoEngageMessaging.framework/MoEngageMessaging
2026-04-14 13:33:44 +0000  copying file ./Payload/ivooxNew.app/Frameworks/Mantle.framework/_CodeSignature/CodeResources ... 
2026-04-14 13:33:44 +0000  1798 bytes for ./Payload/ivooxNew.app/Frameworks/Mantle.framework/_CodeSignature/CodeResources
2026-04-14 13:33:44 +0000  copying file ./Payload/ivooxNew.app/Frameworks/Mantle.framework/Mantle ... 
2026-04-14 13:33:44 +0000  172384 bytes for ./Payload/ivooxNew.app/Frameworks/Mantle.framework/Mantle
2026-04-14 13:33:44 +0000  copying file ./Payload/ivooxNew.app/Frameworks/Mantle.framework/Info.plist ... 
2026-04-14 13:33:44 +0000  777 bytes for ./Payload/ivooxNew.app/Frameworks/Mantle.framework/Info.plist
2026-04-14 13:33:44 +0000  copying file ./Payload/ivooxNew.app/Frameworks/MoEngageSDK.framework/_CodeSignature/CodeResources ... 
2026-04-14 13:33:44 +0000  2034 bytes for ./Payload/ivooxNew.app/Frameworks/MoEngageSDK.framework/_CodeSignature/CodeResources
2026-04-14 13:33:44 +0000  copying file ./Payload/ivooxNew.app/Frameworks/MoEngageSDK.framework/PrivacyInfo.xcprivacy ... 
2026-04-14 13:33:44 +0000  2150 bytes for ./Payload/ivooxNew.app/Frameworks/MoEngageSDK.framework/PrivacyInfo.xcprivacy
2026-04-14 13:33:44 +0000  copying file ./Payload/ivooxNew.app/Frameworks/MoEngageSDK.framework/Info.plist ... 
2026-04-14 13:33:44 +0000  922 bytes for ./Payload/ivooxNew.app/Frameworks/MoEngageSDK.framework/Info.plist
2026-04-14 13:33:44 +0000  copying file ./Payload/ivooxNew.app/Frameworks/MoEngageSDK.framework/MoEngageSDK ... 
2026-04-14 13:33:44 +0000  120416 bytes for ./Payload/ivooxNew.app/Frameworks/MoEngageSDK.framework/MoEngageSDK
2026-04-14 13:33:44 +0000  copying file ./Payload/ivooxNew.app/Frameworks/SwipeCellKit.framework/_CodeSignature/CodeResources ... 
2026-04-14 13:33:44 +0000  1798 bytes for ./Payload/ivooxNew.app/Frameworks/SwipeCellKit.framework/_CodeSignature/CodeResources
2026-04-14 13:33:44 +0000  copying file ./Payload/ivooxNew.app/Frameworks/SwipeCellKit.framework/SwipeCellKit ... 
2026-04-14 13:33:44 +0000  268496 bytes for ./Payload/ivooxNew.app/Frameworks/SwipeCellKit.framework/SwipeCellKit
2026-04-14 13:33:44 +0000  copying file ./Payload/ivooxNew.app/Frameworks/SwipeCellKit.framework/Info.plist ... 
2026-04-14 13:33:44 +0000  789 bytes for ./Payload/ivooxNew.app/Frameworks/SwipeCellKit.framework/Info.plist
2026-04-14 13:33:44 +0000  copying file ./Payload/ivooxNew.app/Frameworks/GoogleInteractiveMediaAds.framework/_CodeSignature/CodeResources ... 
2026-04-14 13:33:44 +0000  2440 bytes for ./Payload/ivooxNew.app/Frameworks/GoogleInteractiveMediaAds.framework/_CodeSignature/CodeResources
2026-04-14 13:33:44 +0000  copying file ./Payload/ivooxNew.app/Frameworks/GoogleInteractiveMediaAds.framework/VERSION ... 
2026-04-14 13:33:44 +0000  8 bytes for ./Payload/ivooxNew.app/Frameworks/GoogleInteractiveMediaAds.framework/VERSION
2026-04-14 13:33:44 +0000  copying file ./Payload/ivooxNew.app/Frameworks/GoogleInteractiveMediaAds.framework/PrivacyInfo.xcprivacy ... 
2026-04-14 13:33:44 +0000  4216 bytes for ./Payload/ivooxNew.app/Frameworks/GoogleInteractiveMediaAds.framework/PrivacyInfo.xcprivacy
2026-04-14 13:33:44 +0000  copying file ./Payload/ivooxNew.app/Frameworks/GoogleInteractiveMediaAds.framework/README.txt ... 
2026-04-14 13:33:44 +0000  372 bytes for ./Payload/ivooxNew.app/Frameworks/GoogleInteractiveMediaAds.framework/README.txt
2026-04-14 13:33:44 +0000  copying file ./Payload/ivooxNew.app/Frameworks/GoogleInteractiveMediaAds.framework/GoogleInteractiveMediaAds ... 
2026-04-14 13:33:44 +0000  2841120 bytes for ./Payload/ivooxNew.app/Frameworks/GoogleInteractiveMediaAds.framework/GoogleInteractiveMediaAds
2026-04-14 13:33:44 +0000  copying file ./Payload/ivooxNew.app/Frameworks/GoogleInteractiveMediaAds.framework/Info.plist ... 
779 bytes for ./Payload/ivooxNew.app/Frameworks/GoogleInteractiveMediaAds.framework/Info.plist
2026-04-14 13:33:44 +0000  copying file ./Payload/ivooxNew.app/Frameworks/AdjustSigSdk.framework/_CodeSignature/CodeResources ... 
2026-04-14 13:33:44 +0000  2034 bytes for ./Payload/ivooxNew.app/Frameworks/AdjustSigSdk.framework/_CodeSignature/CodeResources
2026-04-14 13:33:44 +0000  copying file ./Payload/ivooxNew.app/Frameworks/AdjustSigSdk.framework/AdjustSigSdk ... 
2026-04-14 13:33:44 +0000  601664 bytes for ./Payload/ivooxNew.app/Frameworks/AdjustSigSdk.framework/AdjustSigSdk
2026-04-14 13:33:44 +0000  copying file ./Payload/ivooxNew.app/Frameworks/AdjustSigSdk.framework/PrivacyInfo.xcprivacy ... 
2026-04-14 13:33:44 +0000  1149 bytes for ./Payload/ivooxNew.app/Frameworks/AdjustSigSdk.framework/PrivacyInfo.xcprivacy
2026-04-14 13:33:44 +0000  copying file ./Payload/ivooxNew.app/Frameworks/AdjustSigSdk.framework/Info.plist ... 
2026-04-14 13:33:44 +0000  780 bytes for ./Payload/ivooxNew.app/Frameworks/AdjustSigSdk.framework/Info.plist
2026-04-14 13:33:44 +0000  copying file ./Payload/ivooxNew.app/Frameworks/FirebaseCoreExtension.framework/_CodeSignature/CodeResources ... 
2026-04-14 13:33:44 +0000  2388 bytes for ./Payload/ivooxNew.app/Frameworks/FirebaseCoreExtension.framework/_CodeSignature/CodeResources
2026-04-14 13:33:44 +0000  copying file ./Payload/ivooxNew.app/Frameworks/FirebaseCoreExtension.framework/FirebaseCoreExtension ... 
2026-04-14 13:33:44 +0000  85072 bytes for ./Payload/ivooxNew.app/Frameworks/FirebaseCoreExtension.framework/FirebaseCoreExtension
2026-04-14 13:33:44 +0000  copying file ./Payload/ivooxNew.app/Frameworks/FirebaseCoreExtension.framework/FirebaseCoreExtension_Privacy.bundle/PrivacyInfo.xcprivacy ... 
2026-04-14 13:33:44 +0000  478 bytes for ./Payload/ivooxNew.app/Frameworks/FirebaseCoreExtension.framework/FirebaseCoreExtension_Privacy.bundle/PrivacyInfo.xcprivacy
2026-04-14 13:33:44 +0000  copying file ./Payload/ivooxNew.app/Frameworks/FirebaseCoreExtension.framework/FirebaseCoreExtension_Privacy.bundle/Info.plist ... 
2026-04-14 13:33:44 +0000  802 bytes for ./Payload/ivooxNew.app/Frameworks/FirebaseCoreExtension.framework/FirebaseCoreExtension_Privacy.bundle/Info.plist
2026-04-14 13:33:44 +0000  copying file ./Payload/ivooxNew.app/Frameworks/FirebaseCoreExtension.framework/Info.plist ... 
2026-04-14 13:33:44 +0000  811 bytes for ./Payload/ivooxNew.app/Frameworks/FirebaseCoreExtension.framework/Info.plist
2026-04-14 13:33:44 +0000  copying file ./Payload/ivooxNew.app/Frameworks/nanopb.framework/_CodeSignature/CodeResources ... 
2026-04-14 13:33:44 +0000  2328 bytes for ./Payload/ivooxNew.app/Frameworks/nanopb.framework/_CodeSignature/CodeResources
2026-04-14 13:33:44 +0000  copying file ./Payload/ivooxNew.app/Frameworks/nanopb.framework/nanopb_Privacy.bundle/PrivacyInfo.xcprivacy ... 
2026-04-14 13:33:44 +0000  374 bytes for ./Payload/ivooxNew.app/Frameworks/nanopb.framework/nanopb_Privacy.bundle/PrivacyInfo.xcprivacy
2026-04-14 13:33:44 +0000  copying file ./Payload/ivooxNew.app/Frameworks/nanopb.framework/nanopb_Privacy.bundle/Info.plist ... 
2026-04-14 13:33:44 +0000  772 bytes for ./Payload/ivooxNew.app/Frameworks/nanopb.framework/nanopb_Privacy.bundle/Info.plist
2026-04-14 13:33:44 +0000  copying file ./Payload/ivooxNew.app/Frameworks/nanopb.framework/nanopb ... 
2026-04-14 13:33:44 +0000  88368 bytes for ./Payload/ivooxNew.app/Frameworks/nanopb.framework/nanopb
2026-04-14 13:33:44 +0000  copying file ./Payload/ivooxNew.app/Frameworks/nanopb.framework/Info.plist ... 
2026-04-14 13:33:44 +0000  781 bytes for ./Payload/ivooxNew.app/Frameworks/nanopb.framework/Info.plist
2026-04-14 13:33:44 +0000  copying file ./Payload/ivooxNew.app/Frameworks/FBAEMKit.framework/_CodeSignature/CodeResources ... 
2026-04-14 13:33:44 +0000  2034 bytes for ./Payload/ivooxNew.app/Frameworks/FBAEMKit.framework/_CodeSignature/CodeResources
2026-04-14 13:33:44 +0000  copying file ./Payload/ivooxNew.app/Frameworks/FBAEMKit.framework/FBAEMKit ... 
2026-04-14 13:33:44 +0000  601024 bytes for ./Payload/ivooxNew.app/Frameworks/FBAEMKit.framework/FBAEMKit
2026-04-14 13:33:44 +0000  copying file ./Payload/ivooxNew.app/Frameworks/FBAEMKit.framework/PrivacyInfo.xcprivacy ... 
2026-04-14 13:33:44 +0000  551 bytes for ./Payload/ivooxNew.app/Frameworks/FBAEMKit.framework/PrivacyInfo.xcprivacy
2026-04-14 13:33:44 +0000  copying file ./Payload/ivooxNew.app/Frameworks/FBAEMKit.framework/Info.plist ... 
2026-04-14 13:33:44 +0000  792 bytes for ./Payload/ivooxNew.app/Frameworks/FBAEMKit.framework/Info.plist
2026-04-14 13:33:44 +0000  copying file ./Payload/ivooxNew.app/Frameworks/FirebaseRemoteConfigInterop.framework/_CodeSignature/CodeResources ... 
2026-04-14 13:33:44 +0000  1798 bytes for ./Payload/ivooxNew.app/Frameworks/FirebaseRemoteConfigInterop.framework/_CodeSignature/CodeResources
2026-04-14 13:33:44 +0000  copying file ./Payload/ivooxNew.app/Frameworks/FirebaseRemoteConfigInterop.framework/FirebaseRemoteConfigInterop ... 
2026-04-14 13:33:44 +0000  99216 bytes for ./Payload/ivooxNew.app/Frameworks/FirebaseRemoteConfigInterop.framework/FirebaseRemoteConfigInterop
2026-04-14 13:33:44 +0000  copying file ./Payload/ivooxNew.app/Frameworks/FirebaseRemoteConfigInterop.framework/Info.plist ... 
2026-04-14 13:33:44 +0000  823 bytes for ./Payload/ivooxNew.app/Frameworks/FirebaseRemoteConfigInterop.framework/Info.plist
2026-04-14 13:33:44 +0000  copying file ./Payload/ivooxNew.app/Frameworks/MoEngageInApps.framework/_CodeSignature/CodeResources ... 
2026-04-14 13:33:44 +0000  2470 bytes for ./Payload/ivooxNew.app/Frameworks/MoEngageInApps.framework/_CodeSignature/CodeResources
2026-04-14 13:33:44 +0000  copying file ./Payload/ivooxNew.app/Frameworks/MoEngageInApps.framework/MoEngageInApps ... 
2026-04-14 13:33:44 +0000  2050240 bytes for ./Payload/ivooxNew.app/Frameworks/MoEngageInApps.framework/MoEngageInApps
2026-04-14 13:33:44 +0000  copying file ./Payload/ivooxNew.app/Frameworks/MoEngageInApps.framework/Assets.car ... 
2026-04-14 13:33:44 +0000  56040 bytes for ./Payload/ivooxNew.app/Frameworks/MoEngageInApps.framework/Assets.car
2026-04-14 13:33:44 +0000  copying file ./Payload/ivooxNew.app/Frameworks/MoEngageInApps.framework/PrivacyInfo.xcprivacy ... 
2026-04-14 13:33:44 +0000  1088 bytes for ./Payload/ivooxNew.app/Frameworks/MoEngageInApps.framework/PrivacyInfo.xcprivacy
2026-04-14 13:33:44 +0000  copying file ./Payload/ivooxNew.app/Frameworks/MoEngageInApps.framework/defaultCloseButton.png ... 
2026-04-14 13:33:44 +0000  3037 bytes for ./Payload/ivooxNew.app/Frameworks/MoEngageInApps.framework/defaultCloseButton.png
2026-04-14 13:33:44 +0000  copying file ./Payload/ivooxNew.app/Frameworks/MoEngageInApps.framework/Info.plist ... 
2026-04-14 13:33:44 +0000  927 bytes for ./Payload/ivooxNew.app/Frameworks/MoEngageInApps.framework/Info.plist
2026-04-14 13:33:44 +0000  copying file ./Payload/ivooxNew.app/Frameworks/Promises.framework/_CodeSignature/CodeResources ... 
2026-04-14 13:33:44 +0000  2336 bytes for ./Payload/ivooxNew.app/Frameworks/Promises.framework/_CodeSignature/CodeResources
2026-04-14 13:33:44 +0000  copying file ./Payload/ivooxNew.app/Frameworks/Promises.framework/Promises ... 
2026-04-14 13:33:44 +0000  158944 bytes for ./Payload/ivooxNew.app/Frameworks/Promises.framework/Promises
2026-04-14 13:33:44 +0000  copying file ./Payload/ivooxNew.app/Frameworks/Promises.framework/Info.plist ... 
2026-04-14 13:33:44 +0000  781 bytes for ./Payload/ivooxNew.app/Frameworks/Promises.framework/Info.plist
2026-04-14 13:33:44 +0000  copying file ./Payload/ivooxNew.app/Frameworks/Promises.framework/Promises_Privacy.bundle/PrivacyInfo.xcprivacy ... 
2026-04-14 13:33:44 +0000  373 bytes for ./Payload/ivooxNew.app/Frameworks/Promises.framework/Promises_Privacy.bundle/PrivacyInfo.xcprivacy
2026-04-14 13:33:44 +0000  copying file ./Payload/ivooxNew.app/Frameworks/Promises.framework/Promises_Privacy.bundle/Info.plist ... 
2026-04-14 13:33:44 +0000  774 bytes for ./Payload/ivooxNew.app/Frameworks/Promises.framework/Promises_Privacy.bundle/Info.plist
2026-04-14 13:33:44 +0000  copying file ./Payload/ivooxNew.app/Frameworks/TTTLocalizedPluralString.framework/_CodeSignature/CodeResources ... 
2026-04-14 13:33:44 +0000  1798 bytes for ./Payload/ivooxNew.app/Frameworks/TTTLocalizedPluralString.framework/_CodeSignature/CodeResources
2026-04-14 13:33:44 +0000  copying file ./Payload/ivooxNew.app/Frameworks/TTTLocalizedPluralString.framework/Info.plist ... 
2026-04-14 13:33:44 +0000  815 bytes for ./Payload/ivooxNew.app/Frameworks/TTTLocalizedPluralString.framework/Info.plist
2026-04-14 13:33:44 +0000  copying file ./Payload/ivooxNew.app/Frameworks/TTTLocalizedPluralString.framework/TTTLocalizedPluralString ... 
2026-04-14 13:33:44 +0000  85952 bytes for ./Payload/ivooxNew.app/Frameworks/TTTLocalizedPluralString.framework/TTTLocalizedPluralString
2026-04-14 13:33:44 +0000  copying file ./Payload/ivooxNew.app/Frameworks/PanModal.framework/_CodeSignature/CodeResources ... 
2026-04-14 13:33:44 +0000  1798 bytes for ./Payload/ivooxNew.app/Frameworks/PanModal.framework/_CodeSignature/CodeResources
2026-04-14 13:33:44 +0000  copying file ./Payload/ivooxNew.app/Frameworks/PanModal.framework/PanModal ... 
2026-04-14 13:33:44 +0000  164048 bytes for ./Payload/ivooxNew.app/Frameworks/PanModal.framework/PanModal
2026-04-14 13:33:44 +0000  copying file ./Payload/ivooxNew.app/Frameworks/PanModal.framework/Info.plist ... 
2026-04-14 13:33:44 +0000  781 bytes for ./Payload/ivooxNew.app/Frameworks/PanModal.framework/Info.plist
2026-04-14 13:33:44 +0000  copying file ./Payload/ivooxNew.app/Frameworks/FBSDKCoreKit.framework/_CodeSignature/CodeResources ... 
2026-04-14 13:33:44 +0000  20698 bytes for ./Payload/ivooxNew.app/Frameworks/FBSDKCoreKit.framework/_CodeSignature/CodeResources
2026-04-14 13:33:44 +0000  copying file ./Payload/ivooxNew.app/Frameworks/FBSDKCoreKit.framework/FBSDKCoreKit ... 
2026-04-14 13:33:44 +0000  3872768 bytes for ./Payload/ivooxNew.app/Frameworks/FBSDKCoreKit.framework/FBSDKCoreKit
2026-04-14 13:33:44 +0000  copying file ./Payload/ivooxNew.app/Frameworks/FBSDKCoreKit.framework/FacebookSDKStrings.bundle/Resources/de.lproj/FacebookSDK.strings ... 
2026-04-14 13:33:44 +0000  4943 bytes for ./Payload/ivooxNew.app/Frameworks/FBSDKCoreKit.framework/FacebookSDKStrings.bundle/Resources/de.lproj/FacebookSDK.strings
2026-04-14 13:33:44 +0000  copying file ./Payload/ivooxNew.app/Frameworks/FBSDKCoreKit.framework/FacebookSDKStrings.bundle/Resources/he.lproj/FacebookSDK.strings ... 
2026-04-14 13:33:44 +0000  5055 bytes for ./Payload/ivooxNew.app/Frameworks/FBSDKCoreKit.framework/FacebookSDKStrings.bundle/Resources/he.lproj/FacebookSDK.strings
2026-04-14 13:33:44 +0000  copying file ./Payload/ivooxNew.app/Frameworks/FBSDKCoreKit.framework/FacebookSDKStrings.bundle/Resources/ar.lproj/FacebookSDK.strings ... 
2026-04-14 13:33:44 +0000  5374 bytes for ./Payload/ivooxNew.app/Frameworks/FBSDKCoreKit.framework/FacebookSDKStrings.bundle/Resources/ar.lproj/FacebookSDK.strings
2026-04-14 13:33:44 +0000  copying file ./Payload/ivooxNew.app/Frameworks/FBSDKCoreKit.framework/FacebookSDKStrings.bundle/Resources/el.lproj/FacebookSDK.strings ... 
2026-04-14 13:33:44 +0000  5916 bytes for ./Payload/ivooxNew.app/Frameworks/FBSDKCoreKit.framework/FacebookSDKStrings.bundle/Resources/el.lproj/FacebookSDK.strings
2026-04-14 13:33:44 +0000  copying file ./Payload/ivooxNew.app/Frameworks/FBSDKCoreKit.framework/FacebookSDKStrings.bundle/Resources/ja.lproj/FacebookSDK.strings ... 
2026-04-14 13:33:44 +0000  5182 bytes for ./Payload/ivooxNew.app/Frameworks/FBSDKCoreKit.framework/FacebookSDKStrings.bundle/Resources/ja.lproj/FacebookSDK.strings
2026-04-14 13:33:44 +0000  copying file ./Payload/ivooxNew.app/Frameworks/FBSDKCoreKit.framework/FacebookSDKStrings.bundle/Resources/mr.lproj/FacebookSDK.strings ... 
2026-04-14 13:33:44 +0000  6504 bytes for ./Payload/ivooxNew.app/Frameworks/FBSDKCoreKit.framework/FacebookSDKStrings.bundle/Resources/mr.lproj/FacebookSDK.strings
2026-04-14 13:33:44 +0000  copying file ./Payload/ivooxNew.app/Frameworks/FBSDKCoreKit.framework/FacebookSDKStrings.bundle/Resources/en.lproj/FacebookSDK.strings ... 
2026-04-14 13:33:44 +0000  8672 bytes for ./Payload/ivooxNew.app/Frameworks/FBSDKCoreKit.framework/FacebookSDKStrings.bundle/Resources/en.lproj/FacebookSDK.strings
2026-04-14 13:33:44 +0000  copying file ./Payload/ivooxNew.app/Frameworks/FBSDKCoreKit.framework/FacebookSDKStrings.bundle/Resources/gu.lproj/FacebookSDK.strings ... 
2026-04-14 13:33:44 +0000  6497 bytes for ./Payload/ivooxNew.app/Frameworks/FBSDKCoreKit.framework/FacebookSDKStrings.bundle/Resources/gu.lproj/FacebookSDK.strings
2026-04-14 13:33:44 +0000  copying file ./Payload/ivooxNew.app/Frameworks/FBSDKCoreKit.framework/FacebookSDKStrings.bundle/Resources/kn.lproj/FacebookSDK.strings ... 
2026-04-14 13:33:44 +0000  5695 bytes for ./Payload/ivooxNew.app/Frameworks/FBSDKCoreKit.framework/FacebookSDKStrings.bundle/Resources/kn.lproj/FacebookSDK.strings
2026-04-14 13:33:44 +0000  copying file ./Payload/ivooxNew.app/Frameworks/FBSDKCoreKit.framework/FacebookSDKStrings.bundle/Resources/nb.lproj/FacebookSDK.strings ... 
2026-04-14 13:33:44 +0000  4695 bytes for ./Payload/ivooxNew.app/Frameworks/FBSDKCoreKit.framework/FacebookSDKStrings.bundle/Resources/nb.lproj/FacebookSDK.strings
2026-04-14 13:33:44 +0000  copying file ./Payload/ivooxNew.app/Frameworks/FBSDKCoreKit.framework/FacebookSDKStrings.bundle/Resources/pa.lproj/FacebookSDK.strings ... 
2026-04-14 13:33:44 +0000  6610 bytes for ./Payload/ivooxNew.app/Frameworks/FBSDKCoreKit.framework/FacebookSDKStrings.bundle/Resources/pa.lproj/FacebookSDK.strings
2026-04-14 13:33:44 +0000  copying file ./Payload/ivooxNew.app/Frameworks/FBSDKCoreKit.framework/FacebookSDKStrings.bundle/Resources/es.lproj/FacebookSDK.strings ... 
2026-04-14 13:33:44 +0000  4887 bytes for ./Payload/ivooxNew.app/Frameworks/FBSDKCoreKit.framework/FacebookSDKStrings.bundle/Resources/es.lproj/FacebookSDK.strings
2026-04-14 13:33:44 +0000  copying file ./Payload/ivooxNew.app/Frameworks/FBSDKCoreKit.framework/FacebookSDKStrings.bundle/Resources/da.lproj/FacebookSDK.strings ... 
2026-04-14 13:33:44 +0000  4742 bytes for ./Payload/ivooxNew.app/Frameworks/FBSDKCoreKit.framework/FacebookSDKStrings.bundle/Resources/da.lproj/FacebookSDK.strings
2026-04-14 13:33:44 +0000  copying file ./Payload/ivooxNew.app/Frameworks/FBSDKCoreKit.framework/FacebookSDKStrings.bundle/Resources/it.lproj/FacebookSDK.strings ... 
2026-04-14 13:33:44 +0000  4793 bytes for ./Payload/ivooxNew.app/Frameworks/FBSDKCoreKit.framework/FacebookSDKStrings.bundle/Resources/it.lproj/FacebookSDK.strings
2026-04-14 13:33:44 +0000  copying file ./Payload/ivooxNew.app/Frameworks/FBSDKCoreKit.framework/FacebookSDKStrings.bundle/Resources/sk.lproj/FacebookSDK.strings ... 
2026-04-14 13:33:44 +0000  4893 bytes for ./Payload/ivooxNew.app/Frameworks/FBSDKCoreKit.framework/FacebookSDKStrings.bundle/Resources/sk.lproj/FacebookSDK.strings
2026-04-14 13:33:44 +0000  copying file ./Payload/ivooxNew.app/Frameworks/FBSDKCoreKit.framework/FacebookSDKStrings.bundle/Resources/pt_PT.lproj/FacebookSDK.strings ... 
2026-04-14 13:33:44 +0000  4921 bytes for ./Payload/ivooxNew.app/Frameworks/FBSDKCoreKit.framework/FacebookSDKStrings.bundle/Resources/pt_PT.lproj/FacebookSDK.strings
2026-04-14 13:33:44 +0000  copying file ./Payload/ivooxNew.app/Frameworks/FBSDKCoreKit.framework/FacebookSDKStrings.bundle/Resources/ms.lproj/FacebookSDK.strings ... 
2026-04-14 13:33:44 +0000  4772 bytes for ./Payload/ivooxNew.app/Frameworks/FBSDKCoreKit.framework/FacebookSDKStrings.bundle/Resources/ms.lproj/FacebookSDK.strings
2026-04-14 13:33:44 +0000  copying file ./Payload/ivooxNew.app/Frameworks/FBSDKCoreKit.framework/FacebookSDKStrings.bundle/Resources/ta.lproj/FacebookSDK.strings ... 
2026-04-14 13:33:44 +0000  6760 bytes for ./Payload/ivooxNew.app/Frameworks/FBSDKCoreKit.framework/FacebookSDKStrings.bundle/Resources/ta.lproj/FacebookSDK.strings
2026-04-14 13:33:44 +0000  copying file ./Payload/ivooxNew.app/Frameworks/FBSDKCoreKit.framework/FacebookSDKStrings.bundle/Resources/ml.lproj/FacebookSDK.strings ... 
2026-04-14 13:33:44 +0000  7100 bytes for ./Payload/ivooxNew.app/Frameworks/FBSDKCoreKit.framework/FacebookSDKStrings.bundle/Resources/ml.lproj/FacebookSDK.strings
2026-04-14 13:33:44 +0000  copying file ./Payload/ivooxNew.app/Frameworks/FBSDKCoreKit.framework/FacebookSDKStrings.bundle/Resources/sv.lproj/FacebookSDK.strings ... 
2026-04-14 13:33:44 +0000  4721 bytes for ./Payload/ivooxNew.app/Frameworks/FBSDKCoreKit.framework/FacebookSDKStrings.bundle/Resources/sv.lproj/FacebookSDK.strings
2026-04-14 13:33:44 +0000  copying file ./Payload/ivooxNew.app/Frameworks/FBSDKCoreKit.framework/FacebookSDKStrings.bundle/Resources/te.lproj/FacebookSDK.strings ... 
2026-04-14 13:33:44 +0000  6743 bytes for ./Payload/ivooxNew.app/Frameworks/FBSDKCoreKit.framework/FacebookSDKStrings.bundle/Resources/te.lproj/FacebookSDK.strings
2026-04-14 13:33:44 +0000  copying file ./Payload/ivooxNew.app/Frameworks/FBSDKCoreKit.framework/FacebookSDKStrings.bundle/Resources/cs.lproj/FacebookSDK.strings ... 
2026-04-14 13:33:44 +0000  4874 bytes for ./Payload/ivooxNew.app/Frameworks/FBSDKCoreKit.framework/FacebookSDKStrings.bundle/Resources/cs.lproj/FacebookSDK.strings
2026-04-14 13:33:44 +0000  copying file ./Payload/ivooxNew.app/Frameworks/FBSDKCoreKit.framework/FacebookSDKStrings.bundle/Resources/ko.lproj/FacebookSDK.strings ... 
2026-04-14 13:33:44 +0000  4912 bytes for ./Payload/ivooxNew.app/Frameworks/FBSDKCoreKit.framework/FacebookSDKStrings.bundle/Resources/ko.lproj/FacebookSDK.strings
2026-04-14 13:33:44 +0000  copying file ./Payload/ivooxNew.app/Frameworks/FBSDKCoreKit.framework/FacebookSDKStrings.bundle/Resources/fil.lproj/FacebookSDK.strings ... 
2026-04-14 13:33:44 +0000  4912 bytes for ./Payload/ivooxNew.app/Frameworks/FBSDKCoreKit.framework/FacebookSDKStrings.bundle/Resources/fil.lproj/FacebookSDK.strings
2026-04-14 13:33:44 +0000  copying file ./Payload/ivooxNew.app/Frameworks/FBSDKCoreKit.framework/FacebookSDKStrings.bundle/Resources/hu.lproj/FacebookSDK.strings ... 
2026-04-14 13:33:44 +0000  5011 bytes for ./Payload/ivooxNew.app/Frameworks/FBSDKCoreKit.framework/FacebookSDKStrings.bundle/Resources/hu.lproj/FacebookSDK.strings
2026-04-14 13:33:44 +0000  copying file ./Payload/ivooxNew.app/Frameworks/FBSDKCoreKit.framework/FacebookSDKStrings.bundle/Resources/tr.lproj/FacebookSDK.strings ... 
2026-04-14 13:33:44 +0000  4784 bytes for ./Payload/ivooxNew.app/Frameworks/FBSDKCoreKit.framework/FacebookSDKStrings.bundle/Resources/tr.lproj/FacebookSDK.strings
2026-04-14 13:33:44 +0000  copying file ./Payload/ivooxNew.app/Frameworks/FBSDKCoreKit.framework/FacebookSDKStrings.bundle/Resources/pl.lproj/FacebookSDK.strings ... 
2026-04-14 13:33:44 +0000  4860 bytes for ./Payload/ivooxNew.app/Frameworks/FBSDKCoreKit.framework/FacebookSDKStrings.bundle/Resources/pl.lproj/FacebookSDK.strings
2026-04-14 13:33:44 +0000  copying file ./Payload/ivooxNew.app/Frameworks/FBSDKCoreKit.framework/FacebookSDKStrings.bundle/Resources/en_GB.lproj/FacebookSDK.strings ... 
2026-04-14 13:33:44 +0000  4293 bytes for ./Payload/ivooxNew.app/Frameworks/FBSDKCoreKit.framework/FacebookSDKStrings.bundle/Resources/en_GB.lproj/FacebookSDK.strings
2026-04-14 13:33:44 +0000  copying file ./Payload/ivooxNew.app/Frameworks/FBSDKCoreKit.framework/FacebookSDKStrings.bundle/Resources/zh_Hant_TW.lproj/FacebookSDK.strings ... 
2026-04-14 13:33:44 +0000  4675 bytes for ./Payload/ivooxNew.app/Frameworks/FBSDKCoreKit.framework/FacebookSDKStrings.bundle/Resources/zh_Hant_TW.lproj/FacebookSDK.strings
2026-04-14 13:33:44 +0000  copying file ./Payload/ivooxNew.app/Frameworks/FBSDKCoreKit.framework/FacebookSDKStrings.bundle/Resources/vi.lproj/FacebookSDK.strings ... 
2026-04-14 13:33:44 +0000  5169 bytes for ./Payload/ivooxNew.app/Frameworks/FBSDKCoreKit.framework/FacebookSDKStrings.bundle/Resources/vi.lproj/FacebookSDK.strings
2026-04-14 13:33:44 +0000  copying file ./Payload/ivooxNew.app/Frameworks/FBSDKCoreKit.framework/FacebookSDKStrings.bundle/Resources/ru.lproj/FacebookSDK.strings ... 
2026-04-14 13:33:44 +0000  5466 bytes for ./Payload/ivooxNew.app/Frameworks/FBSDKCoreKit.framework/FacebookSDKStrings.bundle/Resources/ru.lproj/FacebookSDK.strings
2026-04-14 13:33:44 +0000  copying file ./Payload/ivooxNew.app/Frameworks/FBSDKCoreKit.framework/FacebookSDKStrings.bundle/Resources/zh_Hant_HK.lproj/FacebookSDK.strings ... 
2026-04-14 13:33:44 +0000  4631 bytes for ./Payload/ivooxNew.app/Frameworks/FBSDKCoreKit.framework/FacebookSDKStrings.bundle/Resources/zh_Hant_HK.lproj/FacebookSDK.strings
2026-04-14 13:33:44 +0000  copying file ./Payload/ivooxNew.app/Frameworks/FBSDKCoreKit.framework/FacebookSDKStrings.bundle/Resources/af.lproj/FacebookSDK.strings ... 
2026-04-14 13:33:44 +0000  4793 bytes for ./Payload/ivooxNew.app/Frameworks/FBSDKCoreKit.framework/FacebookSDKStrings.bundle/Resources/af.lproj/FacebookSDK.strings
2026-04-14 13:33:44 +0000  copying file ./Payload/ivooxNew.app/Frameworks/FBSDKCoreKit.framework/FacebookSDKStrings.bundle/Resources/es_ES.lproj/FacebookSDK.strings ... 
2026-04-14 13:33:44 +0000  4905 bytes for ./Payload/ivooxNew.app/Frameworks/FBSDKCoreKit.framework/FacebookSDKStrings.bundle/Resources/es_ES.lproj/FacebookSDK.strings
2026-04-14 13:33:44 +0000  copying file ./Payload/ivooxNew.app/Frameworks/FBSDKCoreKit.framework/FacebookSDKStrings.bundle/Resources/fr.lproj/FacebookSDK.strings ... 
2026-04-14 13:33:44 +0000  4998 bytes for ./Payload/ivooxNew.app/Frameworks/FBSDKCoreKit.framework/FacebookSDKStrings.bundle/Resources/fr.lproj/FacebookSDK.strings
2026-04-14 13:33:44 +0000  copying file ./Payload/ivooxNew.app/Frameworks/FBSDKCoreKit.framework/FacebookSDKStrings.bundle/Resources/fi.lproj/FacebookSDK.strings ... 
2026-04-14 13:33:44 +0000  4873 bytes for ./Payload/ivooxNew.app/Frameworks/FBSDKCoreKit.framework/FacebookSDKStrings.bundle/Resources/fi.lproj/FacebookSDK.strings
2026-04-14 13:33:44 +0000  copying file ./Payload/ivooxNew.app/Frameworks/FBSDKCoreKit.framework/FacebookSDKStrings.bundle/Resources/id.lproj/FacebookSDK.strings ... 
2026-04-14 13:33:44 +0000  4714 bytes for ./Payload/ivooxNew.app/Frameworks/FBSDKCoreKit.framework/FacebookSDKStrings.bundle/Resources/id.lproj/FacebookSDK.strings
2026-04-14 13:33:44 +0000  copying file ./Payload/ivooxNew.app/Frameworks/FBSDKCoreKit.framework/FacebookSDKStrings.bundle/Resources/nl.lproj/FacebookSDK.strings ... 
2026-04-14 13:33:44 +0000  4783 bytes for ./Payload/ivooxNew.app/Frameworks/FBSDKCoreKit.framework/FacebookSDKStrings.bundle/Resources/nl.lproj/FacebookSDK.strings
2026-04-14 13:33:44 +0000  copying file ./Payload/ivooxNew.app/Frameworks/FBSDKCoreKit.framework/FacebookSDKStrings.bundle/Resources/th.lproj/FacebookSDK.strings ... 
2026-04-14 13:33:44 +0000  6509 bytes for ./Payload/ivooxNew.app/Frameworks/FBSDKCoreKit.framework/FacebookSDKStrings.bundle/Resources/th.lproj/FacebookSDK.strings
2026-04-14 13:33:44 +0000  copying file ./Payload/ivooxNew.app/Frameworks/FBSDKCoreKit.framework/FacebookSDKStrings.bundle/Resources/pt.lproj/FacebookSDK.strings ... 
2026-04-14 13:33:44 +0000  4824 bytes for ./Payload/ivooxNew.app/Frameworks/FBSDKCoreKit.framework/FacebookSDKStrings.bundle/Resources/pt.lproj/FacebookSDK.strings
2026-04-14 13:33:44 +0000  copying file ./Payload/ivooxNew.app/Frameworks/FBSDKCoreKit.framework/FacebookSDKStrings.bundle/Resources/bn.lproj/FacebookSDK.strings ... 
2026-04-14 13:33:44 +0000  6746 bytes for ./Payload/ivooxNew.app/Frameworks/FBSDKCoreKit.framework/FacebookSDKStrings.bundle/Resources/bn.lproj/FacebookSDK.strings
2026-04-14 13:33:44 +0000  copying file ./Payload/ivooxNew.app/Frameworks/FBSDKCoreKit.framework/FacebookSDKStrings.bundle/Resources/hr.lproj/FacebookSDK.strings ... 
2026-04-14 13:33:44 +0000  4730 bytes for ./Payload/ivooxNew.app/Frameworks/FBSDKCoreKit.framework/FacebookSDKStrings.bundle/Resources/hr.lproj/FacebookSDK.strings
2026-04-14 13:33:44 +0000  copying file ./Payload/ivooxNew.app/Frameworks/FBSDKCoreKit.framework/FacebookSDKStrings.bundle/Resources/hi.lproj/FacebookSDK.strings ... 
2026-04-14 13:33:44 +0000  6528 bytes for ./Payload/ivooxNew.app/Frameworks/FBSDKCoreKit.framework/FacebookSDKStrings.bundle/Resources/hi.lproj/FacebookSDK.strings
2026-04-14 13:33:44 +0000  copying file ./Payload/ivooxNew.app/Frameworks/FBSDKCoreKit.framework/FacebookSDKStrings.bundle/Resources/zh.lproj/FacebookSDK.strings ... 
2026-04-14 13:33:44 +0000  4617 bytes for ./Payload/ivooxNew.app/Frameworks/FBSDKCoreKit.framework/FacebookSDKStrings.bundle/Resources/zh.lproj/FacebookSDK.strings
2026-04-14 13:33:44 +0000  copying file ./Payload/ivooxNew.app/Frameworks/FBSDKCoreKit.framework/PrivacyInfo.xcprivacy ... 
2026-04-14 13:33:44 +0000  1923 bytes for ./Payload/ivooxNew.app/Frameworks/FBSDKCoreKit.framework/PrivacyInfo.xcprivacy
2026-04-14 13:33:44 +0000  copying file ./Payload/ivooxNew.app/Frameworks/FBSDKCoreKit.framework/Info.plist ... 
2026-04-14 13:33:44 +0000  800 bytes for ./Payload/ivooxNew.app/Frameworks/FBSDKCoreKit.framework/Info.plist
2026-04-14 13:33:44 +0000  copying file ./Payload/ivooxNew.app/Frameworks/PromiseKit.framework/_CodeSignature/CodeResources ... 
2026-04-14 13:33:44 +0000  1798 bytes for ./Payload/ivooxNew.app/Frameworks/PromiseKit.framework/_CodeSignature/CodeResources
2026-04-14 13:33:44 +0000  copying file ./Payload/ivooxNew.app/Frameworks/PromiseKit.framework/PromiseKit ... 
2026-04-14 13:33:44 +0000  385728 bytes for ./Payload/ivooxNew.app/Frameworks/PromiseKit.framework/PromiseKit
2026-04-14 13:33:44 +0000  copying file ./Payload/ivooxNew.app/Frameworks/PromiseKit.framework/Info.plist ... 
2026-04-14 13:33:44 +0000  786 bytes for ./Payload/ivooxNew.app/Frameworks/PromiseKit.framework/Info.plist
2026-04-14 13:33:44 +0000  copying file ./Payload/ivooxNew.app/Frameworks/LPSnackbar.framework/_CodeSignature/CodeResources ... 
2026-04-14 13:33:44 +0000  2028 bytes for ./Payload/ivooxNew.app/Frameworks/LPSnackbar.framework/_CodeSignature/CodeResources
2026-04-14 13:33:44 +0000  copying file ./Payload/ivooxNew.app/Frameworks/LPSnackbar.framework/LPSnackbar ... 
2026-04-14 13:33:44 +0000  163264 bytes for ./Payload/ivooxNew.app/Frameworks/LPSnackbar.framework/LPSnackbar
2026-04-14 13:33:44 +0000  copying file ./Payload/ivooxNew.app/Frameworks/LPSnackbar.framework/LPSnackbarView.nib ... 
2026-04-14 13:33:44 +0000  5860 bytes for ./Payload/ivooxNew.app/Frameworks/LPSnackbar.framework/LPSnackbarView.nib
2026-04-14 13:33:44 +0000  copying file ./Payload/ivooxNew.app/Frameworks/LPSnackbar.framework/Info.plist ... 
2026-04-14 13:33:44 +0000  785 bytes for ./Payload/ivooxNew.app/Frameworks/LPSnackbar.framework/Info.plist
2026-04-14 13:33:44 +0000  copying file ./Payload/ivooxNew.app/Frameworks/MBProgressHUD.framework/_CodeSignature/CodeResources ... 
2026-04-14 13:33:44 +0000  1798 bytes for ./Payload/ivooxNew.app/Frameworks/MBProgressHUD.framework/_CodeSignature/CodeResources
2026-04-14 13:33:44 +0000  copying file ./Payload/ivooxNew.app/Frameworks/MBProgressHUD.framework/MBProgressHUD ... 
2026-04-14 13:33:44 +0000  119312 bytes for ./Payload/ivooxNew.app/Frameworks/MBProgressHUD.framework/MBProgressHUD
2026-04-14 13:33:44 +0000  copying file ./Payload/ivooxNew.app/Frameworks/MBProgressHUD.framework/Info.plist ... 
2026-04-14 13:33:44 +0000  791 bytes for ./Payload/ivooxNew.app/Frameworks/MBProgressHUD.framework/Info.plist
2026-04-14 13:33:44 +0000  copying file ./Payload/ivooxNew.app/Frameworks/SkeletonView.framework/_CodeSignature/CodeResources ... 
2026-04-14 13:33:44 +0000  1798 bytes for ./Payload/ivooxNew.app/Frameworks/SkeletonView.framework/_CodeSignature/CodeResources
2026-04-14 13:33:44 +0000  copying file ./Payload/ivooxNew.app/Frameworks/SkeletonView.framework/SkeletonView ... 
2026-04-14 13:33:45 +0000  351328 bytes for ./Payload/ivooxNew.app/Frameworks/SkeletonView.framework/SkeletonView
2026-04-14 13:33:45 +0000  copying file ./Payload/ivooxNew.app/Frameworks/SkeletonView.framework/Info.plist ... 
790 bytes for ./Payload/ivooxNew.app/Frameworks/SkeletonView.framework/Info.plist
2026-04-14 13:33:45 +0000  copying file ./Payload/ivooxNew.app/Frameworks/BatchExtension.framework/_CodeSignature/CodeResources ... 
2026-04-14 13:33:45 +0000  2328 bytes for ./Payload/ivooxNew.app/Frameworks/BatchExtension.framework/_CodeSignature/CodeResources
copying file ./Payload/ivooxNew.app/Frameworks/BatchExtension.framework/BatchExtension ... 
2026-04-14 13:33:45 +0000  121520 bytes for ./Payload/ivooxNew.app/Frameworks/BatchExtension.framework/BatchExtension
2026-04-14 13:33:45 +0000  copying file ./Payload/ivooxNew.app/Frameworks/BatchExtension.framework/BatchExtension.bundle/PrivacyInfo.xcprivacy ... 
2026-04-14 13:33:45 +0000  326 bytes for ./Payload/ivooxNew.app/Frameworks/BatchExtension.framework/BatchExtension.bundle/PrivacyInfo.xcprivacy
2026-04-14 13:33:45 +0000  copying file ./Payload/ivooxNew.app/Frameworks/BatchExtension.framework/BatchExtension.bundle/Info.plist ... 
2026-04-14 13:33:45 +0000  768 bytes for ./Payload/ivooxNew.app/Frameworks/BatchExtension.framework/BatchExtension.bundle/Info.plist
2026-04-14 13:33:45 +0000  copying file ./Payload/ivooxNew.app/Frameworks/BatchExtension.framework/Info.plist ... 
2026-04-14 13:33:45 +0000  793 bytes for ./Payload/ivooxNew.app/Frameworks/BatchExtension.framework/Info.plist
2026-04-14 13:33:45 +0000  copying file ./Payload/ivooxNew.app/Frameworks/CancellablePromiseKit.framework/_CodeSignature/CodeResources ... 
2026-04-14 13:33:45 +0000  1798 bytes for ./Payload/ivooxNew.app/Frameworks/CancellablePromiseKit.framework/_CodeSignature/CodeResources
2026-04-14 13:33:45 +0000  copying file ./Payload/ivooxNew.app/Frameworks/CancellablePromiseKit.framework/CancellablePromiseKit ... 
2026-04-14 13:33:45 +0000  119728 bytes for ./Payload/ivooxNew.app/Frameworks/CancellablePromiseKit.framework/CancellablePromiseKit
2026-04-14 13:33:45 +0000  copying file ./Payload/ivooxNew.app/Frameworks/CancellablePromiseKit.framework/Info.plist ... 
2026-04-14 13:33:45 +0000  809 bytes for ./Payload/ivooxNew.app/Frameworks/CancellablePromiseKit.framework/Info.plist
2026-04-14 13:33:45 +0000  copying file ./Payload/ivooxNew.app/Frameworks/AdjustSdk.framework/_CodeSignature/CodeResources ... 
2026-04-14 13:33:45 +0000  2296 bytes for ./Payload/ivooxNew.app/Frameworks/AdjustSdk.framework/_CodeSignature/CodeResources
2026-04-14 13:33:45 +0000  copying file ./Payload/ivooxNew.app/Frameworks/AdjustSdk.framework/Adjust.bundle/PrivacyInfo.xcprivacy ... 
2026-04-14 13:33:45 +0000  2038 bytes for ./Payload/ivooxNew.app/Frameworks/AdjustSdk.framework/Adjust.bundle/PrivacyInfo.xcprivacy
2026-04-14 13:33:45 +0000  copying file ./Payload/ivooxNew.app/Frameworks/AdjustSdk.framework/Adjust.bundle/Info.plist ... 
2026-04-14 13:33:45 +0000  752 bytes for ./Payload/ivooxNew.app/Frameworks/AdjustSdk.framework/Adjust.bundle/Info.plist
2026-04-14 13:33:45 +0000  copying file ./Payload/ivooxNew.app/Frameworks/AdjustSdk.framework/AdjustSdk ... 
2026-04-14 13:33:45 +0000  718208 bytes for ./Payload/ivooxNew.app/Frameworks/AdjustSdk.framework/AdjustSdk
2026-04-14 13:33:45 +0000  copying file ./Payload/ivooxNew.app/Frameworks/AdjustSdk.framework/Info.plist ... 
783 bytes for ./Payload/ivooxNew.app/Frameworks/AdjustSdk.framework/Info.plist
2026-04-14 13:33:45 +0000  copying file ./Payload/ivooxNew.app/Frameworks/FirebaseInstallations.framework/_CodeSignature/CodeResources ... 
2026-04-14 13:33:45 +0000  2388 bytes for ./Payload/ivooxNew.app/Frameworks/FirebaseInstallations.framework/_CodeSignature/CodeResources
copying file ./Payload/ivooxNew.app/Frameworks/FirebaseInstallations.framework/FirebaseInstallations ... 
2026-04-14 13:33:45 +0000  220208 bytes for ./Payload/ivooxNew.app/Frameworks/FirebaseInstallations.framework/FirebaseInstallations
2026-04-14 13:33:45 +0000  copying file ./Payload/ivooxNew.app/Frameworks/FirebaseInstallations.framework/FirebaseInstallations_Privacy.bundle/PrivacyInfo.xcprivacy ... 
2026-04-14 13:33:45 +0000  1105 bytes for ./Payload/ivooxNew.app/Frameworks/FirebaseInstallations.framework/FirebaseInstallations_Privacy.bundle/PrivacyInfo.xcprivacy
2026-04-14 13:33:45 +0000  copying file ./Payload/ivooxNew.app/Frameworks/FirebaseInstallations.framework/FirebaseInstallations_Privacy.bundle/Info.plist ... 
2026-04-14 13:33:45 +0000  802 bytes for ./Payload/ivooxNew.app/Frameworks/FirebaseInstallations.framework/FirebaseInstallations_Privacy.bundle/Info.plist
2026-04-14 13:33:45 +0000  copying file ./Payload/ivooxNew.app/Frameworks/FirebaseInstallations.framework/Info.plist ... 
2026-04-14 13:33:45 +0000  811 bytes for ./Payload/ivooxNew.app/Frameworks/FirebaseInstallations.framework/Info.plist
2026-04-14 13:33:45 +0000  copying file ./Payload/ivooxNew.app/Frameworks/MoEngageTriggerEvaluator.framework/_CodeSignature/CodeResources ... 
2026-04-14 13:33:45 +0000  1798 bytes for ./Payload/ivooxNew.app/Frameworks/MoEngageTriggerEvaluator.framework/_CodeSignature/CodeResources
2026-04-14 13:33:45 +0000  copying file ./Payload/ivooxNew.app/Frameworks/MoEngageTriggerEvaluator.framework/Info.plist ... 
2026-04-14 13:33:45 +0000  949 bytes for ./Payload/ivooxNew.app/Frameworks/MoEngageTriggerEvaluator.framework/Info.plist
2026-04-14 13:33:45 +0000  copying file ./Payload/ivooxNew.app/Frameworks/MoEngageTriggerEvaluator.framework/MoEngageTriggerEvaluator ... 
2026-04-14 13:33:45 +0000  325232 bytes for ./Payload/ivooxNew.app/Frameworks/MoEngageTriggerEvaluator.framework/MoEngageTriggerEvaluator
2026-04-14 13:33:45 +0000  copying file ./Payload/ivooxNew.app/Frameworks/Batch.framework/_CodeSignature/CodeResources ... 
2026-04-14 13:33:45 +0000  2034 bytes for ./Payload/ivooxNew.app/Frameworks/Batch.framework/_CodeSignature/CodeResources
2026-04-14 13:33:45 +0000  copying file ./Payload/ivooxNew.app/Frameworks/Batch.framework/Batch ... 
2026-04-14 13:33:45 +0000  1850160 bytes for ./Payload/ivooxNew.app/Frameworks/Batch.framework/Batch
2026-04-14 13:33:45 +0000  copying file ./Payload/ivooxNew.app/Frameworks/Batch.framework/PrivacyInfo.xcprivacy ... 
2026-04-14 13:33:45 +0000  3110 bytes for ./Payload/ivooxNew.app/Frameworks/Batch.framework/PrivacyInfo.xcprivacy
2026-04-14 13:33:45 +0000  copying file ./Payload/ivooxNew.app/Frameworks/Batch.framework/Info.plist ... 
2026-04-14 13:33:45 +0000  745 bytes for ./Payload/ivooxNew.app/Frameworks/Batch.framework/Info.plist
2026-04-14 13:33:45 +0000  copying file ./Payload/ivooxNew.app/Frameworks/FirebaseABTesting.framework/_CodeSignature/CodeResources ... 
2026-04-14 13:33:45 +0000  2372 bytes for ./Payload/ivooxNew.app/Frameworks/FirebaseABTesting.framework/_CodeSignature/CodeResources
2026-04-14 13:33:45 +0000  copying file ./Payload/ivooxNew.app/Frameworks/FirebaseABTesting.framework/FirebaseABTesting ... 
2026-04-14 13:33:45 +0000  120272 bytes for ./Payload/ivooxNew.app/Frameworks/FirebaseABTesting.framework/FirebaseABTesting
2026-04-14 13:33:45 +0000  copying file ./Payload/ivooxNew.app/Frameworks/FirebaseABTesting.framework/Info.plist ... 
2026-04-14 13:33:45 +0000  803 bytes for ./Payload/ivooxNew.app/Frameworks/FirebaseABTesting.framework/Info.plist
2026-04-14 13:33:45 +0000  copying file ./Payload/ivooxNew.app/Frameworks/FirebaseABTesting.framework/FirebaseABTesting_Privacy.bundle/PrivacyInfo.xcprivacy ... 
2026-04-14 13:33:45 +0000  478 bytes for ./Payload/ivooxNew.app/Frameworks/FirebaseABTesting.framework/FirebaseABTesting_Privacy.bundle/PrivacyInfo.xcprivacy
2026-04-14 13:33:45 +0000  copying file ./Payload/ivooxNew.app/Frameworks/FirebaseABTesting.framework/FirebaseABTesting_Privacy.bundle/Info.plist ... 
2026-04-14 13:33:45 +0000  794 bytes for ./Payload/ivooxNew.app/Frameworks/FirebaseABTesting.framework/FirebaseABTesting_Privacy.bundle/Info.plist
2026-04-14 13:33:45 +0000  copying file ./Payload/ivooxNew.app/Frameworks/Amplitude.framework/_CodeSignature/CodeResources ... 
2026-04-14 13:33:45 +0000  2650 bytes for ./Payload/ivooxNew.app/Frameworks/Amplitude.framework/_CodeSignature/CodeResources
2026-04-14 13:33:45 +0000  copying file ./Payload/ivooxNew.app/Frameworks/Amplitude.framework/Amplitude ... 
2026-04-14 13:33:45 +0000  281072 bytes for ./Payload/ivooxNew.app/Frameworks/Amplitude.framework/Amplitude
2026-04-14 13:33:45 +0000  copying file ./Payload/ivooxNew.app/Frameworks/Amplitude.framework/Amplitude_Amplitude.bundle/ComodoRsaDomainValidationCA.der ... 
2026-04-14 13:33:45 +0000  1548 bytes for ./Payload/ivooxNew.app/Frameworks/Amplitude.framework/Amplitude_Amplitude.bundle/ComodoRsaDomainValidationCA.der
2026-04-14 13:33:45 +0000  copying file ./Payload/ivooxNew.app/Frameworks/Amplitude.framework/Amplitude_Amplitude.bundle/PrivacyInfo.xcprivacy ... 
2026-04-14 13:33:45 +0000  1373 bytes for ./Payload/ivooxNew.app/Frameworks/Amplitude.framework/Amplitude_Amplitude.bundle/PrivacyInfo.xcprivacy
2026-04-14 13:33:45 +0000  copying file ./Payload/ivooxNew.app/Frameworks/Amplitude.framework/Amplitude_Amplitude.bundle/Info.plist ... 
2026-04-14 13:33:45 +0000  781 bytes for ./Payload/ivooxNew.app/Frameworks/Amplitude.framework/Amplitude_Amplitude.bundle/Info.plist
2026-04-14 13:33:45 +0000  copying file ./Payload/ivooxNew.app/Frameworks/Amplitude.framework/Info.plist ... 
2026-04-14 13:33:45 +0000  784 bytes for ./Payload/ivooxNew.app/Frameworks/Amplitude.framework/Info.plist
2026-04-14 13:33:45 +0000  copying file ./Payload/ivooxNew.app/Frameworks/libextobjc.framework/_CodeSignature/CodeResources ... 
2026-04-14 13:33:45 +0000  1798 bytes for ./Payload/ivooxNew.app/Frameworks/libextobjc.framework/_CodeSignature/CodeResources
2026-04-14 13:33:45 +0000  copying file ./Payload/ivooxNew.app/Frameworks/libextobjc.framework/libextobjc ... 
2026-04-14 13:33:45 +0000  96336 bytes for ./Payload/ivooxNew.app/Frameworks/libextobjc.framework/libextobjc
2026-04-14 13:33:45 +0000  copying file ./Payload/ivooxNew.app/Frameworks/libextobjc.framework/Info.plist ... 
2026-04-14 13:33:45 +0000  785 bytes for ./Payload/ivooxNew.app/Frameworks/libextobjc.framework/Info.plist
2026-04-14 13:33:45 +0000  copying file ./Payload/ivooxNew.app/Frameworks/MZFormSheetPresentationController.framework/_CodeSignature/CodeResources ... 
2026-04-14 13:33:45 +0000  1798 bytes for ./Payload/ivooxNew.app/Frameworks/MZFormSheetPresentationController.framework/_CodeSignature/CodeResources
2026-04-14 13:33:45 +0000  copying file ./Payload/ivooxNew.app/Frameworks/MZFormSheetPresentationController.framework/MZFormSheetPresentationController ... 
2026-04-14 13:33:45 +0000  231056 bytes for ./Payload/ivooxNew.app/Frameworks/MZFormSheetPresentationController.framework/MZFormSheetPresentationController
2026-04-14 13:33:45 +0000  copying file ./Payload/ivooxNew.app/Frameworks/MZFormSheetPresentationController.framework/Info.plist ... 
2026-04-14 13:33:45 +0000  833 bytes for ./Payload/ivooxNew.app/Frameworks/MZFormSheetPresentationController.framework/Info.plist
2026-04-14 13:33:45 +0000  copying file ./Payload/ivooxNew.app/Frameworks/MoEngageRichNotification.framework/_CodeSignature/CodeResources ... 
2026-04-14 13:33:45 +0000  3020 bytes for ./Payload/ivooxNew.app/Frameworks/MoEngageRichNotification.framework/_CodeSignature/CodeResources
2026-04-14 13:33:45 +0000  copying file ./Payload/ivooxNew.app/Frameworks/MoEngageRichNotification.framework/MoEngagePushBodyView.nib ... 
2026-04-14 13:33:45 +0000  4354 bytes for ./Payload/ivooxNew.app/Frameworks/MoEngageRichNotification.framework/MoEngagePushBodyView.nib
2026-04-14 13:33:45 +0000  copying file ./Payload/ivooxNew.app/Frameworks/MoEngageRichNotification.framework/MoEngagePushMediaView.nib ... 
2026-04-14 13:33:45 +0000  2023 bytes for ./Payload/ivooxNew.app/Frameworks/MoEngageRichNotification.framework/MoEngagePushMediaView.nib
2026-04-14 13:33:45 +0000  copying file ./Payload/ivooxNew.app/Frameworks/MoEngageRichNotification.framework/PrivacyInfo.xcprivacy ... 
2026-04-14 13:33:45 +0000  1088 bytes for ./Payload/ivooxNew.app/Frameworks/MoEngageRichNotification.framework/PrivacyInfo.xcprivacy
2026-04-14 13:33:45 +0000  copying file ./Payload/ivooxNew.app/Frameworks/MoEngageRichNotification.framework/MoEngageCarouselCollectionView.nib ... 
2026-04-14 13:33:45 +0000  3159 bytes for ./Payload/ivooxNew.app/Frameworks/MoEngageRichNotification.framework/MoEngageCarouselCollectionView.nib
2026-04-14 13:33:45 +0000  copying file ./Payload/ivooxNew.app/Frameworks/MoEngageRichNotification.framework/MoEngageCarouselCollectionViewCell.nib ... 
2026-04-14 13:33:45 +0000  2121 bytes for ./Payload/ivooxNew.app/Frameworks/MoEngageRichNotification.framework/MoEngageCarouselCollectionViewCell.nib
2026-04-14 13:33:45 +0000  copying file ./Payload/ivooxNew.app/Frameworks/MoEngageRichNotification.framework/Info.plist ... 
2026-04-14 13:33:45 +0000  949 bytes for ./Payload/ivooxNew.app/Frameworks/MoEngageRichNotification.framework/Info.plist
2026-04-14 13:33:45 +0000  copying file ./Payload/ivooxNew.app/Frameworks/MoEngageRichNotification.framework/MoEngageRichNotification ... 
2026-04-14 13:33:45 +0000  273328 bytes for ./Payload/ivooxNew.app/Frameworks/MoEngageRichNotification.framework/MoEngageRichNotification
2026-04-14 13:33:45 +0000  copying file ./Payload/ivooxNew.app/Frameworks/FormatterKit.framework/_CodeSignature/CodeResources ... 
2026-04-14 13:33:45 +0000  4563 bytes for ./Payload/ivooxNew.app/Frameworks/FormatterKit.framework/_CodeSignature/CodeResources
2026-04-14 13:33:45 +0000  copying file ./Payload/ivooxNew.app/Frameworks/FormatterKit.framework/FormatterKit ... 
2026-04-14 13:33:45 +0000  113616 bytes for ./Payload/ivooxNew.app/Frameworks/FormatterKit.framework/FormatterKit
2026-04-14 13:33:45 +0000  copying file ./Payload/ivooxNew.app/Frameworks/FormatterKit.framework/FormatterKit.bundle/de.lproj/FormatterKit.strings ... 
2026-04-14 13:33:45 +0000  3729 bytes for ./Payload/ivooxNew.app/Frameworks/FormatterKit.framework/FormatterKit.bundle/de.lproj/FormatterKit.strings
2026-04-14 13:33:45 +0000  copying file ./Payload/ivooxNew.app/Frameworks/FormatterKit.framework/FormatterKit.bundle/en.lproj/FormatterKit.strings ... 
2026-04-14 13:33:45 +0000  0 bytes for ./Payload/ivooxNew.app/Frameworks/FormatterKit.framework/FormatterKit.bundle/en.lproj/FormatterKit.strings
2026-04-14 13:33:45 +0000  copying file ./Payload/ivooxNew.app/Frameworks/FormatterKit.framework/FormatterKit.bundle/es.lproj/FormatterKit.strings ... 
2026-04-14 13:33:45 +0000  5175 bytes for ./Payload/ivooxNew.app/Frameworks/FormatterKit.framework/FormatterKit.bundle/es.lproj/FormatterKit.strings
2026-04-14 13:33:45 +0000  copying file ./Payload/ivooxNew.app/Frameworks/FormatterKit.framework/FormatterKit.bundle/pt_BR.lproj/FormatterKit.strings ... 
2026-04-14 13:33:45 +0000  5139 bytes for ./Payload/ivooxNew.app/Frameworks/FormatterKit.framework/FormatterKit.bundle/pt_BR.lproj/FormatterKit.strings
2026-04-14 13:33:45 +0000  copying file ./Payload/ivooxNew.app/Frameworks/FormatterKit.framework/FormatterKit.bundle/fr.lproj/FormatterKit.strings ... 
2026-04-14 13:33:45 +0000  5179 bytes for ./Payload/ivooxNew.app/Frameworks/FormatterKit.framework/FormatterKit.bundle/fr.lproj/FormatterKit.strings
2026-04-14 13:33:45 +0000  copying file ./Payload/ivooxNew.app/Frameworks/FormatterKit.framework/FormatterKit.bundle/pt.lproj/FormatterKit.strings ... 
2026-04-14 13:33:45 +0000  5139 bytes for ./Payload/ivooxNew.app/Frameworks/FormatterKit.framework/FormatterKit.bundle/pt.lproj/FormatterKit.strings
2026-04-14 13:33:45 +0000  copying file ./Payload/ivooxNew.app/Frameworks/FormatterKit.framework/FormatterKit.bundle/ca.lproj/FormatterKit.strings ... 
2026-04-14 13:33:45 +0000  5150 bytes for ./Payload/ivooxNew.app/Frameworks/FormatterKit.framework/FormatterKit.bundle/ca.lproj/FormatterKit.strings
2026-04-14 13:33:45 +0000  copying file ./Payload/ivooxNew.app/Frameworks/FormatterKit.framework/Info.plist ... 
2026-04-14 13:33:45 +0000  789 bytes for ./Payload/ivooxNew.app/Frameworks/FormatterKit.framework/Info.plist
2026-04-14 13:33:45 +0000  copying file ./Payload/ivooxNew.app/Frameworks/GoogleSignIn.framework/_CodeSignature/CodeResources ... 
2026-04-14 13:33:45 +0000  18302 bytes for ./Payload/ivooxNew.app/Frameworks/GoogleSignIn.framework/_CodeSignature/CodeResources
2026-04-14 13:33:45 +0000  copying file ./Payload/ivooxNew.app/Frameworks/GoogleSignIn.framework/GoogleSignIn.bundle/de.lproj/GoogleSignIn.strings ... 
2026-04-14 13:33:45 +0000  1703 bytes for ./Payload/ivooxNew.app/Frameworks/GoogleSignIn.framework/GoogleSignIn.bundle/de.lproj/GoogleSignIn.strings
2026-04-14 13:33:45 +0000  copying file ./Payload/ivooxNew.app/Frameworks/GoogleSignIn.framework/GoogleSignIn.bundle/he.lproj/GoogleSignIn.strings ... 
2026-04-14 13:33:45 +0000  1780 bytes for ./Payload/ivooxNew.app/Frameworks/GoogleSignIn.framework/GoogleSignIn.bundle/he.lproj/GoogleSignIn.strings
2026-04-14 13:33:45 +0000  copying file ./Payload/ivooxNew.app/Frameworks/GoogleSignIn.framework/GoogleSignIn.bundle/ar.lproj/GoogleSignIn.strings ... 
2026-04-14 13:33:45 +0000  1759 bytes for ./Payload/ivooxNew.app/Frameworks/GoogleSignIn.framework/GoogleSignIn.bundle/ar.lproj/GoogleSignIn.strings
2026-04-14 13:33:45 +0000  copying file ./Payload/ivooxNew.app/Frameworks/GoogleSignIn.framework/GoogleSignIn.bundle/el.lproj/GoogleSignIn.strings ... 
2026-04-14 13:33:45 +0000  2103 bytes for ./Payload/ivooxNew.app/Frameworks/GoogleSignIn.framework/GoogleSignIn.bundle/el.lproj/GoogleSignIn.strings
2026-04-14 13:33:45 +0000  copying file ./Payload/ivooxNew.app/Frameworks/GoogleSignIn.framework/GoogleSignIn.bundle/ja.lproj/GoogleSignIn.strings ... 
2026-04-14 13:33:45 +0000  1711 bytes for ./Payload/ivooxNew.app/Frameworks/GoogleSignIn.framework/GoogleSignIn.bundle/ja.lproj/GoogleSignIn.strings
2026-04-14 13:33:45 +0000  copying file ./Payload/ivooxNew.app/Frameworks/GoogleSignIn.framework/GoogleSignIn.bundle/en.lproj/GoogleSignIn.strings ... 
2026-04-14 13:33:45 +0000  1547 bytes for ./Payload/ivooxNew.app/Frameworks/GoogleSignIn.framework/GoogleSignIn.bundle/en.lproj/GoogleSignIn.strings
2026-04-14 13:33:45 +0000  copying file ./Payload/ivooxNew.app/Frameworks/GoogleSignIn.framework/GoogleSignIn.bundle/uk.lproj/GoogleSignIn.strings ... 
2026-04-14 13:33:45 +0000  1864 bytes for ./Payload/ivooxNew.app/Frameworks/GoogleSignIn.framework/GoogleSignIn.bundle/uk.lproj/GoogleSignIn.strings
2026-04-14 13:33:45 +0000  copying file ./Payload/ivooxNew.app/Frameworks/GoogleSignIn.framework/GoogleSignIn.bundle/es_MX.lproj/GoogleSignIn.strings ... 
2026-04-14 13:33:45 +0000  1607 bytes for ./Payload/ivooxNew.app/Frameworks/GoogleSignIn.framework/GoogleSignIn.bundle/es_MX.lproj/GoogleSignIn.strings
2026-04-14 13:33:45 +0000  copying file ./Payload/ivooxNew.app/Frameworks/GoogleSignIn.framework/GoogleSignIn.bundle/zh_CN.lproj/GoogleSignIn.strings ... 
2026-04-14 13:33:45 +0000  1489 bytes for ./Payload/ivooxNew.app/Frameworks/GoogleSignIn.framework/GoogleSignIn.bundle/zh_CN.lproj/GoogleSignIn.strings
2026-04-14 13:33:45 +0000  copying file ./Payload/ivooxNew.app/Frameworks/GoogleSignIn.framework/GoogleSignIn.bundle/nb.lproj/GoogleSignIn.strings ... 
2026-04-14 13:33:45 +0000  1593 bytes for ./Payload/ivooxNew.app/Frameworks/GoogleSignIn.framework/GoogleSignIn.bundle/nb.lproj/GoogleSignIn.strings
2026-04-14 13:33:45 +0000  copying file ./Payload/ivooxNew.app/Frameworks/GoogleSignIn.framework/GoogleSignIn.bundle/es.lproj/GoogleSignIn.strings ... 
2026-04-14 13:33:45 +0000  1678 bytes for ./Payload/ivooxNew.app/Frameworks/GoogleSignIn.framework/GoogleSignIn.bundle/es.lproj/GoogleSignIn.strings
2026-04-14 13:33:45 +0000  copying file ./Payload/ivooxNew.app/Frameworks/GoogleSignIn.framework/GoogleSignIn.bundle/pt_BR.lproj/GoogleSignIn.strings ... 
2026-04-14 13:33:45 +0000  1608 bytes for ./Payload/ivooxNew.app/Frameworks/GoogleSignIn.framework/GoogleSignIn.bundle/pt_BR.lproj/GoogleSignIn.strings
2026-04-14 13:33:45 +0000  copying file ./Payload/ivooxNew.app/Frameworks/GoogleSignIn.framework/GoogleSignIn.bundle/da.lproj/GoogleSignIn.strings ... 
2026-04-14 13:33:45 +0000  1611 bytes for ./Payload/ivooxNew.app/Frameworks/GoogleSignIn.framework/GoogleSignIn.bundle/da.lproj/GoogleSignIn.strings
2026-04-14 13:33:45 +0000  copying file ./Payload/ivooxNew.app/Frameworks/GoogleSignIn.framework/GoogleSignIn.bundle/it.lproj/GoogleSignIn.strings ... 
2026-04-14 13:33:45 +0000  1570 bytes for ./Payload/ivooxNew.app/Frameworks/GoogleSignIn.framework/GoogleSignIn.bundle/it.lproj/GoogleSignIn.strings
2026-04-14 13:33:45 +0000  copying file ./Payload/ivooxNew.app/Frameworks/GoogleSignIn.framework/GoogleSignIn.bundle/sk.lproj/GoogleSignIn.strings ... 
2026-04-14 13:33:45 +0000  1665 bytes for ./Payload/ivooxNew.app/Frameworks/GoogleSignIn.framework/GoogleSignIn.bundle/sk.lproj/GoogleSignIn.strings
2026-04-14 13:33:45 +0000  copying file ./Payload/ivooxNew.app/Frameworks/GoogleSignIn.framework/GoogleSignIn.bundle/pt_PT.lproj/GoogleSignIn.strings ... 
2026-04-14 13:33:45 +0000  1646 bytes for ./Payload/ivooxNew.app/Frameworks/GoogleSignIn.framework/GoogleSignIn.bundle/pt_PT.lproj/GoogleSignIn.strings
2026-04-14 13:33:45 +0000  copying file ./Payload/ivooxNew.app/Frameworks/GoogleSignIn.framework/GoogleSignIn.bundle/google@3x.png ... 
2026-04-14 13:33:45 +0000  1773 bytes for ./Payload/ivooxNew.app/Frameworks/GoogleSignIn.framework/GoogleSignIn.bundle/google@3x.png
2026-04-14 13:33:45 +0000  copying file ./Payload/ivooxNew.app/Frameworks/GoogleSignIn.framework/GoogleSignIn.bundle/ms.lproj/GoogleSignIn.strings ... 
2026-04-14 13:33:45 +0000  1565 bytes for ./Payload/ivooxNew.app/Frameworks/GoogleSignIn.framework/GoogleSignIn.bundle/ms.lproj/GoogleSignIn.strings
2026-04-14 13:33:45 +0000  copying file ./Payload/ivooxNew.app/Frameworks/GoogleSignIn.framework/GoogleSignIn.bundle/sv.lproj/GoogleSignIn.strings ... 
2026-04-14 13:33:45 +0000  1579 bytes for ./Payload/ivooxNew.app/Frameworks/GoogleSignIn.framework/GoogleSignIn.bundle/sv.lproj/GoogleSignIn.strings
2026-04-14 13:33:45 +0000  copying file ./Payload/ivooxNew.app/Frameworks/GoogleSignIn.framework/GoogleSignIn.bundle/cs.lproj/GoogleSignIn.strings ... 
2026-04-14 13:33:45 +0000  1615 bytes for ./Payload/ivooxNew.app/Frameworks/GoogleSignIn.framework/GoogleSignIn.bundle/cs.lproj/GoogleSignIn.strings
2026-04-14 13:33:45 +0000  copying file ./Payload/ivooxNew.app/Frameworks/GoogleSignIn.framework/GoogleSignIn.bundle/google@2x.png ... 
2026-04-14 13:33:45 +0000  1166 bytes for ./Payload/ivooxNew.app/Frameworks/GoogleSignIn.framework/GoogleSignIn.bundle/google@2x.png
2026-04-14 13:33:45 +0000  copying file ./Payload/ivooxNew.app/Frameworks/GoogleSignIn.framework/GoogleSignIn.bundle/ko.lproj/GoogleSignIn.strings ... 
2026-04-14 13:33:45 +0000  1634 bytes for ./Payload/ivooxNew.app/Frameworks/GoogleSignIn.framework/GoogleSignIn.bundle/ko.lproj/GoogleSignIn.strings
2026-04-14 13:33:45 +0000  copying file ./Payload/ivooxNew.app/Frameworks/GoogleSignIn.framework/GoogleSignIn.bundle/hu.lproj/GoogleSignIn.strings ... 
2026-04-14 13:33:45 +0000  1663 bytes for ./Payload/ivooxNew.app/Frameworks/GoogleSignIn.framework/GoogleSignIn.bundle/hu.lproj/GoogleSignIn.strings
2026-04-14 13:33:45 +0000  copying file ./Payload/ivooxNew.app/Frameworks/GoogleSignIn.framework/GoogleSignIn.bundle/tr.lproj/GoogleSignIn.strings ... 
2026-04-14 13:33:45 +0000  1596 bytes for ./Payload/ivooxNew.app/Frameworks/GoogleSignIn.framework/GoogleSignIn.bundle/tr.lproj/GoogleSignIn.strings
2026-04-14 13:33:45 +0000  copying file ./Payload/ivooxNew.app/Frameworks/GoogleSignIn.framework/GoogleSignIn.bundle/pl.lproj/GoogleSignIn.strings ... 
2026-04-14 13:33:45 +0000  1578 bytes for ./Payload/ivooxNew.app/Frameworks/GoogleSignIn.framework/GoogleSignIn.bundle/pl.lproj/GoogleSignIn.strings
2026-04-14 13:33:45 +0000  copying file ./Payload/ivooxNew.app/Frameworks/GoogleSignIn.framework/GoogleSignIn.bundle/zh_TW.lproj/GoogleSignIn.strings ... 
2026-04-14 13:33:45 +0000  1525 bytes for ./Payload/ivooxNew.app/Frameworks/GoogleSignIn.framework/GoogleSignIn.bundle/zh_TW.lproj/GoogleSignIn.strings
2026-04-14 13:33:45 +0000  copying file ./Payload/ivooxNew.app/Frameworks/GoogleSignIn.framework/GoogleSignIn.bundle/en_GB.lproj/GoogleSignIn.strings ... 
2026-04-14 13:33:45 +0000  1547 bytes for ./Payload/ivooxNew.app/Frameworks/GoogleSignIn.framework/GoogleSignIn.bundle/en_GB.lproj/GoogleSignIn.strings
2026-04-14 13:33:45 +0000  copying file ./Payload/ivooxNew.app/Frameworks/GoogleSignIn.framework/GoogleSignIn.bundle/vi.lproj/GoogleSignIn.strings ... 
2026-04-14 13:33:45 +0000  1717 bytes for ./Payload/ivooxNew.app/Frameworks/GoogleSignIn.framework/GoogleSignIn.bundle/vi.lproj/GoogleSignIn.strings
2026-04-14 13:33:45 +0000  copying file ./Payload/ivooxNew.app/Frameworks/GoogleSignIn.framework/GoogleSignIn.bundle/PrivacyInfo.xcprivacy ... 
2026-04-14 13:33:45 +0000  3756 bytes for ./Payload/ivooxNew.app/Frameworks/GoogleSignIn.framework/GoogleSignIn.bundle/PrivacyInfo.xcprivacy
2026-04-14 13:33:45 +0000  copying file ./Payload/ivooxNew.app/Frameworks/GoogleSignIn.framework/GoogleSignIn.bundle/ru.lproj/GoogleSignIn.strings ... 
2026-04-14 13:33:45 +0000  1954 bytes for ./Payload/ivooxNew.app/Frameworks/GoogleSignIn.framework/GoogleSignIn.bundle/ru.lproj/GoogleSignIn.strings
2026-04-14 13:33:45 +0000  copying file ./Payload/ivooxNew.app/Frameworks/GoogleSignIn.framework/GoogleSignIn.bundle/fr_CA.lproj/GoogleSignIn.strings ... 
2026-04-14 13:33:45 +0000  1657 bytes for ./Payload/ivooxNew.app/Frameworks/GoogleSignIn.framework/GoogleSignIn.bundle/fr_CA.lproj/GoogleSignIn.strings
2026-04-14 13:33:45 +0000  copying file ./Payload/ivooxNew.app/Frameworks/GoogleSignIn.framework/GoogleSignIn.bundle/fr.lproj/GoogleSignIn.strings ... 
2026-04-14 13:33:45 +0000  1676 bytes for ./Payload/ivooxNew.app/Frameworks/GoogleSignIn.framework/GoogleSignIn.bundle/fr.lproj/GoogleSignIn.strings
2026-04-14 13:33:45 +0000  copying file ./Payload/ivooxNew.app/Frameworks/GoogleSignIn.framework/GoogleSignIn.bundle/fi.lproj/GoogleSignIn.strings ... 
2026-04-14 13:33:45 +0000  1640 bytes for ./Payload/ivooxNew.app/Frameworks/GoogleSignIn.framework/GoogleSignIn.bundle/fi.lproj/GoogleSignIn.strings
2026-04-14 13:33:45 +0000  copying file ./Payload/ivooxNew.app/Frameworks/GoogleSignIn.framework/GoogleSignIn.bundle/id.lproj/GoogleSignIn.strings ... 
2026-04-14 13:33:45 +0000  1553 bytes for ./Payload/ivooxNew.app/Frameworks/GoogleSignIn.framework/GoogleSignIn.bundle/id.lproj/GoogleSignIn.strings
2026-04-14 13:33:45 +0000  copying file ./Payload/ivooxNew.app/Frameworks/GoogleSignIn.framework/GoogleSignIn.bundle/nl.lproj/GoogleSignIn.strings ... 
2026-04-14 13:33:45 +0000  1606 bytes for ./Payload/ivooxNew.app/Frameworks/GoogleSignIn.framework/GoogleSignIn.bundle/nl.lproj/GoogleSignIn.strings
2026-04-14 13:33:45 +0000  copying file ./Payload/ivooxNew.app/Frameworks/GoogleSignIn.framework/GoogleSignIn.bundle/th.lproj/GoogleSignIn.strings ... 
2026-04-14 13:33:45 +0000  2133 bytes for ./Payload/ivooxNew.app/Frameworks/GoogleSignIn.framework/GoogleSignIn.bundle/th.lproj/GoogleSignIn.strings
2026-04-14 13:33:45 +0000  copying file ./Payload/ivooxNew.app/Frameworks/GoogleSignIn.framework/GoogleSignIn.bundle/pt.lproj/GoogleSignIn.strings ... 
2026-04-14 13:33:45 +0000  1608 bytes for ./Payload/ivooxNew.app/Frameworks/GoogleSignIn.framework/GoogleSignIn.bundle/pt.lproj/GoogleSignIn.strings
2026-04-14 13:33:45 +0000  copying file ./Payload/ivooxNew.app/Frameworks/GoogleSignIn.framework/GoogleSignIn.bundle/google.png ... 
2026-04-14 13:33:45 +0000  643 bytes for ./Payload/ivooxNew.app/Frameworks/GoogleSignIn.framework/GoogleSignIn.bundle/google.png
2026-04-14 13:33:45 +0000  copying file ./Payload/ivooxNew.app/Frameworks/GoogleSignIn.framework/GoogleSignIn.bundle/Roboto-Bold.ttf ... 
2026-04-14 13:33:45 +0000  127744 bytes for ./Payload/ivooxNew.app/Frameworks/GoogleSignIn.framework/GoogleSignIn.bundle/Roboto-Bold.ttf
2026-04-14 13:33:45 +0000  copying file ./Payload/ivooxNew.app/Frameworks/GoogleSignIn.framework/GoogleSignIn.bundle/ro.lproj/GoogleSignIn.strings ... 
2026-04-14 13:33:45 +0000  1598 bytes for ./Payload/ivooxNew.app/Frameworks/GoogleSignIn.framework/GoogleSignIn.bundle/ro.lproj/GoogleSignIn.strings
2026-04-14 13:33:45 +0000  copying file ./Payload/ivooxNew.app/Frameworks/GoogleSignIn.framework/GoogleSignIn.bundle/Info.plist ... 
2026-04-14 13:33:45 +0000  764 bytes for ./Payload/ivooxNew.app/Frameworks/GoogleSignIn.framework/GoogleSignIn.bundle/Info.plist
2026-04-14 13:33:45 +0000  copying file ./Payload/ivooxNew.app/Frameworks/GoogleSignIn.framework/GoogleSignIn.bundle/hr.lproj/GoogleSignIn.strings ... 
2026-04-14 13:33:45 +0000  1621 bytes for ./Payload/ivooxNew.app/Frameworks/GoogleSignIn.framework/GoogleSignIn.bundle/hr.lproj/GoogleSignIn.strings
2026-04-14 13:33:45 +0000  copying file ./Payload/ivooxNew.app/Frameworks/GoogleSignIn.framework/GoogleSignIn.bundle/hi.lproj/GoogleSignIn.strings ... 
2026-04-14 13:33:45 +0000  2286 bytes for ./Payload/ivooxNew.app/Frameworks/GoogleSignIn.framework/GoogleSignIn.bundle/hi.lproj/GoogleSignIn.strings
2026-04-14 13:33:45 +0000  copying file ./Payload/ivooxNew.app/Frameworks/GoogleSignIn.framework/GoogleSignIn.bundle/ca.lproj/GoogleSignIn.strings ... 
2026-04-14 13:33:45 +0000  1669 bytes for ./Payload/ivooxNew.app/Frameworks/GoogleSignIn.framework/GoogleSignIn.bundle/ca.lproj/GoogleSignIn.strings
2026-04-14 13:33:45 +0000  copying file ./Payload/ivooxNew.app/Frameworks/GoogleSignIn.framework/GoogleSignIn ... 
2026-04-14 13:33:45 +0000  215728 bytes for ./Payload/ivooxNew.app/Frameworks/GoogleSignIn.framework/GoogleSignIn
2026-04-14 13:33:45 +0000  copying file ./Payload/ivooxNew.app/Frameworks/GoogleSignIn.framework/Info.plist ... 
2026-04-14 13:33:45 +0000  789 bytes for ./Payload/ivooxNew.app/Frameworks/GoogleSignIn.framework/Info.plist
2026-04-14 13:33:45 +0000  copying file ./Payload/ivooxNew.app/Frameworks/PaginatedScrollView.framework/_CodeSignature/CodeResources ... 
2026-04-14 13:33:45 +0000  1798 bytes for ./Payload/ivooxNew.app/Frameworks/PaginatedScrollView.framework/_CodeSignature/CodeResources
2026-04-14 13:33:45 +0000  copying file ./Payload/ivooxNew.app/Frameworks/PaginatedScrollView.framework/PaginatedScrollView ... 
2026-04-14 13:33:45 +0000  115120 bytes for ./Payload/ivooxNew.app/Frameworks/PaginatedScrollView.framework/PaginatedScrollView
2026-04-14 13:33:45 +0000  copying file ./Payload/ivooxNew.app/Frameworks/PaginatedScrollView.framework/Info.plist ... 
2026-04-14 13:33:45 +0000  805 bytes for ./Payload/ivooxNew.app/Frameworks/PaginatedScrollView.framework/Info.plist
2026-04-14 13:33:45 +0000  copying file ./Payload/ivooxNew.app/Frameworks/MagicalRecord.framework/_CodeSignature/CodeResources ... 
2026-04-14 13:33:45 +0000  1798 bytes for ./Payload/ivooxNew.app/Frameworks/MagicalRecord.framework/_CodeSignature/CodeResources
2026-04-14 13:33:45 +0000  copying file ./Payload/ivooxNew.app/Frameworks/MagicalRecord.framework/MagicalRecord ... 
2026-04-14 13:33:45 +0000  235072 bytes for ./Payload/ivooxNew.app/Frameworks/MagicalRecord.framework/MagicalRecord
2026-04-14 13:33:45 +0000  copying file ./Payload/ivooxNew.app/Frameworks/MagicalRecord.framework/Info.plist ... 
2026-04-14 13:33:45 +0000  791 bytes for ./Payload/ivooxNew.app/Frameworks/MagicalRecord.framework/Info.plist
2026-04-14 13:33:45 +0000  copying file ./Payload/ivooxNew.app/Frameworks/FSPagerView.framework/_CodeSignature/CodeResources ... 
2026-04-14 13:33:45 +0000  1798 bytes for ./Payload/ivooxNew.app/Frameworks/FSPagerView.framework/_CodeSignature/CodeResources
2026-04-14 13:33:45 +0000  copying file ./Payload/ivooxNew.app/Frameworks/FSPagerView.framework/FSPagerView ... 
2026-04-14 13:33:45 +0000  227184 bytes for ./Payload/ivooxNew.app/Frameworks/FSPagerView.framework/FSPagerView
2026-04-14 13:33:45 +0000  copying file ./Payload/ivooxNew.app/Frameworks/FSPagerView.framework/Info.plist ... 
2026-04-14 13:33:45 +0000  787 bytes for ./Payload/ivooxNew.app/Frameworks/FSPagerView.framework/Info.plist
2026-04-14 13:33:45 +0000  copying file ./Payload/ivooxNew.app/Frameworks/Lottie.framework/_CodeSignature/CodeResources ... 
2026-04-14 13:33:45 +0000  2340 bytes for ./Payload/ivooxNew.app/Frameworks/Lottie.framework/_CodeSignature/CodeResources
2026-04-14 13:33:45 +0000  copying file ./Payload/ivooxNew.app/Frameworks/Lottie.framework/LottiePrivacyInfo.bundle/PrivacyInfo.xcprivacy ... 
2026-04-14 13:33:45 +0000  599 bytes for ./Payload/ivooxNew.app/Frameworks/Lottie.framework/LottiePrivacyInfo.bundle/PrivacyInfo.xcprivacy
2026-04-14 13:33:45 +0000  copying file ./Payload/ivooxNew.app/Frameworks/Lottie.framework/LottiePrivacyInfo.bundle/Info.plist ... 
2026-04-14 13:33:45 +0000  776 bytes for ./Payload/ivooxNew.app/Frameworks/Lottie.framework/LottiePrivacyInfo.bundle/Info.plist
2026-04-14 13:33:45 +0000  copying file ./Payload/ivooxNew.app/Frameworks/Lottie.framework/Lottie ... 
2026-04-14 13:33:45 +0000  2218320 bytes for ./Payload/ivooxNew.app/Frameworks/Lottie.framework/Lottie
2026-04-14 13:33:45 +0000  copying file ./Payload/ivooxNew.app/Frameworks/Lottie.framework/Info.plist ... 
777 bytes for ./Payload/ivooxNew.app/Frameworks/Lottie.framework/Info.plist
2026-04-14 13:33:45 +0000  copying file ./Payload/ivooxNew.app/Frameworks/AFNetworking.framework/_CodeSignature/CodeResources ... 
2026-04-14 13:33:45 +0000  1798 bytes for ./Payload/ivooxNew.app/Frameworks/AFNetworking.framework/_CodeSignature/CodeResources
2026-04-14 13:33:45 +0000  copying file ./Payload/ivooxNew.app/Frameworks/AFNetworking.framework/AFNetworking ... 
2026-04-14 13:33:45 +0000  408048 bytes for ./Payload/ivooxNew.app/Frameworks/AFNetworking.framework/AFNetworking
2026-04-14 13:33:45 +0000  copying file ./Payload/ivooxNew.app/Frameworks/AFNetworking.framework/Info.plist ... 
2026-04-14 13:33:45 +0000  789 bytes for ./Payload/ivooxNew.app/Frameworks/AFNetworking.framework/Info.plist
2026-04-14 13:33:45 +0000  copying file ./Payload/ivooxNew.app/Frameworks/Clarity.framework/_CodeSignature/CodeResources ... 
2026-04-14 13:33:45 +0000  2240 bytes for ./Payload/ivooxNew.app/Frameworks/Clarity.framework/_CodeSignature/CodeResources
2026-04-14 13:33:45 +0000  copying file ./Payload/ivooxNew.app/Frameworks/Clarity.framework/clarity.js ... 
2026-04-14 13:33:45 +0000  57421 bytes for ./Payload/ivooxNew.app/Frameworks/Clarity.framework/clarity.js
2026-04-14 13:33:45 +0000  copying file ./Payload/ivooxNew.app/Frameworks/Clarity.framework/Clarity ... 
2026-04-14 13:33:45 +0000  3569648 bytes for ./Payload/ivooxNew.app/Frameworks/Clarity.framework/Clarity
2026-04-14 13:33:45 +0000  copying file ./Payload/ivooxNew.app/Frameworks/Clarity.framework/PrivacyInfo.xcprivacy ... 
2026-04-14 13:33:45 +0000  1911 bytes for ./Payload/ivooxNew.app/Frameworks/Clarity.framework/PrivacyInfo.xcprivacy
2026-04-14 13:33:45 +0000  copying file ./Payload/ivooxNew.app/Frameworks/Clarity.framework/Info.plist ... 
2026-04-14 13:33:45 +0000  758 bytes for ./Payload/ivooxNew.app/Frameworks/Clarity.framework/Info.plist
2026-04-14 13:33:45 +0000  copying file ./Payload/ivooxNew.app/Frameworks/ComScore.framework/_CodeSignature/CodeResources ... 
2026-04-14 13:33:45 +0000  2034 bytes for ./Payload/ivooxNew.app/Frameworks/ComScore.framework/_CodeSignature/CodeResources
2026-04-14 13:33:45 +0000  copying file ./Payload/ivooxNew.app/Frameworks/ComScore.framework/PrivacyInfo.xcprivacy ... 
2026-04-14 13:33:45 +0000  2065 bytes for ./Payload/ivooxNew.app/Frameworks/ComScore.framework/PrivacyInfo.xcprivacy
2026-04-14 13:33:45 +0000  copying file ./Payload/ivooxNew.app/Frameworks/ComScore.framework/ComScore ... 
2026-04-14 13:33:45 +0000  2028512 bytes for ./Payload/ivooxNew.app/Frameworks/ComScore.framework/ComScore
2026-04-14 13:33:45 +0000  copying file ./Payload/ivooxNew.app/Frameworks/ComScore.framework/Info.plist ... 
2026-04-14 13:33:45 +0000  790 bytes for ./Payload/ivooxNew.app/Frameworks/ComScore.framework/Info.plist
2026-04-14 13:33:45 +0000  copying file ./Payload/ivooxNew.app/Frameworks/FBSDKCoreKit_Basics.framework/_CodeSignature/CodeResources ... 
2026-04-14 13:33:45 +0000  2034 bytes for ./Payload/ivooxNew.app/Frameworks/FBSDKCoreKit_Basics.framework/_CodeSignature/CodeResources
copying file ./Payload/ivooxNew.app/Frameworks/FBSDKCoreKit_Basics.framework/PrivacyInfo.xcprivacy ... 
2026-04-14 13:33:45 +0000  937 bytes for ./Payload/ivooxNew.app/Frameworks/FBSDKCoreKit_Basics.framework/PrivacyInfo.xcprivacy
2026-04-14 13:33:45 +0000  copying file ./Payload/ivooxNew.app/Frameworks/FBSDKCoreKit_Basics.framework/FBSDKCoreKit_Basics ... 
2026-04-14 13:33:45 +0000  159200 bytes for ./Payload/ivooxNew.app/Frameworks/FBSDKCoreKit_Basics.framework/FBSDKCoreKit_Basics
2026-04-14 13:33:45 +0000  copying file ./Payload/ivooxNew.app/Frameworks/FBSDKCoreKit_Basics.framework/Info.plist ... 
815 bytes for ./Payload/ivooxNew.app/Frameworks/FBSDKCoreKit_Basics.framework/Info.plist
2026-04-14 13:33:45 +0000  copying file ./Payload/ivooxNew.app/Frameworks/Didomi.framework/_CodeSignature/CodeResources ... 
2026-04-14 13:33:45 +0000  18800 bytes for ./Payload/ivooxNew.app/Frameworks/Didomi.framework/_CodeSignature/CodeResources
2026-04-14 13:33:45 +0000  copying file ./Payload/ivooxNew.app/Frameworks/Didomi.framework/Didomi ... 
2026-04-14 13:33:45 +0000  3395696 bytes for ./Payload/ivooxNew.app/Frameworks/Didomi.framework/Didomi
2026-04-14 13:33:45 +0000  copying file ./Payload/ivooxNew.app/Frameworks/Didomi.framework/didomi_iab_purposes_v3_fr.json ... 
2026-04-14 13:33:45 +0000  26394 bytes for ./Payload/ivooxNew.app/Frameworks/Didomi.framework/didomi_iab_purposes_v3_fr.json
2026-04-14 13:33:45 +0000  copying file ./Payload/ivooxNew.app/Frameworks/Didomi.framework/didomi_iab_purposes_v3_et.json ... 
2026-04-14 13:33:45 +0000  21072 bytes for ./Payload/ivooxNew.app/Frameworks/Didomi.framework/didomi_iab_purposes_v3_et.json
2026-04-14 13:33:45 +0000  copying file ./Payload/ivooxNew.app/Frameworks/Didomi.framework/didomi_iab_purposes_v3_zh-CN.json ... 
2026-04-14 13:33:45 +0000  18044 bytes for ./Payload/ivooxNew.app/Frameworks/Didomi.framework/didomi_iab_purposes_v3_zh-CN.json
2026-04-14 13:33:45 +0000  copying file ./Payload/ivooxNew.app/Frameworks/Didomi.framework/didomi_iab_purposes_v3_ko.json ... 
2026-04-14 13:33:45 +0000  22544 bytes for ./Payload/ivooxNew.app/Frameworks/Didomi.framework/didomi_iab_purposes_v3_ko.json
2026-04-14 13:33:45 +0000  copying file ./Payload/ivooxNew.app/Frameworks/Didomi.framework/didomi_iab_purposes_v3_he.json ... 
2026-04-14 13:33:45 +0000  29841 bytes for ./Payload/ivooxNew.app/Frameworks/Didomi.framework/didomi_iab_purposes_v3_he.json
2026-04-14 13:33:45 +0000  copying file ./Payload/ivooxNew.app/Frameworks/Didomi.framework/didomi_master_config.json ... 
2026-04-14 13:33:45 +0000  1347008 bytes for ./Payload/ivooxNew.app/Frameworks/Didomi.framework/didomi_master_config.json
2026-04-14 13:33:45 +0000  copying file ./Payload/ivooxNew.app/Frameworks/Didomi.framework/didomi_iab_purposes_v3_pt-PT.json ... 
2026-04-14 13:33:45 +0000  24253 bytes for ./Payload/ivooxNew.app/Frameworks/Didomi.framework/didomi_iab_purposes_v3_pt-PT.json
2026-04-14 13:33:45 +0000  copying file ./Payload/ivooxNew.app/Frameworks/Didomi.framework/didomi_iab_purposes_v3_bn-IN.json ... 
2026-04-14 13:33:45 +0000  54517 bytes for ./Payload/ivooxNew.app/Frameworks/Didomi.framework/didomi_iab_purposes_v3_bn-IN.json
2026-04-14 13:33:45 +0000  copying file ./Payload/ivooxNew.app/Frameworks/Didomi.framework/didomi_iab_purposes_v3_el.json ... 
2026-04-14 13:33:45 +0000  45233 bytes for ./Payload/ivooxNew.app/Frameworks/Didomi.framework/didomi_iab_purposes_v3_el.json
2026-04-14 13:33:45 +0000  copying file ./Payload/ivooxNew.app/Frameworks/Didomi.framework/didomi_iab_purposes_v3_bg.json ... 
2026-04-14 13:33:45 +0000  42245 bytes for ./Payload/ivooxNew.app/Frameworks/Didomi.framework/didomi_iab_purposes_v3_bg.json
2026-04-14 13:33:45 +0000  copying file ./Payload/ivooxNew.app/Frameworks/Didomi.framework/didomi_iab_purposes_v3_ro.json ... 
2026-04-14 13:33:45 +0000  25767 bytes for ./Payload/ivooxNew.app/Frameworks/Didomi.framework/didomi_iab_purposes_v3_ro.json
2026-04-14 13:33:45 +0000  copying file ./Payload/ivooxNew.app/Frameworks/Didomi.framework/didomi_iab_purposes_v3_ca.json ... 
2026-04-14 13:33:45 +0000  24420 bytes for ./Payload/ivooxNew.app/Frameworks/Didomi.framework/didomi_iab_purposes_v3_ca.json
2026-04-14 13:33:45 +0000  copying file ./Payload/ivooxNew.app/Frameworks/Didomi.framework/didomi_iab_purposes_v3_id.json ... 
2026-04-14 13:33:45 +0000  22328 bytes for ./Payload/ivooxNew.app/Frameworks/Didomi.framework/didomi_iab_purposes_v3_id.json
2026-04-14 13:33:45 +0000  copying file ./Payload/ivooxNew.app/Frameworks/Didomi.framework/didomi_iab_purposes_v3_az-AZ.json ... 
2026-04-14 13:33:45 +0000  24811 bytes for ./Payload/ivooxNew.app/Frameworks/Didomi.framework/didomi_iab_purposes_v3_az-AZ.json
2026-04-14 13:33:45 +0000  copying file ./Payload/ivooxNew.app/Frameworks/Didomi.framework/didomi_iab_purposes_v3_no.json ... 
2026-04-14 13:33:45 +0000  21763 bytes for ./Payload/ivooxNew.app/Frameworks/Didomi.framework/didomi_iab_purposes_v3_no.json
2026-04-14 13:33:45 +0000  copying file ./Payload/ivooxNew.app/Frameworks/Didomi.framework/didomi_iab_purposes_v3_lv.json ... 
2026-04-14 13:33:45 +0000  23798 bytes for ./Payload/ivooxNew.app/Frameworks/Didomi.framework/didomi_iab_purposes_v3_lv.json
2026-04-14 13:33:45 +0000  copying file ./Payload/ivooxNew.app/Frameworks/Didomi.framework/didomi_iab_purposes_v3_sw.json ... 
2026-04-14 13:33:45 +0000  21921 bytes for ./Payload/ivooxNew.app/Frameworks/Didomi.framework/didomi_iab_purposes_v3_sw.json
2026-04-14 13:33:45 +0000  copying file ./Payload/ivooxNew.app/Frameworks/Didomi.framework/didomi_iab_purposes_v3_da.json ... 
2026-04-14 13:33:45 +0000  22184 bytes for ./Payload/ivooxNew.app/Frameworks/Didomi.framework/didomi_iab_purposes_v3_da.json
2026-04-14 13:33:45 +0000  copying file ./Payload/ivooxNew.app/Frameworks/Didomi.framework/didomi_iab_purposes_v3_vi.json ... 
2026-04-14 13:33:45 +0000  29972 bytes for ./Payload/ivooxNew.app/Frameworks/Didomi.framework/didomi_iab_purposes_v3_vi.json
2026-04-14 13:33:45 +0000  copying file ./Payload/ivooxNew.app/Frameworks/Didomi.framework/didomi_iab_purposes_v3_cs.json ... 
2026-04-14 13:33:45 +0000  23774 bytes for ./Payload/ivooxNew.app/Frameworks/Didomi.framework/didomi_iab_purposes_v3_cs.json
2026-04-14 13:33:45 +0000  copying file ./Payload/ivooxNew.app/Frameworks/Didomi.framework/didomi_iab_purposes_v3_th.json ... 
2026-04-14 13:33:45 +0000  49388 bytes for ./Payload/ivooxNew.app/Frameworks/Didomi.framework/didomi_iab_purposes_v3_th.json
2026-04-14 13:33:45 +0000  copying file ./Payload/ivooxNew.app/Frameworks/Didomi.framework/didomi_iab_purposes_v3_sv.json ... 
2026-04-14 13:33:45 +0000  22419 bytes for ./Payload/ivooxNew.app/Frameworks/Didomi.framework/didomi_iab_purposes_v3_sv.json
2026-04-14 13:33:45 +0000  copying file ./Payload/ivooxNew.app/Frameworks/Didomi.framework/dcs-encoder.js ... 
2026-04-14 13:33:45 +0000  58123 bytes for ./Payload/ivooxNew.app/Frameworks/Didomi.framework/dcs-encoder.js
2026-04-14 13:33:45 +0000  copying file ./Payload/ivooxNew.app/Frameworks/Didomi.framework/didomi_iab_purposes_v3_es.json ... 
2026-04-14 13:33:45 +0000  25660 bytes for ./Payload/ivooxNew.app/Frameworks/Didomi.framework/didomi_iab_purposes_v3_es.json
2026-04-14 13:33:45 +0000  copying file ./Payload/ivooxNew.app/Frameworks/Didomi.framework/didomi_iab_purposes_v3_ar.json ... 
2026-04-14 13:33:45 +0000  31710 bytes for ./Payload/ivooxNew.app/Frameworks/Didomi.framework/didomi_iab_purposes_v3_ar.json
2026-04-14 13:33:45 +0000  copying file ./Payload/ivooxNew.app/Frameworks/Didomi.framework/didomi_iab_purposes_v3_hu.json ... 
2026-04-14 13:33:45 +0000  26694 bytes for ./Payload/ivooxNew.app/Frameworks/Didomi.framework/didomi_iab_purposes_v3_hu.json
2026-04-14 13:33:45 +0000  copying file ./Payload/ivooxNew.app/Frameworks/Didomi.framework/didomi_iab_purposes_v3_lt.json ... 
2026-04-14 13:33:45 +0000  23104 bytes for ./Payload/ivooxNew.app/Frameworks/Didomi.framework/didomi_iab_purposes_v3_lt.json
2026-04-14 13:33:45 +0000  copying file ./Payload/ivooxNew.app/Frameworks/Didomi.framework/didomi_iab_purposes_v3_fil.json ... 
2026-04-14 13:33:45 +0000  24876 bytes for ./Payload/ivooxNew.app/Frameworks/Didomi.framework/didomi_iab_purposes_v3_fil.json
2026-04-14 13:33:45 +0000  copying file ./Payload/ivooxNew.app/Frameworks/Didomi.framework/didomi_iab_purposes_v3_sr-Latn.json ... 
2026-04-14 13:33:45 +0000  22915 bytes for ./Payload/ivooxNew.app/Frameworks/Didomi.framework/didomi_iab_purposes_v3_sr-Latn.json
2026-04-14 13:33:45 +0000  copying file ./Payload/ivooxNew.app/Frameworks/Didomi.framework/web_sdk_utilities.js ... 
2026-04-14 13:33:45 +0000  19747 bytes for ./Payload/ivooxNew.app/Frameworks/Didomi.framework/web_sdk_utilities.js
2026-04-14 13:33:45 +0000  copying file ./Payload/ivooxNew.app/Frameworks/Didomi.framework/didomi_iab_purposes_v3_mk-MK.json ... 
2026-04-14 13:33:45 +0000  39872 bytes for ./Payload/ivooxNew.app/Frameworks/Didomi.framework/didomi_iab_purposes_v3_mk-MK.json
2026-04-14 13:33:45 +0000  copying file ./Payload/ivooxNew.app/Frameworks/Didomi.framework/Assets.car ... 
2026-04-14 13:33:45 +0000  133208 bytes for ./Payload/ivooxNew.app/Frameworks/Didomi.framework/Assets.car
2026-04-14 13:33:45 +0000  copying file ./Payload/ivooxNew.app/Frameworks/Didomi.framework/didomi_iab_purposes_v3_tr.json ... 
2026-04-14 13:33:45 +0000  24021 bytes for ./Payload/ivooxNew.app/Frameworks/Didomi.framework/didomi_iab_purposes_v3_tr.json
2026-04-14 13:33:45 +0000  copying file ./Payload/ivooxNew.app/Frameworks/Didomi.framework/didomi_iab_purposes_v3_sl.json ... 
2026-04-14 13:33:45 +0000  21924 bytes for ./Payload/ivooxNew.app/Frameworks/Didomi.framework/didomi_iab_purposes_v3_sl.json
2026-04-14 13:33:45 +0000  copying file ./Payload/ivooxNew.app/Frameworks/Didomi.framework/PrivacyInfo.xcprivacy ... 
2026-04-14 13:33:45 +0000  1019 bytes for ./Payload/ivooxNew.app/Frameworks/Didomi.framework/PrivacyInfo.xcprivacy
2026-04-14 13:33:45 +0000  copying file ./Payload/ivooxNew.app/Frameworks/Didomi.framework/didomi_iab_purposes_v3_ja.json ... 
2026-04-14 13:33:45 +0000  31108 bytes for ./Payload/ivooxNew.app/Frameworks/Didomi.framework/didomi_iab_purposes_v3_ja.json
2026-04-14 13:33:45 +0000  copying file ./Payload/ivooxNew.app/Frameworks/Didomi.framework/web_sdk.html ... 
2026-04-14 13:33:45 +0000  272 bytes for ./Payload/ivooxNew.app/Frameworks/Didomi.framework/web_sdk.html
2026-04-14 13:33:45 +0000  copying file ./Payload/ivooxNew.app/Frameworks/Didomi.framework/didomi_iab_config_v3.json ... 
2026-04-14 13:33:45 +0000  846922 bytes for ./Payload/ivooxNew.app/Frameworks/Didomi.framework/didomi_iab_config_v3.json
2026-04-14 13:33:45 +0000  copying file ./Payload/ivooxNew.app/Frameworks/Didomi.framework/didomi_iab_purposes_v3_nl.json ... 
2026-04-14 13:33:45 +0000  24519 bytes for ./Payload/ivooxNew.app/Frameworks/Didomi.framework/didomi_iab_purposes_v3_nl.json
2026-04-14 13:33:45 +0000  copying file ./Payload/ivooxNew.app/Frameworks/Didomi.framework/didomi_iab_purposes_v3_ms.json ... 
2026-04-14 13:33:45 +0000  19103 bytes for ./Payload/ivooxNew.app/Frameworks/Didomi.framework/didomi_iab_purposes_v3_ms.json
2026-04-14 13:33:45 +0000  copying file ./Payload/ivooxNew.app/Frameworks/Didomi.framework/didomi_iab_purposes_v3_hi-IN.json ... 
2026-04-14 13:33:45 +0000  54549 bytes for ./Payload/ivooxNew.app/Frameworks/Didomi.framework/didomi_iab_purposes_v3_hi-IN.json
2026-04-14 13:33:45 +0000  copying file ./Payload/ivooxNew.app/Frameworks/Didomi.framework/gpp.js ... 
2026-04-14 13:33:45 +0000  137640 bytes for ./Payload/ivooxNew.app/Frameworks/Didomi.framework/gpp.js
2026-04-14 13:33:45 +0000  copying file ./Payload/ivooxNew.app/Frameworks/Didomi.framework/didomi_iab_purposes_v3_de.json ... 
2026-04-14 13:33:45 +0000  25505 bytes for ./Payload/ivooxNew.app/Frameworks/Didomi.framework/didomi_iab_purposes_v3_de.json
2026-04-14 13:33:45 +0000  copying file ./Payload/ivooxNew.app/Frameworks/Didomi.framework/didomi_iab_purposes_v3_pl.json ... 
2026-04-14 13:33:45 +0000  25064 bytes for ./Payload/ivooxNew.app/Frameworks/Didomi.framework/didomi_iab_purposes_v3_pl.json
2026-04-14 13:33:45 +0000  copying file ./Payload/ivooxNew.app/Frameworks/Didomi.framework/didomi_iab_purposes_v3_ru.json ... 
2026-04-14 13:33:45 +0000  42353 bytes for ./Payload/ivooxNew.app/Frameworks/Didomi.framework/didomi_iab_purposes_v3_ru.json
2026-04-14 13:33:45 +0000  copying file ./Payload/ivooxNew.app/Frameworks/Didomi.framework/didomi_iab_purposes_v3_uk.json ... 
2026-04-14 13:33:45 +0000  39052 bytes for ./Payload/ivooxNew.app/Frameworks/Didomi.framework/didomi_iab_purposes_v3_uk.json
2026-04-14 13:33:45 +0000  copying file ./Payload/ivooxNew.app/Frameworks/Didomi.framework/didomi_iab_purposes_v3_fi.json ... 
2026-04-14 13:33:45 +0000  20902 bytes for ./Payload/ivooxNew.app/Frameworks/Didomi.framework/didomi_iab_purposes_v3_fi.json
2026-04-14 13:33:45 +0000  copying file ./Payload/ivooxNew.app/Frameworks/Didomi.framework/privacy-signals.js ... 
2026-04-14 13:33:45 +0000  10784 bytes for ./Payload/ivooxNew.app/Frameworks/Didomi.framework/privacy-signals.js
2026-04-14 13:33:45 +0000  copying file ./Payload/ivooxNew.app/Frameworks/Didomi.framework/didomi_iab_purposes_v3_it.json ... 
2026-04-14 13:33:45 +0000  25129 bytes for ./Payload/ivooxNew.app/Frameworks/Didomi.framework/didomi_iab_purposes_v3_it.json
2026-04-14 13:33:45 +0000  copying file ./Payload/ivooxNew.app/Frameworks/Didomi.framework/didomi_iab_purposes_v3_sr.json ... 
2026-04-14 13:33:45 +0000  38943 bytes for ./Payload/ivooxNew.app/Frameworks/Didomi.framework/didomi_iab_purposes_v3_sr.json
2026-04-14 13:33:45 +0000  copying file ./Payload/ivooxNew.app/Frameworks/Didomi.framework/didomi_iab_purposes_v3_hr.json ... 
2026-04-14 13:33:45 +0000  22533 bytes for ./Payload/ivooxNew.app/Frameworks/Didomi.framework/didomi_iab_purposes_v3_hr.json
2026-04-14 13:33:45 +0000  copying file ./Payload/ivooxNew.app/Frameworks/Didomi.framework/Info.plist ... 
2026-04-14 13:33:45 +0000  1080 bytes for ./Payload/ivooxNew.app/Frameworks/Didomi.framework/Info.plist
2026-04-14 13:33:45 +0000  copying file ./Payload/ivooxNew.app/Frameworks/Didomi.framework/didomi_iab_purposes_v3_sk.json ... 
2026-04-14 13:33:45 +0000  23761 bytes for ./Payload/ivooxNew.app/Frameworks/Didomi.framework/didomi_iab_purposes_v3_sk.json
2026-04-14 13:33:45 +0000  copying file ./Payload/ivooxNew.app/Frameworks/Didomi.framework/didomi_iab_purposes_v3_pt-BR.json ... 
2026-04-14 13:33:45 +0000  23578 bytes for ./Payload/ivooxNew.app/Frameworks/Didomi.framework/didomi_iab_purposes_v3_pt-BR.json
2026-04-14 13:33:45 +0000  copying file ./Payload/ivooxNew.app/Frameworks/Didomi.framework/didomi_iab_purposes_v3_zh-TW.json ... 
2026-04-14 13:33:45 +0000  17722 bytes for ./Payload/ivooxNew.app/Frameworks/Didomi.framework/didomi_iab_purposes_v3_zh-TW.json
2026-04-14 13:33:45 +0000  copying file ./Payload/ivooxNew.app/Frameworks/MoEngageKMMConditionEvaluator.framework/_CodeSignature/CodeResources ... 
2026-04-14 13:33:45 +0000  1798 bytes for ./Payload/ivooxNew.app/Frameworks/MoEngageKMMConditionEvaluator.framework/_CodeSignature/CodeResources
copying file ./Payload/ivooxNew.app/Frameworks/MoEngageKMMConditionEvaluator.framework/MoEngageKMMConditionEvaluator ... 
2026-04-14 13:33:45 +0000  3474000 bytes for ./Payload/ivooxNew.app/Frameworks/MoEngageKMMConditionEvaluator.framework/MoEngageKMMConditionEvaluator
2026-04-14 13:33:45 +0000  copying file ./Payload/ivooxNew.app/Frameworks/MoEngageKMMConditionEvaluator.framework/Info.plist ... 
1100 bytes for ./Payload/ivooxNew.app/Frameworks/MoEngageKMMConditionEvaluator.framework/Info.plist
2026-04-14 13:33:45 +0000  copying file ./Payload/ivooxNew.app/ivooxNew.momd/ivooxNew3.2.mom ... 
2026-04-14 13:33:45 +0000  28824 bytes for ./Payload/ivooxNew.app/ivooxNew.momd/ivooxNew3.2.mom
2026-04-14 13:33:45 +0000  copying file ./Payload/ivooxNew.app/ivooxNew.momd/ivooxNew21.mom ... 
2026-04-14 13:33:45 +0000  40790 bytes for ./Payload/ivooxNew.app/ivooxNew.momd/ivooxNew21.mom
2026-04-14 13:33:45 +0000  copying file ./Payload/ivooxNew.app/ivooxNew.momd/ivooxNew20.2.mom ... 
2026-04-14 13:33:45 +0000  38602 bytes for ./Payload/ivooxNew.app/ivooxNew.momd/ivooxNew20.2.mom
2026-04-14 13:33:45 +0000  copying file ./Payload/ivooxNew.app/ivooxNew.momd/ivooxNew22.1.mom ... 
2026-04-14 13:33:45 +0000  40934 bytes for ./Payload/ivooxNew.app/ivooxNew.momd/ivooxNew22.1.mom
2026-04-14 13:33:45 +0000  copying file ./Payload/ivooxNew.app/ivooxNew.momd/ivooxNew20.mom ... 
2026-04-14 13:33:45 +0000  38481 bytes for ./Payload/ivooxNew.app/ivooxNew.momd/ivooxNew20.mom
2026-04-14 13:33:45 +0000  copying file ./Payload/ivooxNew.app/ivooxNew.momd/ivooxNew3.3.mom ... 
2026-04-14 13:33:45 +0000  29295 bytes for ./Payload/ivooxNew.app/ivooxNew.momd/ivooxNew3.3.mom
2026-04-14 13:33:45 +0000  copying file ./Payload/ivooxNew.app/ivooxNew.momd/ivooxNew22.mom ... 
2026-04-14 13:33:45 +0000  41034 bytes for ./Payload/ivooxNew.app/ivooxNew.momd/ivooxNew22.mom
2026-04-14 13:33:45 +0000  copying file ./Payload/ivooxNew.app/ivooxNew.momd/ivooxNew23.mom ... 
2026-04-14 13:33:45 +0000  45679 bytes for ./Payload/ivooxNew.app/ivooxNew.momd/ivooxNew23.mom
2026-04-14 13:33:45 +0000  copying file ./Payload/ivooxNew.app/ivooxNew.momd/ivooxNew37.mom ... 
2026-04-14 13:33:45 +0000  47521 bytes for ./Payload/ivooxNew.app/ivooxNew.momd/ivooxNew37.mom
2026-04-14 13:33:45 +0000  copying file ./Payload/ivooxNew.app/ivooxNew.momd/ivooxNew3.4.mom ... 
2026-04-14 13:33:45 +0000  29402 bytes for ./Payload/ivooxNew.app/ivooxNew.momd/ivooxNew3.4.mom
2026-04-14 13:33:45 +0000  copying file ./Payload/ivooxNew.app/ivooxNew.momd/ivooxNew3.5.mom ... 
2026-04-14 13:33:45 +0000  29767 bytes for ./Payload/ivooxNew.app/ivooxNew.momd/ivooxNew3.5.mom
2026-04-14 13:33:45 +0000  copying file ./Payload/ivooxNew.app/ivooxNew.momd/ivooxNew3.7.mom ... 
2026-04-14 13:33:45 +0000  30213 bytes for ./Payload/ivooxNew.app/ivooxNew.momd/ivooxNew3.7.mom
2026-04-14 13:33:45 +0000  copying file ./Payload/ivooxNew.app/ivooxNew.momd/VersionInfo.plist ... 
2026-04-14 13:33:45 +0000  238887 bytes for ./Payload/ivooxNew.app/ivooxNew.momd/VersionInfo.plist
2026-04-14 13:33:45 +0000  copying file ./Payload/ivooxNew.app/ivooxNew.momd/ivooxNew24.mom ... 
2026-04-14 13:33:45 +0000  46011 bytes for ./Payload/ivooxNew.app/ivooxNew.momd/ivooxNew24.mom
2026-04-14 13:33:45 +0000  copying file ./Payload/ivooxNew.app/ivooxNew.momd/ivooxNew18.mom ... 
2026-04-14 13:33:45 +0000  38296 bytes for ./Payload/ivooxNew.app/ivooxNew.momd/ivooxNew18.mom
2026-04-14 13:33:45 +0000  copying file ./Payload/ivooxNew.app/ivooxNew.momd/ivooxNew25.mom ... 
2026-04-14 13:33:45 +0000  46881 bytes for ./Payload/ivooxNew.app/ivooxNew.momd/ivooxNew25.mom
2026-04-14 13:33:45 +0000  copying file ./Payload/ivooxNew.app/ivooxNew.momd/ivooxNew42.mom ... 
2026-04-14 13:33:45 +0000  50375 bytes for ./Payload/ivooxNew.app/ivooxNew.momd/ivooxNew42.mom
2026-04-14 13:33:45 +0000  copying file ./Payload/ivooxNew.app/ivooxNew.momd/ivooxNew56.mom ... 
2026-04-14 13:33:45 +0000  79254 bytes for ./Payload/ivooxNew.app/ivooxNew.momd/ivooxNew56.mom
2026-04-14 13:33:45 +0000  copying file ./Payload/ivooxNew.app/ivooxNew.momd/ivooxNew57.mom ... 
2026-04-14 13:33:45 +0000  81124 bytes for ./Payload/ivooxNew.app/ivooxNew.momd/ivooxNew57.mom
2026-04-14 13:33:45 +0000  copying file ./Payload/ivooxNew.app/ivooxNew.momd/ivooxNew43.mom ... 
2026-04-14 13:33:45 +0000  50693 bytes for ./Payload/ivooxNew.app/ivooxNew.momd/ivooxNew43.mom
2026-04-14 13:33:45 +0000  copying file ./Payload/ivooxNew.app/ivooxNew.momd/ivooxNew3.8.1.mom ... 
2026-04-14 13:33:45 +0000  32109 bytes for ./Payload/ivooxNew.app/ivooxNew.momd/ivooxNew3.8.1.mom
2026-04-14 13:33:45 +0000  copying file ./Payload/ivooxNew.app/ivooxNew.momd/ivooxNew21.2.mom ... 
2026-04-14 13:33:45 +0000  40904 bytes for ./Payload/ivooxNew.app/ivooxNew.momd/ivooxNew21.2.mom
2026-04-14 13:33:45 +0000  copying file ./Payload/ivooxNew.app/ivooxNew.momd/ivooxNew69.mom ... 
2026-04-14 13:33:45 +0000  114251 bytes for ./Payload/ivooxNew.app/ivooxNew.momd/ivooxNew69.mom
2026-04-14 13:33:45 +0000  copying file ./Payload/ivooxNew.app/ivooxNew.momd/ivooxNew55.mom ... 
2026-04-14 13:33:45 +0000  72887 bytes for ./Payload/ivooxNew.app/ivooxNew.momd/ivooxNew55.mom
2026-04-14 13:33:45 +0000  copying file ./Payload/ivooxNew.app/ivooxNew.momd/ivooxNew41.mom ... 
2026-04-14 13:33:45 +0000  49860 bytes for ./Payload/ivooxNew.app/ivooxNew.momd/ivooxNew41.mom
2026-04-14 13:33:45 +0000  copying file ./Payload/ivooxNew.app/ivooxNew.momd/ivooxNew40.mom ... 
2026-04-14 13:33:45 +0000  49631 bytes for ./Payload/ivooxNew.app/ivooxNew.momd/ivooxNew40.mom
2026-04-14 13:33:45 +0000  copying file ./Payload/ivooxNew.app/ivooxNew.momd/ivooxNew54.mom ... 
2026-04-14 13:33:45 +0000  67419 bytes for ./Payload/ivooxNew.app/ivooxNew.momd/ivooxNew54.mom
2026-04-14 13:33:45 +0000  copying file ./Payload/ivooxNew.app/ivooxNew.momd/ivooxNew68.mom ... 
2026-04-14 13:33:45 +0000  114656 bytes for ./Payload/ivooxNew.app/ivooxNew.momd/ivooxNew68.mom
2026-04-14 13:33:45 +0000  copying file ./Payload/ivooxNew.app/ivooxNew.momd/ivooxNew70.omo ... 
2026-04-14 13:33:45 +0000  236976 bytes for ./Payload/ivooxNew.app/ivooxNew.momd/ivooxNew70.omo
2026-04-14 13:33:45 +0000  copying file ./Payload/ivooxNew.app/ivooxNew.momd/ivooxNew50.mom ... 
2026-04-14 13:33:45 +0000  57130 bytes for ./Payload/ivooxNew.app/ivooxNew.momd/ivooxNew50.mom
2026-04-14 13:33:45 +0000  copying file ./Payload/ivooxNew.app/ivooxNew.momd/ivooxNew44.mom ... 
2026-04-14 13:33:45 +0000  52091 bytes for ./Payload/ivooxNew.app/ivooxNew.momd/ivooxNew44.mom
2026-04-14 13:33:45 +0000  copying file ./Payload/ivooxNew.app/ivooxNew.momd/ivooxNew45.mom ... 
2026-04-14 13:33:45 +0000  53924 bytes for ./Payload/ivooxNew.app/ivooxNew.momd/ivooxNew45.mom
2026-04-14 13:33:45 +0000  copying file ./Payload/ivooxNew.app/ivooxNew.momd/ivooxNew51.mom ... 
2026-04-14 13:33:45 +0000  57242 bytes for ./Payload/ivooxNew.app/ivooxNew.momd/ivooxNew51.mom
2026-04-14 13:33:45 +0000  copying file ./Payload/ivooxNew.app/ivooxNew.momd/ivooxNew.mom ... 
2026-04-14 13:33:45 +0000  27593 bytes for ./Payload/ivooxNew.app/ivooxNew.momd/ivooxNew.mom
2026-04-14 13:33:45 +0000  copying file ./Payload/ivooxNew.app/ivooxNew.momd/ivooxNew47.mom ... 
2026-04-14 13:33:45 +0000  54456 bytes for ./Payload/ivooxNew.app/ivooxNew.momd/ivooxNew47.mom
2026-04-14 13:33:45 +0000  copying file ./Payload/ivooxNew.app/ivooxNew.momd/ivooxNew53.mom ... 
2026-04-14 13:33:45 +0000  66396 bytes for ./Payload/ivooxNew.app/ivooxNew.momd/ivooxNew53.mom
2026-04-14 13:33:45 +0000  copying file ./Payload/ivooxNew.app/ivooxNew.momd/ivooxNew52.mom ... 
2026-04-14 13:33:45 +0000  58687 bytes for ./Payload/ivooxNew.app/ivooxNew.momd/ivooxNew52.mom
2026-04-14 13:33:45 +0000  copying file ./Payload/ivooxNew.app/ivooxNew.momd/ivooxNew46.mom ... 
2026-04-14 13:33:45 +0000  54167 bytes for ./Payload/ivooxNew.app/ivooxNew.momd/ivooxNew46.mom
2026-04-14 13:33:45 +0000  copying file ./Payload/ivooxNew.app/ivooxNew.momd/ivooxNew18.1.mom ... 
2026-04-14 13:33:45 +0000  38373 bytes for ./Payload/ivooxNew.app/ivooxNew.momd/ivooxNew18.1.mom
2026-04-14 13:33:45 +0000  copying file ./Payload/ivooxNew.app/ivooxNew.momd/ivooxNew63.mom ... 
2026-04-14 13:33:45 +0000  112368 bytes for ./Payload/ivooxNew.app/ivooxNew.momd/ivooxNew63.mom
2026-04-14 13:33:45 +0000  copying file ./Payload/ivooxNew.app/ivooxNew.momd/ivooxNew62.mom ... 
2026-04-14 13:33:45 +0000  112215 bytes for ./Payload/ivooxNew.app/ivooxNew.momd/ivooxNew62.mom
2026-04-14 13:33:45 +0000  copying file ./Payload/ivooxNew.app/ivooxNew.momd/ivooxNew48.mom ... 
2026-04-14 13:33:45 +0000  55226 bytes for ./Payload/ivooxNew.app/ivooxNew.momd/ivooxNew48.mom
2026-04-14 13:33:45 +0000  copying file ./Payload/ivooxNew.app/ivooxNew.momd/ivooxNew60.mom ... 
2026-04-14 13:33:45 +0000  105572 bytes for ./Payload/ivooxNew.app/ivooxNew.momd/ivooxNew60.mom
2026-04-14 13:33:45 +0000  copying file ./Payload/ivooxNew.app/ivooxNew.momd/ivooxNew3.2.2.mom ... 
2026-04-14 13:33:45 +0000  28950 bytes for ./Payload/ivooxNew.app/ivooxNew.momd/ivooxNew3.2.2.mom
2026-04-14 13:33:45 +0000  copying file ./Payload/ivooxNew.app/ivooxNew.momd/ivooxNew61.mom ... 
2026-04-14 13:33:45 +0000  108095 bytes for ./Payload/ivooxNew.app/ivooxNew.momd/ivooxNew61.mom
2026-04-14 13:33:45 +0000  copying file ./Payload/ivooxNew.app/ivooxNew.momd/ivooxNew49.mom ... 
2026-04-14 13:33:45 +0000  56271 bytes for ./Payload/ivooxNew.app/ivooxNew.momd/ivooxNew49.mom
2026-04-14 13:33:45 +0000  copying file ./Payload/ivooxNew.app/ivooxNew.momd/ivooxNew65.mom ... 
2026-04-14 13:33:45 +0000  113143 bytes for ./Payload/ivooxNew.app/ivooxNew.momd/ivooxNew65.mom
2026-04-14 13:33:45 +0000  copying file ./Payload/ivooxNew.app/ivooxNew.momd/ivooxNew59.mom ... 
2026-04-14 13:33:45 +0000  105434 bytes for ./Payload/ivooxNew.app/ivooxNew.momd/ivooxNew59.mom
2026-04-14 13:33:45 +0000  copying file ./Payload/ivooxNew.app/ivooxNew.momd/ivooxNew58.mom ... 
2026-04-14 13:33:45 +0000  82237 bytes for ./Payload/ivooxNew.app/ivooxNew.momd/ivooxNew58.mom
2026-04-14 13:33:45 +0000  copying file ./Payload/ivooxNew.app/ivooxNew.momd/ivooxNew64.mom ... 
2026-04-14 13:33:45 +0000  112368 bytes for ./Payload/ivooxNew.app/ivooxNew.momd/ivooxNew64.mom
2026-04-14 13:33:45 +0000  copying file ./Payload/ivooxNew.app/ivooxNew.momd/ivooxNew70.mom ... 
2026-04-14 13:33:45 +0000  116270 bytes for ./Payload/ivooxNew.app/ivooxNew.momd/ivooxNew70.mom
2026-04-14 13:33:45 +0000  copying file ./Payload/ivooxNew.app/ivooxNew.momd/ivooxNew3.4.1.mom ... 
2026-04-14 13:33:45 +0000  29534 bytes for ./Payload/ivooxNew.app/ivooxNew.momd/ivooxNew3.4.1.mom
2026-04-14 13:33:45 +0000  copying file ./Payload/ivooxNew.app/ivooxNew.momd/ivooxNew66.mom ... 
2026-04-14 13:33:45 +0000  113145 bytes for ./Payload/ivooxNew.app/ivooxNew.momd/ivooxNew66.mom
2026-04-14 13:33:45 +0000  copying file ./Payload/ivooxNew.app/ivooxNew.momd/ivooxNew3.12.mom ... 
2026-04-14 13:33:45 +0000  33441 bytes for ./Payload/ivooxNew.app/ivooxNew.momd/ivooxNew3.12.mom
2026-04-14 13:33:45 +0000  copying file ./Payload/ivooxNew.app/ivooxNew.momd/ivooxNew67.mom ... 
2026-04-14 13:33:45 +0000  113522 bytes for ./Payload/ivooxNew.app/ivooxNew.momd/ivooxNew67.mom
2026-04-14 13:33:45 +0000  copying file ./Payload/ivooxNew.app/ivooxNew.momd/ivooxNew15.mom ... 
2026-04-14 13:33:45 +0000  34991 bytes for ./Payload/ivooxNew.app/ivooxNew.momd/ivooxNew15.mom
2026-04-14 13:33:45 +0000  copying file ./Payload/ivooxNew.app/ivooxNew.momd/ivooxNew3.8.mom ... 
2026-04-14 13:33:45 +0000  30899 bytes for ./Payload/ivooxNew.app/ivooxNew.momd/ivooxNew3.8.mom
2026-04-14 13:33:45 +0000  copying file ./Payload/ivooxNew.app/ivooxNew.momd/ivooxNew3.1.2.mom ... 
2026-04-14 13:33:45 +0000  28127 bytes for ./Payload/ivooxNew.app/ivooxNew.momd/ivooxNew3.1.2.mom
2026-04-14 13:33:45 +0000  copying file ./Payload/ivooxNew.app/ivooxNew.momd/ivooxNew15.1.mom ... 
2026-04-14 13:33:45 +0000  36292 bytes for ./Payload/ivooxNew.app/ivooxNew.momd/ivooxNew15.1.mom
2026-04-14 13:33:45 +0000  copying file ./Payload/ivooxNew.app/ivooxNew.momd/ivooxNew13.2.1.mom ... 
2026-04-14 13:33:45 +0000  34441 bytes for ./Payload/ivooxNew.app/ivooxNew.momd/ivooxNew13.2.1.mom
2026-04-14 13:33:45 +0000  copying file ./Payload/ivooxNew.app/ivooxNew.momd/ivooxNew39.mom ... 
2026-04-14 13:33:45 +0000  48390 bytes for ./Payload/ivooxNew.app/ivooxNew.momd/ivooxNew39.mom
2026-04-14 13:33:45 +0000  copying file ./Payload/ivooxNew.app/ivooxNew.momd/ivooxNew38.mom ... 
2026-04-14 13:33:45 +0000  47641 bytes for ./Payload/ivooxNew.app/ivooxNew.momd/ivooxNew38.mom
2026-04-14 13:33:45 +0000  copying file ./Payload/ivooxNew.app/LASSItemProgramCell.nib ... 
2026-04-14 13:33:45 +0000  5561 bytes for ./Payload/ivooxNew.app/LASSItemProgramCell.nib
2026-04-14 13:33:45 +0000  copying file ./Payload/ivooxNew.app/LibraryAddSubscriptionSearchSuggestionCell.nib ... 
2026-04-14 13:33:45 +0000  6109 bytes for ./Payload/ivooxNew.app/LibraryAddSubscriptionSearchSuggestionCell.nib
2026-04-14 13:33:45 +0000  copying file ./Payload/ivooxNew.app/PRCarouselCell.nib ... 
2026-04-14 13:33:45 +0000  2067 bytes for ./Payload/ivooxNew.app/PRCarouselCell.nib
2026-04-14 13:33:45 +0000  copying file ./Payload/ivooxNew.app/DAEmailTypeView.nib ... 
2026-04-14 13:33:45 +0000  9831 bytes for ./Payload/ivooxNew.app/DAEmailTypeView.nib
2026-04-14 13:33:45 +0000  copying file ./Payload/ivooxNew.app/RadioRelatedProgramsTableHeader.nib ... 
2026-04-14 13:33:45 +0000  2798 bytes for ./Payload/ivooxNew.app/RadioRelatedProgramsTableHeader.nib
2026-04-14 13:33:45 +0000  copying file ./Payload/ivooxNew.app/ProductsHeaderView.nib ... 
2026-04-14 13:33:45 +0000  4580 bytes for ./Payload/ivooxNew.app/ProductsHeaderView.nib
2026-04-14 13:33:45 +0000  copying file ./Payload/ivooxNew.app/ProgramCollectionCellList.nib ... 
2026-04-14 13:33:45 +0000  7344 bytes for ./Payload/ivooxNew.app/ProgramCollectionCellList.nib
2026-04-14 13:33:45 +0000  copying file ./Payload/ivooxNew.app/ProgramSettingsCell.nib ... 
2026-04-14 13:33:45 +0000  4145 bytes for ./Payload/ivooxNew.app/ProgramSettingsCell.nib
2026-04-14 13:33:45 +0000  copying file ./Payload/ivooxNew.app/embedded.mobileprovision ... 
2026-04-14 13:33:45 +0000  26540 bytes for ./Payload/ivooxNew.app/embedded.mobileprovision
2026-04-14 13:33:45 +0000  copying file ./Payload/ivooxNew.app/DynamicMainHeaderSkeletonReusableView.nib ... 
2026-04-14 13:33:45 +0000  8238 bytes for ./Payload/ivooxNew.app/DynamicMainHeaderSkeletonReusableView.nib
2026-04-14 13:33:45 +0000  copying file ./Payload/ivooxNew.app/NoConnectionView.nib ... 
2026-04-14 13:33:45 +0000  6339 bytes for ./Payload/ivooxNew.app/NoConnectionView.nib
2026-04-14 13:33:45 +0000  copying file ./Payload/ivooxNew.app/CMQTableHeaderView.nib ... 
2026-04-14 13:33:45 +0000  7882 bytes for ./Payload/ivooxNew.app/CMQTableHeaderView.nib
2026-04-14 13:33:45 +0000  copying file ./Payload/ivooxNew.app/DynamicMainHeaderReusableView.nib ... 
2026-04-14 13:33:45 +0000  6229 bytes for ./Payload/ivooxNew.app/DynamicMainHeaderReusableView.nib
2026-04-14 13:33:45 +0000  copying file ./Payload/ivooxNew.app/SurpriseMeTopicsView.nib ... 
2026-04-14 13:33:45 +0000  1229 bytes for ./Payload/ivooxNew.app/SurpriseMeTopicsView.nib
2026-04-14 13:33:45 +0000  copying file ./Payload/ivooxNew.app/LoginWelcomeView.nib ... 
2026-04-14 13:33:45 +0000  6426 bytes for ./Payload/ivooxNew.app/LoginWelcomeView.nib
2026-04-14 13:33:45 +0000  copying file ./Payload/ivooxNew.app/LibrarySearchHeaderViewComponent.nib ... 
2026-04-14 13:33:45 +0000  2406 bytes for ./Payload/ivooxNew.app/LibrarySearchHeaderViewComponent.nib
2026-04-14 13:33:45 +0000  copying file ./Payload/ivooxNew.app/PANavControlsView.nib ... 
2026-04-14 13:33:45 +0000  4595 bytes for ./Payload/ivooxNew.app/PANavControlsView.nib
2026-04-14 13:33:45 +0000  copying file ./Payload/ivooxNew.app/MultiProposalsView.nib ... 
2026-04-14 13:33:45 +0000  3447 bytes for ./Payload/ivooxNew.app/MultiProposalsView.nib
2026-04-14 13:33:45 +0000  copying file ./Payload/ivooxNew.app/AudioPopupInfoCell.nib ... 
2026-04-14 13:33:45 +0000  4554 bytes for ./Payload/ivooxNew.app/AudioPopupInfoCell.nib
2026-04-14 13:33:45 +0000  copying file ./Payload/ivooxNew.app/RadioRelatedProgramsHeaderView.nib ... 
2026-04-14 13:33:45 +0000  9316 bytes for ./Payload/ivooxNew.app/RadioRelatedProgramsHeaderView.nib
2026-04-14 13:33:45 +0000  copying file ./Payload/ivooxNew.app/PreferredCategoryCell.nib ... 
2026-04-14 13:33:45 +0000  3708 bytes for ./Payload/ivooxNew.app/PreferredCategoryCell.nib
2026-04-14 13:33:45 +0000  copying file ./Payload/ivooxNew.app/RSRRadioCell.nib ... 
2026-04-14 13:33:45 +0000  5184 bytes for ./Payload/ivooxNew.app/RSRRadioCell.nib
2026-04-14 13:33:45 +0000  copying file ./Payload/ivooxNew.app/CMQueueHeaderView.nib ... 
2026-04-14 13:33:45 +0000  5608 bytes for ./Payload/ivooxNew.app/CMQueueHeaderView.nib
2026-04-14 13:33:45 +0000  copying file ./Payload/ivooxNew.app/PACoverControlsView.nib ... 
2026-04-14 13:33:45 +0000  2651 bytes for ./Payload/ivooxNew.app/PACoverControlsView.nib
2026-04-14 13:33:45 +0000  copying file ./Payload/ivooxNew.app/FSCardCell.nib ... 
2026-04-14 13:33:45 +0000  7491 bytes for ./Payload/ivooxNew.app/FSCardCell.nib
2026-04-14 13:33:45 +0000  copying file ./Payload/ivooxNew.app/PAPromotionalBannerView.nib ... 
2026-04-14 13:33:45 +0000  4279 bytes for ./Payload/ivooxNew.app/PAPromotionalBannerView.nib
2026-04-14 13:33:45 +0000  copying file ./Payload/ivooxNew.app/LibraryAddSubscriptionSearchHeaderViewComponent.nib ... 
2026-04-14 13:33:45 +0000  2421 bytes for ./Payload/ivooxNew.app/LibraryAddSubscriptionSearchHeaderViewComponent.nib
2026-04-14 13:33:45 +0000  copying file ./Payload/ivooxNew.app/LoginWelcomeWPView.nib ... 
2026-04-14 13:33:45 +0000  8867 bytes for ./Payload/ivooxNew.app/LoginWelcomeWPView.nib
2026-04-14 13:33:45 +0000  copying file ./Payload/ivooxNew.app/CarModeRadioView.nib ... 
2026-04-14 13:33:45 +0000  15447 bytes for ./Payload/ivooxNew.app/CarModeRadioView.nib
2026-04-14 13:33:45 +0000  copying file ./Payload/ivooxNew.app/LibraryHistoricalView.nib ... 
2026-04-14 13:33:45 +0000  3167 bytes for ./Payload/ivooxNew.app/LibraryHistoricalView.nib
2026-04-14 13:33:45 +0000  copying file ./Payload/ivooxNew.app/PAQUpNextCell.nib ... 
2026-04-14 13:33:45 +0000  5131 bytes for ./Payload/ivooxNew.app/PAQUpNextCell.nib
2026-04-14 13:33:45 +0000  copying file ./Payload/ivooxNew.app/PurchasePlusSuccessListItem.nib ... 
2026-04-14 13:33:45 +0000  3538 bytes for ./Payload/ivooxNew.app/PurchasePlusSuccessListItem.nib
2026-04-14 13:33:45 +0000  copying file ./Payload/ivooxNew.app/IVSettingsDetailCell.nib ... 
2026-04-14 13:33:45 +0000  5034 bytes for ./Payload/ivooxNew.app/IVSettingsDetailCell.nib
2026-04-14 13:33:45 +0000  copying file ./Payload/ivooxNew.app/RadioCollectionCellList.nib ... 
2026-04-14 13:33:45 +0000  7857 bytes for ./Payload/ivooxNew.app/RadioCollectionCellList.nib
2026-04-14 13:33:45 +0000  copying file ./Payload/ivooxNew.app/AddMarkerViewController.nib ... 
2026-04-14 13:33:45 +0000  7196 bytes for ./Payload/ivooxNew.app/AddMarkerViewController.nib
2026-04-14 13:33:45 +0000  copying file ./Payload/ivooxNew.app/DPCHeader.nib ... 
2026-04-14 13:33:45 +0000  3977 bytes for ./Payload/ivooxNew.app/DPCHeader.nib
2026-04-14 13:33:45 +0000  copying file ./Payload/ivooxNew.app/PurchasePlusMainView.nib ... 
2026-04-14 13:33:45 +0000  8557 bytes for ./Payload/ivooxNew.app/PurchasePlusMainView.nib
2026-04-14 13:33:45 +0000  copying file ./Payload/ivooxNew.app/PanPickerView.nib ... 
2026-04-14 13:33:45 +0000  2638 bytes for ./Payload/ivooxNew.app/PanPickerView.nib
2026-04-14 13:33:45 +0000  copying file ./Payload/ivooxNew.app/DynamicSectionFooterSkeletonGridReusableView.nib ... 
2026-04-14 13:33:45 +0000  2360 bytes for ./Payload/ivooxNew.app/DynamicSectionFooterSkeletonGridReusableView.nib
2026-04-14 13:33:45 +0000  copying file ./Payload/ivooxNew.app/ContextMenuAudioQueueView.nib ... 
2026-04-14 13:33:45 +0000  5002 bytes for ./Payload/ivooxNew.app/ContextMenuAudioQueueView.nib
2026-04-14 13:33:45 +0000  copying file ./Payload/ivooxNew.app/LoginSignUpView.nib ... 
2026-04-14 13:33:45 +0000  2528 bytes for ./Payload/ivooxNew.app/LoginSignUpView.nib
2026-04-14 13:33:45 +0000  copying file ./Payload/ivooxNew.app/DynamicCampaignView.nib ... 
2026-04-14 13:33:45 +0000  2992 bytes for ./Payload/ivooxNew.app/DynamicCampaignView.nib
2026-04-14 13:33:45 +0000  copying file ./Payload/ivooxNew.app/ExploreTopListsView.nib ... 
2026-04-14 13:33:45 +0000  3165 bytes for ./Payload/ivooxNew.app/ExploreTopListsView.nib
2026-04-14 13:33:45 +0000  copying file ./Payload/ivooxNew.app/PlaylistDetailView.nib ... 
2026-04-14 13:33:45 +0000  3144 bytes for ./Payload/ivooxNew.app/PlaylistDetailView.nib
2026-04-14 13:33:45 +0000  copying file ./Payload/ivooxNew.app/IVHybridSectionTitleCell.nib ... 
2026-04-14 13:33:45 +0000  4603 bytes for ./Payload/ivooxNew.app/IVHybridSectionTitleCell.nib
2026-04-14 13:33:45 +0000  copying file ./Payload/ivooxNew.app/Info.plist ... 
2026-04-14 13:33:45 +0000  6035 bytes for ./Payload/ivooxNew.app/Info.plist
2026-04-14 13:33:45 +0000  copying file ./Payload/ivooxNew.app/CMRelatedProgramsErrorView.nib ... 
4849 bytes for ./Payload/ivooxNew.app/CMRelatedProgramsErrorView.nib
copying file ./Payload/ivooxNew.app/ProgramSettingsView.nib ... 
2026-04-14 13:33:45 +0000  4107 bytes for ./Payload/ivooxNew.app/ProgramSettingsView.nib
2026-04-14 13:33:45 +0000  copying file ./Payload/ivooxNew.app/RCPFooterView.nib ... 
2026-04-14 13:33:45 +0000  2467 bytes for ./Payload/ivooxNew.app/RCPFooterView.nib
2026-04-14 13:33:45 +0000  copying file ./Payload/ivooxNew.app/TooltipView.nib ... 
2026-04-14 13:33:45 +0000  3196 bytes for ./Payload/ivooxNew.app/TooltipView.nib
2026-04-14 13:33:45 +0000  copying file ./Payload/ivooxNew.app/ExploreiVooxPlusListViewComponent.nib ... 
2026-04-14 13:33:45 +0000  1880 bytes for ./Payload/ivooxNew.app/ExploreiVooxPlusListViewComponent.nib
2026-04-14 13:33:45 +0000  copying file ./Payload/ivooxNew.app/LoginPassRecoveryView.nib ... 
2026-04-14 13:33:45 +0000  3994 bytes for ./Payload/ivooxNew.app/LoginPassRecoveryView.nib
2026-04-14 13:33:45 +0000  copying file ./Payload/ivooxNew.app/RSRErrorView.nib ... 
2026-04-14 13:33:45 +0000  3960 bytes for ./Payload/ivooxNew.app/RSRErrorView.nib
2026-04-14 13:33:45 +0000  copying file ./Payload/ivooxNew.app/PaginatorFooterView.nib ... 
2026-04-14 13:33:45 +0000  2054 bytes for ./Payload/ivooxNew.app/PaginatorFooterView.nib
2026-04-14 13:33:45 +0000  copying file ./Payload/ivooxNew.app/DynamicGalleryItemVC.nib ... 
2026-04-14 13:33:45 +0000  5441 bytes for ./Payload/ivooxNew.app/DynamicGalleryItemVC.nib
2026-04-14 13:33:45 +0000  copying file ./Payload/ivooxNew.app/PkgInfo ... 
2026-04-14 13:33:45 +0000  8 bytes for ./Payload/ivooxNew.app/PkgInfo
2026-04-14 13:33:45 +0000  copying file ./Payload/ivooxNew.app/ExploreRankingView.nib ... 
2026-04-14 13:33:45 +0000  3164 bytes for ./Payload/ivooxNew.app/ExploreRankingView.nib
2026-04-14 13:33:45 +0000  copying file ./Payload/ivooxNew.app/PurchasePlusMainCarouselPlaceholderItem.nib ... 
2026-04-14 13:33:45 +0000  2990 bytes for ./Payload/ivooxNew.app/PurchasePlusMainCarouselPlaceholderItem.nib
2026-04-14 13:33:45 +0000  copying file ./Payload/ivooxNew.app/LMPodmarksEmptyView.nib ... 
2026-04-14 13:33:45 +0000  5310 bytes for ./Payload/ivooxNew.app/LMPodmarksEmptyView.nib
2026-04-14 13:33:45 +0000  copying file ./Payload/ivooxNew.app/IVPremiumSuccessViewController.nib ... 
2026-04-14 13:33:45 +0000  4930 bytes for ./Payload/ivooxNew.app/IVPremiumSuccessViewController.nib
2026-04-14 13:33:45 +0000  copying file ./Payload/ivooxNew.app/PurchasePlusSuccessListView.nib ... 
2026-04-14 13:33:45 +0000  2537 bytes for ./Payload/ivooxNew.app/PurchasePlusSuccessListView.nib
2026-04-14 13:33:45 +0000  copying file ./Payload/ivooxNew.app/ca.lproj/IVMainConfig.plist ... 
2026-04-14 13:33:45 +0000  1504 bytes for ./Payload/ivooxNew.app/ca.lproj/IVMainConfig.plist
2026-04-14 13:33:45 +0000  copying file ./Payload/ivooxNew.app/ca.lproj/Localizable.strings ... 
2026-04-14 13:33:45 +0000  208555 bytes for ./Payload/ivooxNew.app/ca.lproj/Localizable.strings
2026-04-14 13:33:45 +0000  copying file ./Payload/ivooxNew.app/ca.lproj/InfoPlist.strings ... 
2026-04-14 13:33:45 +0000  208 bytes for ./Payload/ivooxNew.app/ca.lproj/InfoPlist.strings
2026-04-14 13:33:45 +0000  copying file ./Payload/ivooxNew.app/ca.lproj/Localizable.stringsdict ... 
2026-04-14 13:33:45 +0000  1056 bytes for ./Payload/ivooxNew.app/ca.lproj/Localizable.stringsdict
2026-04-14 13:33:45 +0000  copying file ./Payload/ivooxNew.app/ca.lproj/LocalizablePlurals.strings ... 
2026-04-14 13:33:45 +0000  2632 bytes for ./Payload/ivooxNew.app/ca.lproj/LocalizablePlurals.strings
2026-04-14 13:33:45 +0000  copying file ./Payload/ivooxNew.app/ca.lproj/ReleaseNotes.plist ... 
2026-04-14 13:33:45 +0000  168 bytes for ./Payload/ivooxNew.app/ca.lproj/ReleaseNotes.plist
2026-04-14 13:33:45 +0000  copying file ./Payload/ivooxNew.app/SystemTheme-Light.plist ... 
2026-04-14 13:33:45 +0000  1704 bytes for ./Payload/ivooxNew.app/SystemTheme-Light.plist
2026-04-14 13:33:45 +0000  copying file ./Payload/ivooxNew.app/CMRPLoaderCell.nib ... 
2026-04-14 13:33:45 +0000  2281 bytes for ./Payload/ivooxNew.app/CMRPLoaderCell.nib
2026-04-14 13:33:45 +0000  copying file ./Payload/ivooxNew.app/SectionRectangleCarouselCell.nib ... 
2026-04-14 13:33:45 +0000  1530 bytes for ./Payload/ivooxNew.app/SectionRectangleCarouselCell.nib
2026-04-14 13:33:45 +0000  copying file ./Payload/ivooxNew.app/DynamicCarouselCell.nib ... 
2026-04-14 13:33:45 +0000  7421 bytes for ./Payload/ivooxNew.app/DynamicCarouselCell.nib
2026-04-14 13:33:45 +0000  copying file ./Payload/ivooxNew.app/LibraryDownloadsView.nib ... 
2026-04-14 13:33:45 +0000  3166 bytes for ./Payload/ivooxNew.app/LibraryDownloadsView.nib
2026-04-14 13:33:45 +0000  copying file ./Payload/ivooxNew.app/LoginWelcomeWPPaidProgramView.nib ... 
2026-04-14 13:33:45 +0000  4796 bytes for ./Payload/ivooxNew.app/LoginWelcomeWPPaidProgramView.nib
2026-04-14 13:33:45 +0000  copying file ./Payload/ivooxNew.app/ProgramPostImageVideoCell.nib ... 
2026-04-14 13:33:45 +0000  10095 bytes for ./Payload/ivooxNew.app/ProgramPostImageVideoCell.nib
2026-04-14 13:33:45 +0000  copying file ./Payload/ivooxNew.app/ProgramDetailView.nib ... 
2026-04-14 13:33:45 +0000  3193 bytes for ./Payload/ivooxNew.app/ProgramDetailView.nib
2026-04-14 13:33:45 +0000  copying file ./Payload/ivooxNew.app/ExploreDetailOnDemandHeaderViewComponent.nib ... 
2026-04-14 13:33:45 +0000  2414 bytes for ./Payload/ivooxNew.app/ExploreDetailOnDemandHeaderViewComponent.nib
2026-04-14 13:33:45 +0000  copying file ./Payload/ivooxNew.app/PurchaseInAppFAQView.nib ... 
2026-04-14 13:33:45 +0000  3676 bytes for ./Payload/ivooxNew.app/PurchaseInAppFAQView.nib
2026-04-14 13:33:45 +0000  /usr/bin/ditto exited with 0
2026-04-14 13:33:45 +0000  Processing step: IDEDistributionAppStoreInformationStep
2026-04-14 13:33:45 +0000  Skipping step: IDEDistributionAppStoreInformationStep because it said so
2026-04-14 13:33:45 +0000  Processing step: IDEDistributionGenerateProcessedDistributionItems
2026-04-14 13:33:46 +0000  IDEDistributionItem init <DVTFilePath:0x7c64c6f40:'/var/folders/8p/5rgt27mj0jdb7dcpxdl3t5p80000gn/T/XcodeDistPipeline.~~~jGsUBi/Root/Payload/ivooxNew.app/Frameworks/FBAEMKit.framework'>
2026-04-14 13:33:46 +0000  IDEDistributionItem init <DVTFilePath:0x7c64c6760:'/var/folders/8p/5rgt27mj0jdb7dcpxdl3t5p80000gn/T/XcodeDistPipeline.~~~jGsUBi/Root/Payload/ivooxNew.app/Frameworks/AFNetworking.framework'>
2026-04-14 13:33:46 +0000  IDEDistributionItem init <DVTFilePath:0x7990fd700:'/var/folders/8p/5rgt27mj0jdb7dcpxdl3t5p80000gn/T/XcodeDistPipeline.~~~jGsUBi/Root/Payload/ivooxNew.app/PlugIns/RichNotificationsExtensionUI.appex'>
2026-04-14 13:33:46 +0000  IDEDistributionItem init <DVTFilePath:0x7990fdf00:'/var/folders/8p/5rgt27mj0jdb7dcpxdl3t5p80000gn/T/XcodeDistPipeline.~~~jGsUBi/Root/Payload/ivooxNew.app/Frameworks/FirebaseRemoteConfigInterop.framework'>
2026-04-14 13:33:46 +0000  IDEDistributionItem init <DVTFilePath:0x7c64c7f70:'/var/folders/8p/5rgt27mj0jdb7dcpxdl3t5p80000gn/T/XcodeDistPipeline.~~~jGsUBi/Root/Payload/ivooxNew.app/Frameworks/MZAppearance.framework'>
2026-04-14 13:33:46 +0000  IDEDistributionItem init <DVTFilePath:0x7b8b70150:'/var/folders/8p/5rgt27mj0jdb7dcpxdl3t5p80000gn/T/XcodeDistPipeline.~~~jGsUBi/Root/Payload/ivooxNew.app/Frameworks/MoEngageMessaging.framework'>
2026-04-14 13:33:46 +0000  IDEDistributionItem init <DVTFilePath:0x7c64c67d0:'/var/folders/8p/5rgt27mj0jdb7dcpxdl3t5p80000gn/T/XcodeDistPipeline.~~~jGsUBi/Root/Payload/ivooxNew.app/Frameworks/AdjustSigSdk.framework'>
2026-04-14 13:33:46 +0000  IDEDistributionItem init <DVTFilePath:0x7990fff00:'/var/folders/8p/5rgt27mj0jdb7dcpxdl3t5p80000gn/T/XcodeDistPipeline.~~~jGsUBi/Root/Payload/ivooxNew.app/Frameworks/MoEngageTriggerEvaluator.framework'>
2026-04-14 13:33:46 +0000  IDEDistributionItem init <DVTFilePath:0x7c64c6fb0:'/var/folders/8p/5rgt27mj0jdb7dcpxdl3t5p80000gn/T/XcodeDistPipeline.~~~jGsUBi/Root/Payload/ivooxNew.app/Frameworks/FirebaseCore.framework'>
2026-04-14 13:33:46 +0000  IDEDistributionItem init <DVTFilePath:0x7c64c7020:'/var/folders/8p/5rgt27mj0jdb7dcpxdl3t5p80000gn/T/XcodeDistPipeline.~~~jGsUBi/Root/Payload/ivooxNew.app/Frameworks/FBLPromises.framework'>
2026-04-14 13:33:46 +0000  IDEDistributionItem init <DVTFilePath:0x7c46e73a0:'/var/folders/8p/5rgt27mj0jdb7dcpxdl3t5p80000gn/T/XcodeDistPipeline.~~~jGsUBi/Root/Payload/ivooxNew.app/Frameworks/PanModal.framework'>
2026-04-14 13:33:46 +0000  IDEDistributionItem init <DVTFilePath:0x7c64c6060:'/var/folders/8p/5rgt27mj0jdb7dcpxdl3t5p80000gn/T/XcodeDistPipeline.~~~jGsUBi/Root/Payload/ivooxNew.app/Frameworks/AdjustSdk.framework'>
2026-04-14 13:33:46 +0000  IDEDistributionItem init <DVTFilePath:0x7c46e5c00:'/var/folders/8p/5rgt27mj0jdb7dcpxdl3t5p80000gn/T/XcodeDistPipeline.~~~jGsUBi/Root/Payload/ivooxNew.app/Frameworks/nanopb.framework'>
2026-04-14 13:33:46 +0000  IDEDistributionItem init <DVTFilePath:0x7c46e4c40:'/var/folders/8p/5rgt27mj0jdb7dcpxdl3t5p80000gn/T/XcodeDistPipeline.~~~jGsUBi/Root/Payload/ivooxNew.app/Frameworks/MoEngageSDK.framework'>
2026-04-14 13:33:46 +0000  IDEDistributionItem init <DVTFilePath:0x7c64c7870:'/var/folders/8p/5rgt27mj0jdb7dcpxdl3t5p80000gn/T/XcodeDistPipeline.~~~jGsUBi/Root/Payload/ivooxNew.app/Frameworks/Kingfisher.framework'>
2026-04-14 13:33:46 +0000  IDEDistributionItem init <DVTFilePath:0x7c46e7410:'/var/folders/8p/5rgt27mj0jdb7dcpxdl3t5p80000gn/T/XcodeDistPipeline.~~~jGsUBi/Root/Payload/ivooxNew.app/Frameworks/Permutive_iOS.framework'>
2026-04-14 13:33:46 +0000  IDEDistributionItem init <DVTFilePath:0x7c64c7090:'/var/folders/8p/5rgt27mj0jdb7dcpxdl3t5p80000gn/T/XcodeDistPipeline.~~~jGsUBi/Root/Payload/ivooxNew.app/Frameworks/Clarity.framework'>
2026-04-14 13:33:46 +0000  IDEDistributionItem init <DVTFilePath:0x7c64c68b0:'/var/folders/8p/5rgt27mj0jdb7dcpxdl3t5p80000gn/T/XcodeDistPipeline.~~~jGsUBi/Root/Payload/ivooxNew.app/Frameworks/GoogleUtilities.framework'>
2026-04-14 13:33:46 +0000  IDEDistributionItem init <DVTFilePath:0x7c64c78e0:'/var/folders/8p/5rgt27mj0jdb7dcpxdl3t5p80000gn/T/XcodeDistPipeline.~~~jGsUBi/Root/Payload/ivooxNew.app/Frameworks/FirebaseABTesting.framework'>
2026-04-14 13:33:46 +0000  IDEDistributionItem init <DVTFilePath:0x7990fd880:'/var/folders/8p/5rgt27mj0jdb7dcpxdl3t5p80000gn/T/XcodeDistPipeline.~~~jGsUBi/Root/Payload/ivooxNew.app/Frameworks/MoEngageRichNotification.framework'>
2026-04-14 13:33:46 +0000  IDEDistributionItem init <DVTFilePath:0x7c46e5ce0:'/var/folders/8p/5rgt27mj0jdb7dcpxdl3t5p80000gn/T/XcodeDistPipeline.~~~jGsUBi/Root/Payload/ivooxNew.app/Frameworks/GTMAppAuth.framework'>
2026-04-14 13:33:46 +0000  IDEDistributionItem init <DVTFilePath:0x7c64c6990:'/var/folders/8p/5rgt27mj0jdb7dcpxdl3t5p80000gn/T/XcodeDistPipeline.~~~jGsUBi/Root/Payload/ivooxNew.app/Frameworks/FBSDKCoreKit_Basics.framework'>
2026-04-14 13:33:46 +0000  IDEDistributionItem init <DVTFilePath:0x7990fe900:'/var/folders/8p/5rgt27mj0jdb7dcpxdl3t5p80000gn/T/XcodeDistPipeline.~~~jGsUBi/Root/Payload/ivooxNew.app/Frameworks/MZFormSheetPresentationController.framework'>
2026-04-14 13:33:46 +0000  IDEDistributionItem init <DVTFilePath:0x7c46e7d40:'/var/folders/8p/5rgt27mj0jdb7dcpxdl3t5p80000gn/T/XcodeDistPipeline.~~~jGsUBi/Root/Payload/ivooxNew.app/Frameworks/FirebaseRemoteConfig.framework'>
2026-04-14 13:33:46 +0000  IDEDistributionItem init <DVTFilePath:0x7c64c79c0:'/var/folders/8p/5rgt27mj0jdb7dcpxdl3t5p80000gn/T/XcodeDistPipeline.~~~jGsUBi/Root/Payload/ivooxNew.app/Frameworks/GoogleSignIn.framework'>
2026-04-14 13:33:46 +0000  IDEDistributionItem init <DVTFilePath:0x7c4694fc0:'/var/folders/8p/5rgt27mj0jdb7dcpxdl3t5p80000gn/T/XcodeDistPipeline.~~~jGsUBi/Root/Payload/ivooxNew.app/Frameworks/PromiseKit.framework'>
2026-04-14 13:33:46 +0000  IDEDistributionItem init <DVTFilePath:0x7c64c71e0:'/var/folders/8p/5rgt27mj0jdb7dcpxdl3t5p80000gn/T/XcodeDistPipeline.~~~jGsUBi/Root/Payload/ivooxNew.app/Frameworks/ComScore.framework'>
2026-04-14 13:33:46 +0000  IDEDistributionItem init <DVTFilePath:0x7c64c6450:'/var/folders/8p/5rgt27mj0jdb7dcpxdl3t5p80000gn/T/XcodeDistPipeline.~~~jGsUBi/Root/Payload/ivooxNew.app/Watch/iVooxWatch.app/Frameworks/DeviceKit.framework'>
2026-04-14 13:33:46 +0000  IDEDistributionItem init <DVTFilePath:0x7c64c6680:'/var/folders/8p/5rgt27mj0jdb7dcpxdl3t5p80000gn/T/XcodeDistPipeline.~~~jGsUBi/Root/Payload/ivooxNew.app/Watch/iVooxWatch.app/Frameworks/ObjectMapper.framework'>
2026-04-14 13:33:46 +0000  IDEDistributionItem init <DVTFilePath:0x7c66f0f60:'/var/folders/8p/5rgt27mj0jdb7dcpxdl3t5p80000gn/T/XcodeDistPipeline.~~~jGsUBi/Root/Payload/ivooxNew.app/Watch/iVooxWatch.app/Frameworks/Moya.framework'>
2026-04-14 13:33:46 +0000  IDEDistributionItem init <DVTFilePath:0x7c64c65a0:'/var/folders/8p/5rgt27mj0jdb7dcpxdl3t5p80000gn/T/XcodeDistPipeline.~~~jGsUBi/Root/Payload/ivooxNew.app/Watch/iVooxWatch.app/Frameworks/RxSwift.framework'>
2026-04-14 13:33:46 +0000  IDEDistributionItem init <DVTFilePath:0x7c64c60d0:'/var/folders/8p/5rgt27mj0jdb7dcpxdl3t5p80000gn/T/XcodeDistPipeline.~~~jGsUBi/Root/Payload/ivooxNew.app/Watch/iVooxWatch.app/Frameworks/Alamofire.framework'>
2026-04-14 13:33:46 +0000  IDEDistributionItem init <DVTFilePath:0x7c66f0e40:'/var/folders/8p/5rgt27mj0jdb7dcpxdl3t5p80000gn/T/XcodeDistPipeline.~~~jGsUBi/Root/Payload/ivooxNew.app/Watch/iVooxWatch.app/Frameworks/Realm.framework'>
2026-04-14 13:33:46 +0000  IDEDistributionItem init <DVTFilePath:0x7c64c6df0:'/var/folders/8p/5rgt27mj0jdb7dcpxdl3t5p80000gn/T/XcodeDistPipeline.~~~jGsUBi/Root/Payload/ivooxNew.app/Watch/iVooxWatch.app/Frameworks/Kingfisher.framework'>
2026-04-14 13:33:46 +0000  IDEDistributionItem init <DVTFilePath:0x7c64c6840:'/var/folders/8p/5rgt27mj0jdb7dcpxdl3t5p80000gn/T/XcodeDistPipeline.~~~jGsUBi/Root/Payload/ivooxNew.app/Watch/iVooxWatch.app/Frameworks/RealmSwift.framework'>
2026-04-14 13:33:46 +0000  IDEDistributionItem init <DVTFilePath:0x7c66f2be0:'/var/folders/8p/5rgt27mj0jdb7dcpxdl3t5p80000gn/T/XcodeDistPipeline.~~~jGsUBi/Root/Payload/ivooxNew.app/Watch/iVooxWatch.app'>
2026-04-14 13:33:46 +0000  IDEDistributionItem init <DVTFilePath:0x7c66f0420:'/var/folders/8p/5rgt27mj0jdb7dcpxdl3t5p80000gn/T/XcodeDistPipeline.~~~jGsUBi/Root/Payload/ivooxNew.app/Frameworks/Batch.framework'>
2026-04-14 13:33:46 +0000  IDEDistributionItem init <DVTFilePath:0x7c64c7250:'/var/folders/8p/5rgt27mj0jdb7dcpxdl3t5p80000gn/T/XcodeDistPipeline.~~~jGsUBi/Root/Payload/ivooxNew.app/Frameworks/FirebaseCoreExtension.framework'>
2026-04-14 13:33:46 +0000  IDEDistributionItem init <DVTFilePath:0x7990fd200:'/var/folders/8p/5rgt27mj0jdb7dcpxdl3t5p80000gn/T/XcodeDistPipeline.~~~jGsUBi/Root/Payload/ivooxNew.app/Frameworks/MoEngageKMMConditionEvaluator.framework'>
2026-04-14 13:33:46 +0000  IDEDistributionItem init <DVTFilePath:0x7c46e5650:'/var/folders/8p/5rgt27mj0jdb7dcpxdl3t5p80000gn/T/XcodeDistPipeline.~~~jGsUBi/Root/Payload/ivooxNew.app/Frameworks/LPSnackbar.framework'>
2026-04-14 13:33:46 +0000  IDEDistributionItem init <DVTFilePath:0x7c64c6ae0:'/var/folders/8p/5rgt27mj0jdb7dcpxdl3t5p80000gn/T/XcodeDistPipeline.~~~jGsUBi/Root/Payload/ivooxNew.app/Frameworks/AnalyticsConnector.framework'>
2026-04-14 13:33:46 +0000  IDEDistributionItem init <DVTFilePath:0x7bf3e5420:'/var/folders/8p/5rgt27mj0jdb7dcpxdl3t5p80000gn/T/XcodeDistPipeline.~~~jGsUBi/Root/Payload/ivooxNew.app/Frameworks/MoEngageInApps.framework'>
2026-04-14 13:33:46 +0000  IDEDistributionItem init <DVTFilePath:0x7c64c4bd0:'/var/folders/8p/5rgt27mj0jdb7dcpxdl3t5p80000gn/T/XcodeDistPipeline.~~~jGsUBi/Root/Payload/ivooxNew.app/PlugIns/WidgetExtension.appex'>
2026-04-14 13:33:46 +0000  IDEDistributionItem init <DVTFilePath:0x7c46e7f00:'/var/folders/8p/5rgt27mj0jdb7dcpxdl3t5p80000gn/T/XcodeDistPipeline.~~~jGsUBi/Root/Payload/ivooxNew.app/Frameworks/MoEngageCore.framework'>
2026-04-14 13:33:46 +0000  IDEDistributionItem init <DVTFilePath:0x7c64c7b80:'/var/folders/8p/5rgt27mj0jdb7dcpxdl3t5p80000gn/T/XcodeDistPipeline.~~~jGsUBi/Root/Payload/ivooxNew.app/Frameworks/FirebaseCoreInternal.framework'>
2026-04-14 13:33:46 +0000  IDEDistributionItem init <DVTFilePath:0x7c46e6f40:'/var/folders/8p/5rgt27mj0jdb7dcpxdl3t5p80000gn/T/XcodeDistPipeline.~~~jGsUBi/Root/Payload/ivooxNew.app/Frameworks/MoEngageSecurity.framework'>
2026-04-14 13:33:46 +0000  IDEDistributionItem init <DVTFilePath:0x7c64c6bc0:'/var/folders/8p/5rgt27mj0jdb7dcpxdl3t5p80000gn/T/XcodeDistPipeline.~~~jGsUBi/Root/Payload/ivooxNew.app/Frameworks/Amplitude.framework'>
2026-04-14 13:33:46 +0000  IDEDistributionItem init <DVTFilePath:0x7c64c73a0:'/var/folders/8p/5rgt27mj0jdb7dcpxdl3t5p80000gn/T/XcodeDistPipeline.~~~jGsUBi/Root/Payload/ivooxNew.app/Frameworks/FBSDKCoreKit.framework'>
2026-04-14 13:33:46 +0000  IDEDistributionItem init <DVTFilePath:0x7c64c7bf0:'/var/folders/8p/5rgt27mj0jdb7dcpxdl3t5p80000gn/T/XcodeDistPipeline.~~~jGsUBi/Root/Payload/ivooxNew.app/Frameworks/Mantle.framework'>
2026-04-14 13:33:46 +0000  IDEDistributionItem init <DVTFilePath:0x7c64c7410:'/var/folders/8p/5rgt27mj0jdb7dcpxdl3t5p80000gn/T/XcodeDistPipeline.~~~jGsUBi/Root/Payload/ivooxNew.app/Frameworks/CancellablePromiseKit.framework'>
2026-04-14 13:33:46 +0000  IDEDistributionItem init <DVTFilePath:0x7c64c6c30:'/var/folders/8p/5rgt27mj0jdb7dcpxdl3t5p80000gn/T/XcodeDistPipeline.~~~jGsUBi/Root/Payload/ivooxNew.app/Frameworks/BatchExtension.framework'>
2026-04-14 13:33:46 +0000  IDEDistributionItem init <DVTFilePath:0x7b6dfcbd0:'/var/folders/8p/5rgt27mj0jdb7dcpxdl3t5p80000gn/T/XcodeDistPipeline.~~~jGsUBi/Root/Payload/ivooxNew.app/Frameworks/PaginatedScrollView.framework'>
2026-04-14 13:33:46 +0000  IDEDistributionItem init <DVTFilePath:0x7c64c7c60:'/var/folders/8p/5rgt27mj0jdb7dcpxdl3t5p80000gn/T/XcodeDistPipeline.~~~jGsUBi/Root/Payload/ivooxNew.app/Frameworks/MagicalRecord.framework'>
2026-04-14 13:33:46 +0000  IDEDistributionItem init <DVTFilePath:0x7c64c6ca0:'/var/folders/8p/5rgt27mj0jdb7dcpxdl3t5p80000gn/T/XcodeDistPipeline.~~~jGsUBi/Root/Payload/ivooxNew.app/Frameworks/FBSDKLoginKit.framework'>
2026-04-14 13:33:46 +0000  IDEDistributionItem init <DVTFilePath:0x7c4696a70:'/var/folders/8p/5rgt27mj0jdb7dcpxdl3t5p80000gn/T/XcodeDistPipeline.~~~jGsUBi/Root/Payload/ivooxNew.app/Frameworks/SwipeCellKit.framework'>
2026-04-14 13:33:46 +0000  IDEDistributionItem init <DVTFilePath:0x7c64c7cd0:'/var/folders/8p/5rgt27mj0jdb7dcpxdl3t5p80000gn/T/XcodeDistPipeline.~~~jGsUBi/Root/Payload/ivooxNew.app/Frameworks/FirebaseSessions.framework'>
2026-04-14 13:33:46 +0000  IDEDistributionItem init <DVTFilePath:0x7990fdc80:'/var/folders/8p/5rgt27mj0jdb7dcpxdl3t5p80000gn/T/XcodeDistPipeline.~~~jGsUBi/Root/Payload/ivooxNew.app/PlugIns/RichNotificationsExtension.appex'>
2026-04-14 13:33:46 +0000  IDEDistributionItem init <DVTFilePath:0x7c46e58f0:'/var/folders/8p/5rgt27mj0jdb7dcpxdl3t5p80000gn/T/XcodeDistPipeline.~~~jGsUBi/Root/Payload/ivooxNew.app/Frameworks/SkeletonView.framework'>
2026-04-14 13:33:46 +0000  IDEDistributionItem init <DVTFilePath:0x7c64c7d40:'/var/folders/8p/5rgt27mj0jdb7dcpxdl3t5p80000gn/T/XcodeDistPipeline.~~~jGsUBi/Root/Payload/ivooxNew.app/Frameworks/MoEngageCampaignsCore.framework'>
2026-04-14 13:33:46 +0000  IDEDistributionItem init <DVTFilePath:0x7c64c7560:'/var/folders/8p/5rgt27mj0jdb7dcpxdl3t5p80000gn/T/XcodeDistPipeline.~~~jGsUBi/Root/Payload/ivooxNew.app/Frameworks/FirebaseCrashlytics.framework'>
2026-04-14 13:33:46 +0000  IDEDistributionItem init <DVTFilePath:0x7c64c6d80:'/var/folders/8p/5rgt27mj0jdb7dcpxdl3t5p80000gn/T/XcodeDistPipeline.~~~jGsUBi/Root/Payload/ivooxNew.app/Frameworks/FBSDKShareKit.framework'>
2026-04-14 13:33:46 +0000  IDEDistributionItem init <DVTFilePath:0x7c4697b10:'/var/folders/8p/5rgt27mj0jdb7dcpxdl3t5p80000gn/T/XcodeDistPipeline.~~~jGsUBi/Root/Payload/ivooxNew.app/Frameworks/Promises.framework'>
2026-04-14 13:33:46 +0000  IDEDistributionItem init <DVTFilePath:0x7c64c7db0:'/var/folders/8p/5rgt27mj0jdb7dcpxdl3t5p80000gn/T/XcodeDistPipeline.~~~jGsUBi/Root/Payload/ivooxNew.app/Frameworks/MarqueeLabel.framework'>
2026-04-14 13:33:46 +0000  IDEDistributionItem init <DVTFilePath:0x7c64c4620:'/var/folders/8p/5rgt27mj0jdb7dcpxdl3t5p80000gn/T/XcodeDistPipeline.~~~jGsUBi/Root/Payload/ivooxNew.app/Frameworks/GTMSessionFetcher.framework'>
2026-04-14 13:33:46 +0000  IDEDistributionItem init <DVTFilePath:0x7c64c6610:'/var/folders/8p/5rgt27mj0jdb7dcpxdl3t5p80000gn/T/XcodeDistPipeline.~~~jGsUBi/Root/Payload/ivooxNew.app/Frameworks/AppAuth.framework'>
2026-04-14 13:33:46 +0000  IDEDistributionItem init <DVTFilePath:0x7c46e59d0:'/var/folders/8p/5rgt27mj0jdb7dcpxdl3t5p80000gn/T/XcodeDistPipeline.~~~jGsUBi/Root/Payload/ivooxNew.app/Frameworks/FirebaseInstallations.framework'>
2026-04-14 13:33:46 +0000  IDEDistributionItem init <DVTFilePath:0x7c64c7e20:'/var/folders/8p/5rgt27mj0jdb7dcpxdl3t5p80000gn/T/XcodeDistPipeline.~~~jGsUBi/Root/Payload/ivooxNew.app/Frameworks/MBProgressHUD.framework'>
2026-04-14 13:33:46 +0000  IDEDistributionItem init <DVTFilePath:0x7c64c7640:'/var/folders/8p/5rgt27mj0jdb7dcpxdl3t5p80000gn/T/XcodeDistPipeline.~~~jGsUBi/Root/Payload/ivooxNew.app/Frameworks/FSPagerView.framework'>
2026-04-14 13:33:46 +0000  IDEDistributionItem init <DVTFilePath:0x7990fce00:'/var/folders/8p/5rgt27mj0jdb7dcpxdl3t5p80000gn/T/XcodeDistPipeline.~~~jGsUBi/Root/Payload/ivooxNew.app/Frameworks/TTTLocalizedPluralString.framework'>
2026-04-14 13:33:46 +0000  IDEDistributionItem init <DVTFilePath:0x7c68c1620:'/var/folders/8p/5rgt27mj0jdb7dcpxdl3t5p80000gn/T/XcodeDistPipeline.~~~jGsUBi/Root/Payload/ivooxNew.app/Frameworks/Toast.framework'>
2026-04-14 13:33:46 +0000  IDEDistributionItem init <DVTFilePath:0x7c64c56c0:'/var/folders/8p/5rgt27mj0jdb7dcpxdl3t5p80000gn/T/XcodeDistPipeline.~~~jGsUBi/Root/Payload/ivooxNew.app/Frameworks/FormatterKit.framework'>
2026-04-14 13:33:46 +0000  IDEDistributionItem init <DVTFilePath:0x7c64c7e90:'/var/folders/8p/5rgt27mj0jdb7dcpxdl3t5p80000gn/T/XcodeDistPipeline.~~~jGsUBi/Root/Payload/ivooxNew.app/Frameworks/FirebaseSharedSwift.framework'>
2026-04-14 13:33:46 +0000  IDEDistributionItem init <DVTFilePath:0x7c64c76b0:'/var/folders/8p/5rgt27mj0jdb7dcpxdl3t5p80000gn/T/XcodeDistPipeline.~~~jGsUBi/Root/Payload/ivooxNew.app/Frameworks/GoogleDataTransport.framework'>
2026-04-14 13:33:46 +0000  IDEDistributionItem init <DVTFilePath:0x7c64c6ed0:'/var/folders/8p/5rgt27mj0jdb7dcpxdl3t5p80000gn/T/XcodeDistPipeline.~~~jGsUBi/Root/Payload/ivooxNew.app/Frameworks/Didomi.framework'>
2026-04-14 13:33:46 +0000  IDEDistributionItem init <DVTFilePath:0x7990fce80:'/var/folders/8p/5rgt27mj0jdb7dcpxdl3t5p80000gn/T/XcodeDistPipeline.~~~jGsUBi/Root/Payload/ivooxNew.app/Frameworks/GoogleInteractiveMediaAds.framework'>
2026-04-14 13:33:46 +0000  IDEDistributionItem init <DVTFilePath:0x7c46e5ab0:'/var/folders/8p/5rgt27mj0jdb7dcpxdl3t5p80000gn/T/XcodeDistPipeline.~~~jGsUBi/Root/Payload/ivooxNew.app/Frameworks/libextobjc.framework'>
2026-04-14 13:33:46 +0000  IDEDistributionItem init <DVTFilePath:0x7c64c7f00:'/var/folders/8p/5rgt27mj0jdb7dcpxdl3t5p80000gn/T/XcodeDistPipeline.~~~jGsUBi/Root/Payload/ivooxNew.app/Frameworks/Lottie.framework'>
2026-04-14 13:33:46 +0000  IDEDistributionItem init <DVTFilePath:0x7c68c0660:'/var/folders/8p/5rgt27mj0jdb7dcpxdl3t5p80000gn/T/XcodeDistPipeline.~~~jGsUBi/Root/Payload/ivooxNew.app'>
2026-04-14 13:33:46 +0000  Processing step: IDEDistributionCreateManifestStep
